model,seed,round,epoch,complete,coverage,original_loss,tag,queries,output,dense_full,mmr_full,reachable_full,tokens,lost_dense_full,gained_dense_full,lost_mmr_full,gained_mmr_full
v5-H1,1729,0,0,0.59375,0.796875,0.5481061283499002,hotpot,64,0.925429258661013,0.828125,0.703125,0.9375,755.234375,16.0,1.0,11.0,4.0
v5-H1,1729,0,0,0.265625,0.5807291666666666,0.5481061283499002,musique,64,0.9047446068913234,0.265625,0.265625,0.65625,909.15625,5.0,5.0,6.0,6.0
v5-H2,1729,0,0,0.640625,0.828125,0.3971729585900903,hotpot,64,0.9866529417267911,0.828125,0.703125,0.9375,896.609375,14.0,2.0,8.0,4.0
v5-H2,1729,0,0,0.234375,0.56640625,0.3971729585900903,musique,64,0.9549274617912042,0.265625,0.265625,0.65625,943.4375,4.0,2.0,5.0,3.0
v5-DeepSets,1729,0,0,0.671875,0.8411458333333333,0.37888429313898087,hotpot,64,0.9954112290554503,0.828125,0.703125,0.9375,875.578125,12.0,2.0,7.0,5.0
v5-DeepSets,1729,0,0,0.21875,0.5625,0.37888429313898087,musique,64,0.978833654688159,0.265625,0.265625,0.65625,911.90625,5.0,2.0,5.0,2.0
v5-H4,1729,0,0,0.671875,0.8411458333333333,0.3767526000738144,hotpot,64,0.997097211866009,0.828125,0.703125,0.9375,904.640625,12.0,2.0,7.0,5.0
v5-H4,1729,0,0,0.234375,0.5638020833333334,0.3767526000738144,musique,64,0.9678130647491899,0.265625,0.265625,0.65625,918.578125,3.0,1.0,4.0,2.0
H1,1729,1,2,0.75,0.8828125,0.5638482328504324,hotpot,64,0.838328495104834,0.828125,0.703125,0.9375,647.65625,7.0,2.0,4.0,7.0
H1,1729,1,2,0.265625,0.5390625,0.5638482328504324,musique,64,0.6351166481229557,0.265625,0.265625,0.65625,706.5625,1.0,1.0,2.0,2.0
H1,1729,1,4,0.71875,0.859375,0.565217275172472,hotpot,64,0.8448716540029333,0.828125,0.703125,0.9375,623.1875,9.0,2.0,5.0,6.0
H1,1729,1,4,0.265625,0.5598958333333333,0.565217275172472,musique,64,0.6456021762899071,0.265625,0.265625,0.65625,689.65625,2.0,2.0,3.0,3.0
H1,1729,1,8,0.65625,0.8255208333333334,0.6391261350363493,hotpot,64,0.8403347286773488,0.828125,0.703125,0.9375,652.03125,11.0,0.0,6.0,3.0
H1,1729,1,8,0.234375,0.5247395833333334,0.6391261350363493,musique,64,0.6488312974228608,0.265625,0.265625,0.65625,694.953125,3.0,1.0,4.0,2.0
H2,1729,1,2,0.71875,0.8671875,0.48572065494954586,hotpot,64,0.8811409512331296,0.828125,0.703125,0.9375,800.71875,10.0,3.0,4.0,5.0
H2,1729,1,2,0.265625,0.5755208333333334,0.48572065494954586,musique,64,0.6715428839800843,0.265625,0.265625,0.65625,759.53125,1.0,1.0,2.0,2.0
H2,1729,1,4,0.71875,0.8671875,0.481945613399148,hotpot,64,0.9184769710625035,0.828125,0.703125,0.9375,796.40625,10.0,3.0,4.0,5.0
H2,1729,1,4,0.25,0.5546875,0.481945613399148,musique,64,0.7228846936557481,0.265625,0.265625,0.65625,759.25,2.0,1.0,3.0,2.0
H2,1729,1,8,0.75,0.875,0.5044532809406519,hotpot,64,0.9386711818101401,0.828125,0.703125,0.9375,821.4375,7.0,2.0,5.0,8.0
H2,1729,1,8,0.25,0.55859375,0.5044532809406519,musique,64,0.7885554743828084,0.265625,0.265625,0.65625,766.734375,3.0,2.0,4.0,3.0
DeepSets,1729,1,2,0.75,0.8776041666666666,0.46470186673104763,hotpot,64,0.8706695947162765,0.828125,0.703125,0.9375,728.140625,8.0,3.0,3.0,6.0
DeepSets,1729,1,2,0.265625,0.5625,0.46470186673104763,musique,64,0.639517677685143,0.265625,0.265625,0.65625,687.765625,1.0,1.0,2.0,2.0
DeepSets,1729,1,4,0.75,0.8776041666666666,0.4420954706147313,hotpot,64,0.9019681362218073,0.828125,0.703125,0.9375,773.640625,9.0,4.0,3.0,6.0
DeepSets,1729,1,4,0.234375,0.54296875,0.4420954706147313,musique,64,0.6829699535302309,0.265625,0.265625,0.65625,681.09375,4.0,2.0,5.0,3.0
DeepSets,1729,1,8,0.6875,0.8489583333333333,0.507858426310122,hotpot,64,0.9577757023746254,0.828125,0.703125,0.9375,832.6875,12.0,3.0,5.0,4.0
DeepSets,1729,1,8,0.1875,0.5221354166666667,0.507858426310122,musique,64,0.7600640592497521,0.265625,0.265625,0.65625,769.25,5.0,0.0,6.0,1.0
H4,1729,1,2,0.765625,0.890625,0.4538423866033554,hotpot,64,0.9360623802645205,0.828125,0.703125,0.9375,899.875,8.0,4.0,3.0,7.0
H4,1729,1,2,0.234375,0.5833333333333333,0.4538423866033554,musique,64,0.7574747009882206,0.265625,0.265625,0.65625,854.0,3.0,1.0,4.0,2.0
H4,1729,1,4,0.75,0.8802083333333333,0.46397729497402906,hotpot,64,0.9560153001295214,0.828125,0.703125,0.9375,882.515625,8.0,3.0,4.0,7.0
H4,1729,1,4,0.28125,0.5963541666666666,0.46397729497402906,musique,64,0.7582445807115055,0.265625,0.265625,0.65625,854.90625,1.0,2.0,2.0,3.0
H4,1729,1,8,0.71875,0.8671875,0.5308187762275338,hotpot,64,0.9189514048822541,0.828125,0.703125,0.9375,861.265625,9.0,2.0,3.0,4.0
H4,1729,1,8,0.21875,0.5442708333333333,0.5308187762275338,musique,64,0.7393577706644676,0.265625,0.265625,0.65625,801.0625,4.0,1.0,5.0,2.0
H4-replay,1729,1,2,0.6875,0.8489583333333333,0.38266922533512115,hotpot,64,0.9989069357015947,0.828125,0.703125,0.9375,899.28125,11.0,2.0,7.0,6.0
H4-replay,1729,1,2,0.234375,0.5559895833333334,0.38266922533512115,musique,64,0.9823675411866575,0.265625,0.265625,0.65625,919.890625,2.0,0.0,3.0,1.0
H4-replay,1729,1,4,0.6875,0.8515625,0.3885001754388213,hotpot,64,0.9980006285104681,0.828125,0.703125,0.9375,870.734375,11.0,2.0,7.0,6.0
H4-replay,1729,1,4,0.21875,0.5677083333333334,0.3885001754388213,musique,64,0.9796486347965234,0.265625,0.265625,0.65625,926.4375,3.0,0.0,4.0,1.0
H4-replay,1729,1,8,0.6875,0.8489583333333333,0.39883512584492564,hotpot,64,0.9977906463074556,0.828125,0.703125,0.9375,848.84375,11.0,2.0,7.0,6.0
H4-replay,1729,1,8,0.21875,0.5677083333333334,0.39883512584492564,musique,64,0.9819512499697611,0.265625,0.265625,0.65625,922.4375,3.0,0.0,4.0,1.0
H1,1729,2,2,0.65625,0.8255208333333333,0.5562128853052855,hotpot,64,0.9038234971171231,0.828125,0.703125,0.9375,776.828125,12.0,1.0,8.0,5.0
H1,1729,2,2,0.1875,0.5013020833333334,0.5562128853052855,musique,64,0.8407035479960476,0.265625,0.265625,0.65625,883.09375,6.0,1.0,7.0,2.0
H1,1729,2,4,0.59375,0.7916666666666666,0.6236931774765253,hotpot,64,0.9014573684076033,0.828125,0.703125,0.9375,776.5,16.0,1.0,11.0,4.0
H1,1729,2,4,0.171875,0.47005208333333337,0.6236931774765253,musique,64,0.8461182889924899,0.265625,0.265625,0.65625,896.265625,7.0,1.0,8.0,2.0
H1,1729,2,8,0.5625,0.7760416666666666,0.6915129516273737,hotpot,64,0.8969586200478901,0.828125,0.703125,0.9375,841.0,17.0,0.0,12.0,3.0
H1,1729,2,8,0.140625,0.41666666666666663,0.6915129516273737,musique,64,0.8638275933735364,0.265625,0.265625,0.65625,937.09375,10.0,2.0,11.0,3.0
H2,1729,2,2,0.71875,0.8541666666666667,0.5230648033320904,hotpot,64,0.88382447895279,0.828125,0.703125,0.9375,800.1875,8.0,1.0,7.0,8.0
H2,1729,2,2,0.234375,0.5182291666666666,0.5230648033320904,musique,64,0.7777497189385071,0.265625,0.265625,0.65625,861.5,3.0,1.0,4.0,2.0
H2,1729,2,4,0.703125,0.84375,0.570229796692729,hotpot,64,0.8831450050210403,0.828125,0.703125,0.9375,795.375,8.0,0.0,6.0,6.0
H2,1729,2,4,0.203125,0.4921875,0.570229796692729,musique,64,0.8116628482371773,0.265625,0.265625,0.65625,898.671875,5.0,1.0,6.0,2.0
v5-H1,2026,0,0,0.609375,0.8020833333333333,0.536247106269002,hotpot,64,0.9514577972141907,0.828125,0.703125,0.9375,777.203125,16.0,2.0,11.0,5.0
v5-H1,2026,0,0,0.234375,0.5247395833333334,0.536247106269002,musique,64,0.9203470944988948,0.265625,0.265625,0.65625,881.546875,5.0,3.0,6.0,4.0
H2,1729,2,8,0.65625,0.8229166666666666,0.5572003163397312,hotpot,64,0.9751317555295707,0.828125,0.703125,0.9375,922.078125,11.0,0.0,8.0,5.0
H2,1729,2,8,0.15625,0.45442708333333337,0.5572003163397312,musique,64,0.9119670435704632,0.265625,0.265625,0.65625,963.015625,8.0,1.0,8.0,1.0
v5-H2,2026,0,0,0.640625,0.8307291666666666,0.4300747746601701,hotpot,64,0.992614970930399,0.828125,0.703125,0.9375,852.5,14.0,2.0,8.0,4.0
v5-H2,2026,0,0,0.25,0.5690104166666667,0.4300747746601701,musique,64,0.9837357863752338,0.265625,0.265625,0.65625,910.9375,3.0,2.0,4.0,3.0
DeepSets,1729,2,2,0.71875,0.8645833333333333,0.41842559445649385,hotpot,64,0.9457272265946131,0.828125,0.703125,0.9375,873.375,10.0,3.0,4.0,5.0
DeepSets,1729,2,2,0.1875,0.53125,0.41842559445649385,musique,64,0.8633135198564358,0.265625,0.265625,0.65625,916.390625,6.0,1.0,7.0,2.0
v5-DeepSets,2026,0,0,0.625,0.8203125,0.39072155207395554,hotpot,64,0.9890740885752065,0.828125,0.703125,0.9375,918.921875,15.0,2.0,9.0,4.0
v5-DeepSets,2026,0,0,0.234375,0.5611979166666666,0.39072155207395554,musique,64,0.9589983352832534,0.265625,0.265625,0.65625,944.53125,4.0,2.0,5.0,3.0
DeepSets,1729,2,4,0.703125,0.8567708333333333,0.4673323277384043,hotpot,64,0.9662605212315342,0.828125,0.703125,0.9375,876.40625,10.0,2.0,4.0,4.0
DeepSets,1729,2,4,0.140625,0.5026041666666666,0.4673323277384043,musique,64,0.9101999662184961,0.265625,0.265625,0.65625,940.8125,8.0,0.0,9.0,1.0
v5-H4,2026,0,0,0.671875,0.84375,0.41962145548313856,hotpot,64,0.9996636365787643,0.828125,0.703125,0.9375,906.71875,13.0,3.0,7.0,5.0
v5-H4,2026,0,0,0.234375,0.5625,0.41962145548313856,musique,64,0.9870038659337387,0.265625,0.265625,0.65625,955.453125,2.0,0.0,3.0,1.0
DeepSets,1729,2,8,0.703125,0.8515625,0.5274417689070106,hotpot,64,0.9705840423703425,0.828125,0.703125,0.9375,873.953125,10.0,2.0,5.0,5.0
DeepSets,1729,2,8,0.109375,0.47916666666666674,0.5274417689070106,musique,64,0.9286860500988419,0.265625,0.265625,0.65625,948.640625,11.0,1.0,12.0,2.0
H4,1729,2,2,0.75,0.8776041666666666,0.4867596812546253,hotpot,64,0.9216211517786392,0.828125,0.703125,0.9375,845.96875,8.0,3.0,4.0,7.0
H4,1729,2,2,0.25,0.5651041666666667,0.4867596812546253,musique,64,0.7685447165642878,0.265625,0.265625,0.65625,888.40625,3.0,2.0,4.0,3.0
H4,1729,2,4,0.765625,0.8854166666666667,0.507347384467721,hotpot,64,0.947967604641236,0.828125,0.703125,0.9375,884.359375,7.0,3.0,4.0,8.0
H4,1729,2,4,0.203125,0.5390625,0.507347384467721,musique,64,0.824084179693825,0.265625,0.265625,0.65625,891.296875,5.0,1.0,6.0,2.0
H4,1729,2,8,0.671875,0.8333333333333334,0.5938567817211151,hotpot,64,0.9079780858002384,0.828125,0.703125,0.9375,845.078125,13.0,3.0,9.0,7.0
H4,1729,2,8,0.1875,0.5,0.5938567817211151,musique,64,0.7920266431690839,0.265625,0.265625,0.65625,856.1875,6.0,1.0,7.0,2.0
H4-replay,1729,2,2,0.703125,0.859375,0.39350205566734076,hotpot,64,0.9991306634158219,0.828125,0.703125,0.9375,878.71875,10.0,2.0,7.0,7.0
H4-replay,1729,2,2,0.21875,0.5638020833333334,0.39350205566734076,musique,64,0.9862521346746927,0.265625,0.265625,0.65625,908.875,3.0,0.0,4.0,1.0
H4-replay,1729,2,4,0.6875,0.8515625,0.39946469012647867,hotpot,64,0.9990033977143735,0.828125,0.703125,0.9375,870.765625,11.0,2.0,7.0,6.0
H4-replay,1729,2,4,0.203125,0.5611979166666667,0.39946469012647867,musique,64,0.9892656163931897,0.265625,0.265625,0.65625,943.140625,4.0,0.0,5.0,1.0
H4-replay,1729,2,8,0.6875,0.8489583333333333,0.4298111484386027,hotpot,64,0.9947842950726105,0.828125,0.703125,0.9375,854.609375,12.0,3.0,7.0,6.0
H4-replay,1729,2,8,0.203125,0.5572916666666667,0.4298111484386027,musique,64,0.9646257348224292,0.265625,0.265625,0.65625,935.203125,4.0,0.0,5.0,1.0
H1,2026,1,2,0.765625,0.8932291666666666,0.5550618600100279,hotpot,64,0.8531510097387709,0.828125,0.703125,0.9375,659.78125,7.0,3.0,3.0,7.0
H1,2026,1,2,0.265625,0.55078125,0.5550618600100279,musique,64,0.6724627605169217,0.265625,0.265625,0.65625,706.75,1.0,1.0,2.0,2.0
H1,2026,1,4,0.6875,0.84375,0.5920270532369614,hotpot,64,0.8264695887165302,0.828125,0.703125,0.9375,594.046875,11.0,2.0,5.0,4.0
H1,2026,1,4,0.25,0.5390625,0.5920270532369614,musique,64,0.6428053106943314,0.265625,0.265625,0.65625,674.453125,3.0,2.0,4.0,3.0
H1,2026,1,8,0.6875,0.84375,0.6194018591195345,hotpot,64,0.8883052103582012,0.828125,0.703125,0.9375,672.578125,11.0,2.0,5.0,4.0
H1,2026,1,8,0.25,0.5260416666666667,0.6194018591195345,musique,64,0.7330296996323762,0.265625,0.265625,0.65625,703.3125,3.0,2.0,5.0,4.0
H2,2026,1,2,0.6875,0.8541666666666667,0.47540369257330894,hotpot,64,0.907466131563248,0.828125,0.703125,0.9375,736.8125,12.0,3.0,5.0,4.0
H2,2026,1,2,0.25,0.5677083333333334,0.47540369257330894,musique,64,0.723922456900268,0.265625,0.265625,0.65625,760.84375,2.0,1.0,3.0,2.0
H2,2026,1,4,0.671875,0.8489583333333333,0.5260307341814041,hotpot,64,0.8883344304336077,0.828125,0.703125,0.9375,724.171875,11.0,1.0,5.0,3.0
H2,2026,1,4,0.234375,0.546875,0.5260307341814041,musique,64,0.7096512444654899,0.265625,0.265625,0.65625,749.6875,2.0,0.0,3.0,1.0
H2,2026,1,8,0.71875,0.8697916666666666,0.5557902734726667,hotpot,64,0.9371449664713218,0.828125,0.703125,0.9375,769.09375,10.0,3.0,5.0,6.0
H2,2026,1,8,0.25,0.5520833333333334,0.5557902734726667,musique,64,0.7983936270807618,0.265625,0.265625,0.65625,774.796875,1.0,0.0,2.0,1.0
DeepSets,2026,1,2,0.78125,0.8958333333333333,0.4645562916994095,hotpot,64,0.9063855554240274,0.828125,0.703125,0.9375,725.078125,7.0,4.0,3.0,8.0
DeepSets,2026,1,2,0.265625,0.578125,0.4645562916994095,musique,64,0.7112079716632933,0.265625,0.265625,0.65625,623.796875,1.0,1.0,2.0,2.0
DeepSets,2026,1,4,0.71875,0.8697916666666667,0.4823878239840269,hotpot,64,0.878358285820757,0.828125,0.703125,0.9375,670.40625,9.0,2.0,4.0,5.0
DeepSets,2026,1,4,0.25,0.57421875,0.4823878239840269,musique,64,0.6545305379429018,0.265625,0.265625,0.65625,593.09375,2.0,1.0,3.0,2.0
DeepSets,2026,1,8,0.671875,0.8385416666666667,0.4981474494561553,hotpot,64,0.9822552963609649,0.828125,0.703125,0.9375,820.09375,12.0,2.0,5.0,3.0
DeepSets,2026,1,8,0.171875,0.5065104166666667,0.4981474494561553,musique,64,0.8815061009340519,0.265625,0.265625,0.65625,760.9375,7.0,1.0,8.0,2.0
H4,2026,1,2,0.71875,0.8671875,0.4687854805961251,hotpot,64,0.9192471045598346,0.828125,0.703125,0.9375,863.03125,9.0,2.0,4.0,5.0
H4,2026,1,2,0.25,0.5716145833333334,0.4687854805961251,musique,64,0.7851978449651983,0.265625,0.265625,0.65625,827.484375,1.0,0.0,2.0,1.0
H4,2026,1,4,0.734375,0.8723958333333333,0.4996153134852648,hotpot,64,0.9357028512985597,0.828125,0.703125,0.9375,887.0625,9.0,3.0,5.0,7.0
H4,2026,1,4,0.203125,0.546875,0.4996153134852648,musique,64,0.8017190396808715,0.265625,0.265625,0.65625,876.953125,4.0,0.0,5.0,1.0
H4,2026,1,8,0.71875,0.8645833333333333,0.5179465534165502,hotpot,64,0.9500563238398434,0.828125,0.703125,0.9375,852.953125,9.0,2.0,5.0,6.0
H4,2026,1,8,0.21875,0.546875,0.5179465534165502,musique,64,0.9169449242540711,0.265625,0.265625,0.65625,860.234375,4.0,1.0,5.0,2.0
H1,2026,2,2,0.625,0.8046875,0.5727964993566275,hotpot,64,0.8872010640900038,0.828125,0.703125,0.9375,775.125,15.0,2.0,10.0,5.0
H1,2026,2,2,0.1875,0.4856770833333333,0.5727964993566275,musique,64,0.8120201971336211,0.265625,0.265625,0.65625,914.640625,7.0,2.0,8.0,3.0
H1,2026,2,4,0.625,0.8072916666666666,0.5743691269308329,hotpot,64,0.9217829934134653,0.828125,0.703125,0.9375,823.90625,14.0,1.0,9.0,4.0
H1,2026,2,4,0.1875,0.46744791666666663,0.5743691269308329,musique,64,0.8818240011384166,0.265625,0.265625,0.65625,947.46875,7.0,2.0,8.0,3.0
H1,2026,2,8,0.546875,0.7682291666666666,0.650219514966011,hotpot,64,0.9402028071051107,0.828125,0.703125,0.9375,907.34375,18.0,0.0,12.0,2.0
H1,2026,2,8,0.125,0.40885416666666663,0.650219514966011,musique,64,0.9251256823218273,0.265625,0.265625,0.65625,979.015625,11.0,2.0,12.0,3.0
H2,2026,2,2,0.65625,0.8307291666666667,0.5794532019644976,hotpot,64,0.9031718739896255,0.828125,0.703125,0.9375,786.125,12.0,1.0,7.0,4.0
H2,2026,2,2,0.21875,0.52734375,0.5794532019644976,musique,64,0.8164544174332448,0.265625,0.265625,0.65625,904.828125,4.0,1.0,5.0,2.0
H2,2026,2,4,0.671875,0.84375,0.6266066618263721,hotpot,64,0.8939362082823679,0.828125,0.703125,0.9375,845.21875,11.0,1.0,7.0,5.0
H2,2026,2,4,0.21875,0.5182291666666667,0.6266066618263721,musique,64,0.7823509623307705,0.265625,0.265625,0.65625,916.828125,5.0,2.0,6.0,3.0
H2,2026,2,8,0.578125,0.7864583333333334,0.6438581794500351,hotpot,64,0.9642228133041186,0.828125,0.703125,0.9375,960.046875,16.0,0.0,11.0,3.0
H2,2026,2,8,0.171875,0.4674479166666667,0.6438581794500351,musique,64,0.9246389528375347,0.265625,0.265625,0.65625,977.515625,8.0,2.0,9.0,3.0
DeepSets,2026,2,2,0.703125,0.859375,0.46250362135469913,hotpot,64,0.957627237442704,0.828125,0.703125,0.9375,908.234375,9.0,1.0,4.0,4.0
DeepSets,2026,2,2,0.171875,0.5130208333333334,0.46250362135469913,musique,64,0.8611858437424269,0.265625,0.265625,0.65625,929.15625,7.0,1.0,8.0,2.0
DeepSets,2026,2,4,0.703125,0.8541666666666666,0.4863601801916957,hotpot,64,0.9750176910439422,0.828125,0.703125,0.9375,951.0625,9.0,1.0,4.0,4.0
DeepSets,2026,2,4,0.1875,0.515625,0.4863601801916957,musique,64,0.9287535197298769,0.265625,0.265625,0.65625,988.140625,6.0,1.0,7.0,2.0
DeepSets,2026,2,8,0.609375,0.8046875,0.5689910454675555,hotpot,64,0.9827440325459368,0.828125,0.703125,0.9375,957.84375,15.0,1.0,10.0,4.0
DeepSets,2026,2,8,0.109375,0.46223958333333337,0.5689910454675555,musique,64,0.9412347795810632,0.265625,0.265625,0.65625,990.0,10.0,0.0,11.0,1.0
H4,2026,2,2,0.6875,0.8541666666666666,0.49918717332184315,hotpot,64,0.9445016116276735,0.828125,0.703125,0.9375,917.671875,11.0,2.0,5.0,4.0
H4,2026,2,2,0.21875,0.56640625,0.49918717332184315,musique,64,0.8309106470033907,0.265625,0.265625,0.65625,917.515625,5.0,2.0,6.0,3.0
H4,2026,2,4,0.703125,0.8567708333333333,0.4966717232018709,hotpot,64,0.9647820343709599,0.828125,0.703125,0.9375,940.25,11.0,3.0,7.0,7.0
H4,2026,2,4,0.1875,0.5169270833333334,0.4966717232018709,musique,64,0.9119136896455007,0.265625,0.265625,0.65625,977.5625,7.0,2.0,8.0,3.0
H4,2026,2,8,0.671875,0.8359375,0.5470967292785645,hotpot,64,0.9813882966032313,0.828125,0.703125,0.9375,943.90625,13.0,3.0,9.0,7.0
H4,2026,2,8,0.203125,0.5169270833333334,0.5470967292785645,musique,64,0.945541690081045,0.265625,0.265625,0.65625,970.578125,5.0,1.0,6.0,2.0
