seed,setting,budget,tag,comparison,queries,delta_f1,delta_em,improved,worsened,unchanged,evidence
426,opened,1024,hotpot,H1 minus Dense,64,-0.019097222222222224,0.015625,6,7,51,EXPOSED_DEVELOPMENT_NO_CONFIRMATORY_TEST
426,opened,1024,hotpot,H2 minus H1,64,0.01488095238095238,0.0,4,3,57,EXPOSED_DEVELOPMENT_NO_CONFIRMATORY_TEST
426,opened,1024,hotpot,H4-Flat minus H1,64,-0.0026041666666666644,-0.03125,5,4,55,EXPOSED_DEVELOPMENT_NO_CONFIRMATORY_TEST
426,opened,1024,hotpot,H4-Flat minus H2,64,-0.017485119047619048,-0.03125,3,3,58,EXPOSED_DEVELOPMENT_NO_CONFIRMATORY_TEST
426,opened,1024,hotpot,H4-Flat minus DeepSets,64,0.024925595238095233,0.015625,5,2,57,EXPOSED_DEVELOPMENT_NO_CONFIRMATORY_TEST
426,opened,1024,hotpot,H4-Flat minus Dense,64,-0.021701388888888888,-0.015625,6,8,50,EXPOSED_DEVELOPMENT_NO_CONFIRMATORY_TEST
426,opened,1024,hotpot,H4-Flat minus MMR,64,-0.05078125,-0.046875,5,9,50,EXPOSED_DEVELOPMENT_NO_CONFIRMATORY_TEST
426,opened,1024,musique,H1 minus Dense,64,0.033854166666666664,0.015625,10,6,48,EXPOSED_DEVELOPMENT_NO_CONFIRMATORY_TEST
426,opened,1024,musique,H2 minus H1,64,0.0007675438596491217,0.0,8,8,48,EXPOSED_DEVELOPMENT_NO_CONFIRMATORY_TEST
426,opened,1024,musique,H4-Flat minus H1,64,-0.01780753968253968,0.0,9,9,46,EXPOSED_DEVELOPMENT_NO_CONFIRMATORY_TEST
426,opened,1024,musique,H4-Flat minus H2,64,-0.0185750835421888,0.0,6,8,50,EXPOSED_DEVELOPMENT_NO_CONFIRMATORY_TEST
426,opened,1024,musique,H4-Flat minus DeepSets,64,-0.014087301587301586,-0.015625,8,7,49,EXPOSED_DEVELOPMENT_NO_CONFIRMATORY_TEST
426,opened,1024,musique,H4-Flat minus Dense,64,0.016046626984126983,0.015625,8,4,52,EXPOSED_DEVELOPMENT_NO_CONFIRMATORY_TEST
426,opened,1024,musique,H4-Flat minus MMR,64,-0.004414682539682543,-0.015625,8,6,50,EXPOSED_DEVELOPMENT_NO_CONFIRMATORY_TEST
1729,closed,1024,hotpot,H1 minus Dense,32,0.010416666666666671,0.0625,4,4,24,EXPOSED_DEVELOPMENT_NO_CONFIRMATORY_TEST
1729,closed,1024,hotpot,H4-Flat minus H1,32,-0.010416666666666671,-0.0625,3,3,26,EXPOSED_DEVELOPMENT_NO_CONFIRMATORY_TEST
1729,closed,1024,hotpot,H4-Flat minus Dense,32,0.0,0.0,5,6,21,EXPOSED_DEVELOPMENT_NO_CONFIRMATORY_TEST
1729,closed,1024,musique,H1 minus Dense,32,-0.078125,-0.0625,5,7,20,EXPOSED_DEVELOPMENT_NO_CONFIRMATORY_TEST
1729,closed,1024,musique,H4-Flat minus H1,32,0.17393092105263158,0.125,9,2,21,EXPOSED_DEVELOPMENT_NO_CONFIRMATORY_TEST
1729,closed,1024,musique,H4-Flat minus Dense,32,0.09580592105263158,0.0625,7,2,23,EXPOSED_DEVELOPMENT_NO_CONFIRMATORY_TEST
1729,opened,512,hotpot,H1 minus Dense,32,-0.11458333333333333,-0.125,0,5,27,EXPOSED_DEVELOPMENT_NO_CONFIRMATORY_TEST
1729,opened,512,hotpot,H2 minus H1,32,0.0625,0.0625,2,0,30,EXPOSED_DEVELOPMENT_NO_CONFIRMATORY_TEST
1729,opened,512,hotpot,H4-Flat minus H1,32,0.0625,0.0625,2,0,30,EXPOSED_DEVELOPMENT_NO_CONFIRMATORY_TEST
1729,opened,512,hotpot,H4-Flat minus H2,32,0.0,0.0,0,0,32,EXPOSED_DEVELOPMENT_NO_CONFIRMATORY_TEST
1729,opened,512,hotpot,H4-Flat minus DeepSets,32,0.03125,0.03125,1,0,31,EXPOSED_DEVELOPMENT_NO_CONFIRMATORY_TEST
1729,opened,512,hotpot,H4-Flat minus Dense,32,-0.05208333333333333,-0.0625,1,4,27,EXPOSED_DEVELOPMENT_NO_CONFIRMATORY_TEST
1729,opened,512,hotpot,H4-Flat minus MMR,32,-0.015625,-0.03125,1,2,29,EXPOSED_DEVELOPMENT_NO_CONFIRMATORY_TEST
1729,opened,512,musique,H1 minus Dense,32,-0.01507675438596491,0.03125,3,5,24,EXPOSED_DEVELOPMENT_NO_CONFIRMATORY_TEST
1729,opened,512,musique,H2 minus H1,32,0.025595238095238095,-0.03125,4,1,27,EXPOSED_DEVELOPMENT_NO_CONFIRMATORY_TEST
1729,opened,512,musique,H4-Flat minus H1,32,-0.08928571428571429,-0.09375,1,3,28,EXPOSED_DEVELOPMENT_NO_CONFIRMATORY_TEST
1729,opened,512,musique,H4-Flat minus H2,32,-0.11488095238095239,-0.0625,1,6,25,EXPOSED_DEVELOPMENT_NO_CONFIRMATORY_TEST
1729,opened,512,musique,H4-Flat minus DeepSets,32,-0.06458333333333333,-0.03125,0,3,29,EXPOSED_DEVELOPMENT_NO_CONFIRMATORY_TEST
1729,opened,512,musique,H4-Flat minus Dense,32,-0.1043624686716792,-0.0625,1,6,25,EXPOSED_DEVELOPMENT_NO_CONFIRMATORY_TEST
1729,opened,512,musique,H4-Flat minus MMR,32,-0.03665413533834587,-0.03125,1,3,28,EXPOSED_DEVELOPMENT_NO_CONFIRMATORY_TEST
1729,opened,1024,hotpot,H1 minus Dense,64,-0.03732638888888889,-0.015625,7,8,49,EXPOSED_DEVELOPMENT_NO_CONFIRMATORY_TEST
1729,opened,1024,hotpot,H2 minus H1,64,0.017485119047619048,0.015625,4,2,58,EXPOSED_DEVELOPMENT_NO_CONFIRMATORY_TEST
1729,opened,1024,hotpot,H4-Flat minus H1,64,0.0390625,0.046875,4,2,58,EXPOSED_DEVELOPMENT_NO_CONFIRMATORY_TEST
1729,opened,1024,hotpot,H4-Flat minus H2,64,0.021577380952380952,0.03125,2,2,60,EXPOSED_DEVELOPMENT_NO_CONFIRMATORY_TEST
1729,opened,1024,hotpot,H4-Flat minus DeepSets,64,0.026785714285714284,0.03125,3,2,59,EXPOSED_DEVELOPMENT_NO_CONFIRMATORY_TEST
1729,opened,1024,hotpot,H4-Flat minus Dense,64,0.0017361111111111101,0.03125,6,6,52,EXPOSED_DEVELOPMENT_NO_CONFIRMATORY_TEST
1729,opened,1024,hotpot,H4-Flat minus MMR,64,-0.02734375,0.0,5,7,52,EXPOSED_DEVELOPMENT_NO_CONFIRMATORY_TEST
1729,opened,1024,musique,H1 minus Dense,64,-0.026041666666666664,-0.03125,7,8,49,EXPOSED_DEVELOPMENT_NO_CONFIRMATORY_TEST
1729,opened,1024,musique,H2 minus H1,64,0.034375,0.046875,6,3,55,EXPOSED_DEVELOPMENT_NO_CONFIRMATORY_TEST
1729,opened,1024,musique,H4-Flat minus H1,64,0.049479166666666664,0.046875,7,5,52,EXPOSED_DEVELOPMENT_NO_CONFIRMATORY_TEST
1729,opened,1024,musique,H4-Flat minus H2,64,0.015104166666666662,0.0,5,4,55,EXPOSED_DEVELOPMENT_NO_CONFIRMATORY_TEST
1729,opened,1024,musique,H4-Flat minus DeepSets,64,-0.015252976190476192,-0.03125,5,7,52,EXPOSED_DEVELOPMENT_NO_CONFIRMATORY_TEST
1729,opened,1024,musique,H4-Flat minus Dense,64,0.0234375,0.015625,6,4,54,EXPOSED_DEVELOPMENT_NO_CONFIRMATORY_TEST
1729,opened,1024,musique,H4-Flat minus MMR,64,0.0029761904761904726,-0.015625,7,7,50,EXPOSED_DEVELOPMENT_NO_CONFIRMATORY_TEST
1729,opened,2048,hotpot,H1 minus Dense,32,0.03958333333333333,0.0625,3,3,26,EXPOSED_DEVELOPMENT_NO_CONFIRMATORY_TEST
1729,opened,2048,hotpot,H2 minus H1,32,-0.036458333333333336,-0.0625,1,2,29,EXPOSED_DEVELOPMENT_NO_CONFIRMATORY_TEST
1729,opened,2048,hotpot,H4-Flat minus H1,32,0.020833333333333332,0.0,1,0,31,EXPOSED_DEVELOPMENT_NO_CONFIRMATORY_TEST
1729,opened,2048,hotpot,H4-Flat minus H2,32,0.057291666666666664,0.0625,3,0,29,EXPOSED_DEVELOPMENT_NO_CONFIRMATORY_TEST
1729,opened,2048,hotpot,H4-Flat minus DeepSets,32,0.07291666666666666,0.0625,3,0,29,EXPOSED_DEVELOPMENT_NO_CONFIRMATORY_TEST
1729,opened,2048,hotpot,H4-Flat minus Dense,32,0.06041666666666667,0.0625,3,2,27,EXPOSED_DEVELOPMENT_NO_CONFIRMATORY_TEST
1729,opened,2048,hotpot,H4-Flat minus MMR,32,0.09375,0.09375,3,0,29,EXPOSED_DEVELOPMENT_NO_CONFIRMATORY_TEST
1729,opened,2048,musique,H1 minus Dense,32,-0.026041666666666657,0.0,3,4,25,EXPOSED_DEVELOPMENT_NO_CONFIRMATORY_TEST
1729,opened,2048,musique,H2 minus H1,32,0.03486842105263158,0.0,3,1,28,EXPOSED_DEVELOPMENT_NO_CONFIRMATORY_TEST
1729,opened,2048,musique,H4-Flat minus H1,32,0.08333333333333333,0.0625,4,1,27,EXPOSED_DEVELOPMENT_NO_CONFIRMATORY_TEST
1729,opened,2048,musique,H4-Flat minus H2,32,0.04846491228070176,0.0625,5,3,24,EXPOSED_DEVELOPMENT_NO_CONFIRMATORY_TEST
1729,opened,2048,musique,H4-Flat minus DeepSets,32,-0.004464285714285712,0.0,4,5,23,EXPOSED_DEVELOPMENT_NO_CONFIRMATORY_TEST
1729,opened,2048,musique,H4-Flat minus Dense,32,0.05729166666666667,0.0625,5,3,24,EXPOSED_DEVELOPMENT_NO_CONFIRMATORY_TEST
1729,opened,2048,musique,H4-Flat minus MMR,32,0.13020833333333331,0.09375,6,1,25,EXPOSED_DEVELOPMENT_NO_CONFIRMATORY_TEST
2026,opened,1024,hotpot,H1 minus Dense,64,-0.013888888888888892,0.015625,6,8,50,EXPOSED_DEVELOPMENT_NO_CONFIRMATORY_TEST
2026,opened,1024,hotpot,H2 minus H1,64,-0.0015625000000000014,-0.015625,6,4,54,EXPOSED_DEVELOPMENT_NO_CONFIRMATORY_TEST
2026,opened,1024,hotpot,H4-Flat minus H1,64,0.02008928571428572,0.0,5,3,56,EXPOSED_DEVELOPMENT_NO_CONFIRMATORY_TEST
2026,opened,1024,hotpot,H4-Flat minus H2,64,0.021651785714285714,0.015625,3,2,59,EXPOSED_DEVELOPMENT_NO_CONFIRMATORY_TEST
2026,opened,1024,hotpot,H4-Flat minus DeepSets,64,-0.014136904761904764,-0.015625,2,2,60,EXPOSED_DEVELOPMENT_NO_CONFIRMATORY_TEST
2026,opened,1024,hotpot,H4-Flat minus Dense,64,0.006200396825396824,0.015625,6,7,51,EXPOSED_DEVELOPMENT_NO_CONFIRMATORY_TEST
2026,opened,1024,hotpot,H4-Flat minus MMR,64,-0.022879464285714284,-0.015625,5,8,51,EXPOSED_DEVELOPMENT_NO_CONFIRMATORY_TEST
2026,opened,1024,musique,H1 minus Dense,64,0.058159722222222224,0.046875,12,6,46,EXPOSED_DEVELOPMENT_NO_CONFIRMATORY_TEST
2026,opened,1024,musique,H2 minus H1,64,-0.02921626984126984,-0.03125,5,7,52,EXPOSED_DEVELOPMENT_NO_CONFIRMATORY_TEST
2026,opened,1024,musique,H4-Flat minus H1,64,-0.014632936507936505,-0.015625,6,8,50,EXPOSED_DEVELOPMENT_NO_CONFIRMATORY_TEST
2026,opened,1024,musique,H4-Flat minus H2,64,0.014583333333333334,0.015625,6,6,52,EXPOSED_DEVELOPMENT_NO_CONFIRMATORY_TEST
2026,opened,1024,musique,H4-Flat minus DeepSets,64,0.06956845238095238,0.046875,12,7,45,EXPOSED_DEVELOPMENT_NO_CONFIRMATORY_TEST
2026,opened,1024,musique,H4-Flat minus Dense,64,0.04352678571428571,0.03125,7,3,54,EXPOSED_DEVELOPMENT_NO_CONFIRMATORY_TEST
2026,opened,1024,musique,H4-Flat minus MMR,64,0.023065476190476192,0.0,8,6,50,EXPOSED_DEVELOPMENT_NO_CONFIRMATORY_TEST
