seed,model,tag,stratum,queries,sets,positive_sets,same_size_pairs,pair_accuracy,pair_ties,full_bce,cov_mse,term_abs,deletion_pairs,deletion_preference,deletion_margin
2026,H1,hotpot,ALL,196,12544,5017.0,21657,0.9456526758092072,0,0.24653632798213132,0.04284618932256686,"[1.7766157251839736, 2.7597794909866487]",794,0.9874055415617129,5.377911531054403
2026,H1,hotpot,bridge,149,9536,3716.0,16125,0.928124031007752,0,0.2788758800933825,0.05102239613139638,"[1.7641950669704667, 2.7859741697375404]",628,0.9840764331210191,5.222062577487557
2026,H1,hotpot,comparison,47,3008,1301.0,5532,0.9967462039045553,0,0.14401306703369668,0.01692587412010731,"[1.8159918544140268, 2.6767367860104176]",166,1.0,5.9675087770783755
2026,H1,musique,ALL,542,34688,7730.0,37674,0.8971704623878537,0,0.3288878813193513,0.06144356929259131,"[1.2824723053572362, 2.924414033379502]",1622,0.9889025893958077,4.452524379511282
2026,H1,musique,2hop,386,24704,6823.0,33199,0.9006596584234465,0,0.33585585667293305,0.0621152737433234,"[1.3004237673597632, 2.9089471336473456]",1324,0.993202416918429,5.009193295686086
2026,H1,musique,3_4hop,156,9984,907.0,4475,0.8712849162011174,0,0.3116466089701041,0.05978153135680549,"[1.2380539442484195, 2.962684695537274]",298,0.9697986577181208,1.9792705371775883
2026,H2,hotpot,ALL,196,12544,5017.0,21657,0.9635683612688738,0,0.20323753746568549,0.03642571929300566,"[1.793616620861754, 6.5348716341719335, 1.6018259972333908]",794,0.9886649874055415,11.498696800743602
2026,H2,hotpot,bridge,149,9536,3716.0,16125,0.9529302325581396,0,0.24137405208593246,0.04439210612353334,"[1.802749338566057, 6.619939212031013, 1.5563560416234419]",628,0.9856687898089171,11.17560199985079
2026,H2,hotpot,comparison,47,3008,1301.0,5532,0.9945770065075922,0,0.08233667196745569,0.011170578064311551,"[1.764663962607688, 6.265189312874003, 1.745975430975569]",166,1.0,12.721007252314005
2026,H2,musique,ALL,542,34688,7730.0,37674,0.9374369591760896,0,0.30615829681200957,0.05372513750489113,"[1.290383020230325, 6.977631939293274, 1.537177037598902]",1622,0.9790382244143033,9.80500151839856
2026,H2,musique,2hop,386,24704,6823.0,33199,0.9387330943703124,0,0.29470876417089004,0.054521896814825686,"[1.3269977739437875, 6.943014153544767, 1.5129108830437141]",1324,0.986404833836858,11.604825141341665
2026,H2,musique,3_4hop,156,9984,907.0,4475,0.9278212290502793,0,0.3344885506547796,0.05175366895595052,"[1.1997849757854755, 7.063288768132527, 1.597220214895713]",298,0.9463087248322147,1.8084697171345654
2026,H4,hotpot,ALL,196,12544,5017.0,21657,0.9640301057394838,0,0.21538948969041205,0.0372698649809664,"[1.6542490319329866, 7.1963043431846465, 2.4086028337478638, 0.32314752038492234, 0.24585642348214679]",794,0.9735516372795969,10.074530729719013
2026,H4,hotpot,bridge,149,9536,3716.0,16125,0.9549767441860465,0,0.24448535698872284,0.04400767793723845,"[1.637007602109205, 7.256352159000883, 2.3922549550165266, 0.3423726096149259, 0.24381764625642924]",628,0.9681528662420382,9.821037991601191
2026,H4,hotpot,comparison,47,3008,1301.0,5532,0.9904193781634129,0,0.12314939974470342,0.01590956433235928,"[1.708908032863698, 7.005939990916151, 2.460429087598273, 0.26219989708129393, 0.2523197810700599]",166,0.9939759036144579,11.033527353441858
2026,H4,musique,ALL,542,34688,7730.0,37674,0.9435419652810957,0,0.288872691503695,0.05233891479963199,"[1.1371488495286541, 7.61416233245737, 2.6699449867559975, 0.518478370075736, 0.23879795082985694]",1622,0.9586929716399507,8.786200592397687
2026,H4,musique,2hop,386,24704,6823.0,33199,0.9452393144371818,0,0.29083045267553065,0.05334759894840236,"[1.174613302853441, 7.631714022839008, 2.6204198662172327, 0.503289004179789, 0.24561389782731397]",1324,0.9735649546827795,10.373185380437944
2026,H4,musique,3_4hop,156,9984,907.0,4475,0.9309497206703911,0,0.284028487578512,0.0498430681238284,"[1.0444483432250145, 7.570733149846395, 2.7924879132173, 0.556062313895195, 0.22193285120794407]",298,0.8926174496644296,1.7353017354671587
2026,DeepSets,hotpot,ALL,196,12544,5017.0,21657,0.9665697003278386,0,0.18651184039095378,0.03379884671913293,"[1.0072103875632188, 3.243313033970035, 3.30329117239738]",794,0.9760705289672544,4.409784067187561
2026,DeepSets,hotpot,bridge,149,9536,3716.0,16125,0.9569612403100776,0,0.21854519243383366,0.040541054889537444,"[1.0487719210202262, 3.2672818283106655, 3.2202214890678458]",628,0.9713375796178344,4.405555411888535
2026,DeepSets,hotpot,comparison,47,3008,1301.0,5532,0.9945770065075922,0,0.0849592988082069,0.01242461230657391,"[0.8754514836250468, 3.1673268561667585, 3.566639742952712]",166,0.9939759036144579,4.425781630607973
2026,DeepSets,musique,ALL,542,34688,7730.0,37674,0.9474438604873388,0,0.28148787671432063,0.05337244743896101,"[0.9744100782374174, 3.297699966993719, 2.72829904503488]",1622,0.9438964241676943,4.029960650197344
2026,DeepSets,musique,2hop,386,24704,6823.0,33199,0.9496370372601585,0,0.27333669965710355,0.05239072846472995,"[0.9633699555934402, 3.313136807995139, 2.6987025620406158]",1324,0.972809667673716,4.510122461936625
2026,DeepSets,musique,3_4hop,156,9984,907.0,4475,0.9311731843575419,0,0.3016568148174347,0.05580157259314814,"[1.0017273047795663, 3.2595036809261027, 2.8015313683412013]",298,0.8154362416107382,1.896624278577182
