source,seed,setting,budget,method,tag,subgroup,queries,coverage,complete,blocks,tokens,score,em,f1
selection,426,opened,1024,DeepSets,hotpot,ALL,64,0.734375,0.5,5.96875,916.75,5.775804355483249,,
selection,426,opened,1024,DeepSets,hotpot,TOP128_COMPLETE,63,0.746031746031746,0.5079365079365079,5.968253968253968,917.4126984126984,5.817989245885144,,
selection,426,opened,1024,DeepSets,hotpot,TOP128_INCOMPLETE,1,0.0,0.0,6.0,875.0,3.118156260163806,,
selection,426,opened,1024,DeepSets,hotpot,bridge,48,0.6875,0.4166666666666667,5.958333333333333,927.5416666666666,5.614437868226372,,
selection,426,opened,1024,DeepSets,hotpot,comparison,16,0.875,0.75,6.0,884.375,6.259903817253875,,
selection,426,opened,1024,DeepSets,musique,ALL,64,0.484375,0.1875,5.8125,901.328125,4.333271193275434,,
selection,426,opened,1024,DeepSets,musique,TOP128_COMPLETE,39,0.5982905982905983,0.3076923076923077,5.846153846153846,904.1282051282051,4.575742210476758,,
selection,426,opened,1024,DeepSets,musique,TOP128_INCOMPLETE,25,0.3066666666666666,0.0,5.76,896.96,3.9550164064413678,,
selection,426,opened,1024,DeepSets,musique,2hop,32,0.578125,0.3125,5.875,898.75,4.6920043204650055,,
selection,426,opened,1024,DeepSets,musique,3_4hop,32,0.39062499999999994,0.0625,5.75,903.90625,3.974538066085862,,
selection,426,opened,1024,Dense,hotpot,ALL,64,0.9036458333333334,0.8125,7.0625,1009.0625,,,
selection,426,opened,1024,Dense,hotpot,TOP128_COMPLETE,63,0.917989417989418,0.8253968253968254,7.095238095238095,1008.8888888888889,,,
selection,426,opened,1024,Dense,hotpot,TOP128_INCOMPLETE,1,0.0,0.0,5.0,1020.0,,,
selection,426,opened,1024,Dense,hotpot,bridge,48,0.8715277777777777,0.75,6.875,1009.9375,,,
selection,426,opened,1024,Dense,hotpot,comparison,16,1.0,1.0,7.625,1006.4375,,,
selection,426,opened,1024,Dense,musique,ALL,64,0.515625,0.1875,6.828125,1010.65625,,,
selection,426,opened,1024,Dense,musique,TOP128_COMPLETE,39,0.6260683760683761,0.3076923076923077,6.615384615384615,1011.6153846153846,,,
selection,426,opened,1024,Dense,musique,TOP128_INCOMPLETE,25,0.3433333333333334,0.0,7.16,1009.16,,,
selection,426,opened,1024,Dense,musique,2hop,32,0.59375,0.3125,7.0,1012.4375,,,
selection,426,opened,1024,Dense,musique,3_4hop,32,0.4375,0.0625,6.65625,1008.875,,,
selection,426,opened,1024,H1,hotpot,ALL,64,0.78125,0.59375,5.8125,804.9375,4.310380452681178,,
selection,426,opened,1024,H1,hotpot,TOP128_COMPLETE,63,0.7936507936507936,0.6031746031746031,5.809523809523809,802.2857142857143,4.370041395995826,,
selection,426,opened,1024,H1,hotpot,TOP128_INCOMPLETE,1,0.0,0.0,6.0,972.0,0.5517410238583883,,
selection,426,opened,1024,H1,hotpot,bridge,48,0.7083333333333334,0.4583333333333333,5.770833333333333,829.0625,4.274584073547481,,
selection,426,opened,1024,H1,hotpot,comparison,16,1.0,1.0,5.9375,732.5625,4.417769590082267,,
selection,426,opened,1024,H1,musique,ALL,64,0.47526041666666663,0.15625,5.9375,826.734375,2.725892487796955,,
selection,426,opened,1024,H1,musique,TOP128_COMPLETE,39,0.5769230769230769,0.2564102564102564,5.923076923076923,830.6666666666666,2.815890892639629,,
selection,426,opened,1024,H1,musique,TOP128_INCOMPLETE,25,0.31666666666666665,0.0,5.96,820.6,2.585494976242383,,
selection,426,opened,1024,H1,musique,2hop,32,0.578125,0.28125,5.90625,816.15625,2.881198878128392,,
selection,426,opened,1024,H1,musique,3_4hop,32,0.3723958333333333,0.03125,5.96875,837.3125,2.5705860974655175,,
selection,426,opened,1024,H1-sort,hotpot,ALL,64,0.78125,0.59375,5.953125,821.28125,4.275474451327075,,
selection,426,opened,1024,H1-sort,hotpot,TOP128_COMPLETE,63,0.7936507936507936,0.6031746031746031,5.9523809523809526,818.8888888888889,4.334581331128166,,
selection,426,opened,1024,H1-sort,hotpot,TOP128_INCOMPLETE,1,0.0,0.0,6.0,972.0,0.5517410238583883,,
selection,426,opened,1024,H1-sort,hotpot,bridge,48,0.7083333333333334,0.4583333333333333,5.9375,848.25,4.229668564370109,,
selection,426,opened,1024,H1-sort,hotpot,comparison,16,1.0,1.0,6.0,740.375,4.412892112197975,,
selection,426,opened,1024,H1-sort,musique,ALL,64,0.47135416666666663,0.15625,5.828125,831.171875,2.6847946910420433,,
selection,426,opened,1024,H1-sort,musique,TOP128_COMPLETE,39,0.5769230769230769,0.2564102564102564,5.794871794871795,836.4358974358975,2.768146125329101,,
selection,426,opened,1024,H1-sort,musique,TOP128_INCOMPLETE,25,0.30666666666666664,0.0,5.88,822.96,2.5547664535542327,,
selection,426,opened,1024,H1-sort,musique,2hop,32,0.578125,0.28125,5.8125,821.125,2.832971822703257,,
selection,426,opened,1024,H1-sort,musique,3_4hop,32,0.3645833333333333,0.03125,5.84375,841.21875,2.5366175593808293,,
selection,426,opened,1024,H2,hotpot,ALL,64,0.8125,0.640625,5.75,929.015625,10.016238603278536,,
selection,426,opened,1024,H2,hotpot,TOP128_COMPLETE,63,0.8253968253968254,0.6507936507936508,5.7936507936507935,928.6190476190476,10.167175147317277,,
selection,426,opened,1024,H2,hotpot,TOP128_INCOMPLETE,1,0.0,0.0,3.0,954.0,0.5072363288379318,,
selection,426,opened,1024,H2,hotpot,bridge,48,0.75,0.5208333333333334,5.6875,947.3333333333334,9.903160013745014,,
selection,426,opened,1024,H2,hotpot,comparison,16,1.0,1.0,5.9375,874.0625,10.355474371879101,,
selection,426,opened,1024,H2,musique,ALL,64,0.4921875,0.21875,5.703125,976.46875,7.860636680173986,,
selection,426,opened,1024,H2,musique,TOP128_COMPLETE,39,0.6132478632478633,0.358974358974359,5.769230769230769,969.8205128205128,8.414091263393587,,
selection,426,opened,1024,H2,musique,TOP128_INCOMPLETE,25,0.3033333333333333,0.0,5.6,986.84,6.997247530351407,,
selection,426,opened,1024,H2,musique,2hop,32,0.640625,0.40625,5.84375,969.375,8.726059694058698,,
selection,426,opened,1024,H2,musique,3_4hop,32,0.34375,0.03125,5.5625,983.5625,6.995213666289273,,
selection,426,opened,1024,H4-Flat,hotpot,ALL,64,0.8203125,0.640625,5.828125,903.6875,10.002187243336776,,
selection,426,opened,1024,H4-Flat,hotpot,TOP128_COMPLETE,63,0.8333333333333334,0.6507936507936508,5.873015873015873,904.1111111111111,10.170318145282641,,
selection,426,opened,1024,H4-Flat,hotpot,TOP128_INCOMPLETE,1,0.0,0.0,3.0,877.0,-0.5900595792527727,,
selection,426,opened,1024,H4-Flat,hotpot,bridge,48,0.7604166666666666,0.5208333333333334,5.791666666666667,926.1875,9.728033271336933,,
selection,426,opened,1024,H4-Flat,hotpot,comparison,16,1.0,1.0,5.9375,836.1875,10.8246491593363,,
selection,426,opened,1024,H4-Flat,musique,ALL,64,0.4856770833333333,0.21875,5.59375,939.390625,5.413306188151428,,
selection,426,opened,1024,H4-Flat,musique,TOP128_COMPLETE,39,0.594017094017094,0.358974358974359,5.666666666666667,942.9230769230769,6.140476631359601,,
selection,426,opened,1024,H4-Flat,musique,TOP128_INCOMPLETE,25,0.3166666666666666,0.0,5.48,933.88,4.2789202967466755,,
selection,426,opened,1024,H4-Flat,musique,2hop,32,0.640625,0.40625,5.71875,938.625,6.399802285728514,,
selection,426,opened,1024,H4-Flat,musique,3_4hop,32,0.33072916666666663,0.03125,5.46875,940.15625,4.426810090574342,,
selection,426,opened,1024,MMR,hotpot,ALL,64,0.8619791666666667,0.734375,7.125,1008.84375,,,
selection,426,opened,1024,MMR,hotpot,TOP128_COMPLETE,63,0.8756613756613757,0.746031746031746,7.142857142857143,1008.7301587301587,,,
selection,426,opened,1024,MMR,hotpot,TOP128_INCOMPLETE,1,0.0,0.0,6.0,1016.0,,,
selection,426,opened,1024,MMR,hotpot,bridge,48,0.8159722222222222,0.6458333333333334,6.9375,1008.6458333333334,,,
selection,426,opened,1024,MMR,hotpot,comparison,16,1.0,1.0,7.6875,1009.4375,,,
selection,426,opened,1024,MMR,musique,ALL,64,0.54296875,0.21875,7.375,1005.828125,,,
selection,426,opened,1024,MMR,musique,TOP128_COMPLETE,39,0.6175213675213674,0.358974358974359,7.0,1004.0512820512821,,,
selection,426,opened,1024,MMR,musique,TOP128_INCOMPLETE,25,0.42666666666666664,0.0,7.96,1008.6,,,
selection,426,opened,1024,MMR,musique,2hop,32,0.625,0.375,7.40625,1009.0625,,,
selection,426,opened,1024,MMR,musique,3_4hop,32,0.4609375,0.0625,7.34375,1002.59375,,,
selection,1729,closed,1024,Dense,hotpot,ALL,32,1.0,1.0,6.53125,977.03125,,,
selection,1729,closed,1024,Dense,hotpot,TOP128_COMPLETE,32,1.0,1.0,6.53125,977.03125,,,
selection,1729,closed,1024,Dense,hotpot,bridge,27,1.0,1.0,6.37037037037037,979.0,,,
selection,1729,closed,1024,Dense,hotpot,comparison,5,1.0,1.0,7.4,966.4,,,
selection,1729,closed,1024,Dense,musique,ALL,32,0.7942708333333333,0.59375,7.75,999.9375,,,
selection,1729,closed,1024,Dense,musique,TOP128_COMPLETE,32,0.7942708333333333,0.59375,7.75,999.9375,,,
selection,1729,closed,1024,Dense,musique,2hop,17,0.8529411764705882,0.7058823529411765,8.117647058823529,1000.8823529411765,,,
selection,1729,closed,1024,Dense,musique,3_4hop,15,0.7277777777777777,0.4666666666666667,7.333333333333333,998.8666666666667,,,
selection,1729,closed,1024,H1,hotpot,ALL,32,0.78125,0.625,4.6875,755.5625,4.1218444758172454,,
selection,1729,closed,1024,H1,hotpot,TOP128_COMPLETE,32,0.78125,0.625,4.6875,755.5625,4.1218444758172454,,
selection,1729,closed,1024,H1,hotpot,bridge,27,0.7407407407407407,0.5555555555555556,4.62962962962963,769.2592592592592,3.8373708443969115,,
selection,1729,closed,1024,H1,hotpot,comparison,5,1.0,1.0,5.0,681.6,5.658002085487047,,
selection,1729,closed,1024,H1,musique,ALL,32,0.5546875,0.21875,5.875,795.4375,4.380194966487276,,
selection,1729,closed,1024,H1,musique,TOP128_COMPLETE,32,0.5546875,0.21875,5.875,795.4375,4.380194966487276,,
selection,1729,closed,1024,H1,musique,2hop,17,0.5882352941176471,0.29411764705882354,5.9411764705882355,785.5882352941177,4.773259475169814,,
selection,1729,closed,1024,H1,musique,3_4hop,15,0.5166666666666666,0.13333333333333333,5.8,806.6,3.934721856647067,,
selection,1729,closed,1024,H4-Flat,hotpot,ALL,32,0.8489583333333333,0.71875,5.65625,888.40625,8.304170681227147,,
selection,1729,closed,1024,H4-Flat,hotpot,TOP128_COMPLETE,32,0.8489583333333333,0.71875,5.65625,888.40625,8.304170681227147,,
selection,1729,closed,1024,H4-Flat,hotpot,bridge,27,0.8209876543209875,0.6666666666666666,5.592592592592593,893.7407407407408,7.947999253546574,,
selection,1729,closed,1024,H4-Flat,hotpot,comparison,5,1.0,1.0,6.0,859.6,10.227496390702232,,
selection,1729,closed,1024,H4-Flat,musique,ALL,32,0.7161458333333333,0.40625,5.96875,826.0,11.826511503240091,,
selection,1729,closed,1024,H4-Flat,musique,TOP128_COMPLETE,32,0.7161458333333333,0.40625,5.96875,826.0,11.826511503240091,,
selection,1729,closed,1024,H4-Flat,musique,2hop,17,0.7647058823529411,0.5294117647058824,6.0,806.4705882352941,12.135997885878519,,
selection,1729,closed,1024,H4-Flat,musique,3_4hop,15,0.6611111111111112,0.26666666666666666,5.933333333333334,848.1333333333333,11.475760269583207,,
selection,1729,opened,512,DeepSets,hotpot,ALL,32,0.6927083333333333,0.40625,3.90625,493.09375,4.166971284225022,,
selection,1729,opened,512,DeepSets,hotpot,TOP128_COMPLETE,31,0.7150537634408601,0.41935483870967744,3.935483870967742,494.7096774193548,4.2603620693642466,,
selection,1729,opened,512,DeepSets,hotpot,TOP128_INCOMPLETE,1,0.0,0.0,3.0,443.0,1.2718569449090578,,
selection,1729,opened,512,DeepSets,hotpot,bridge,27,0.6543209876543209,0.3333333333333333,3.888888888888889,492.962962962963,3.9963787584569066,,
selection,1729,opened,512,DeepSets,hotpot,comparison,5,0.9,0.8,4.0,493.8,5.088170923372843,,
selection,1729,opened,512,DeepSets,musique,ALL,32,0.4505208333333333,0.09375,4.34375,498.46875,4.029111673554905,,
selection,1729,opened,512,DeepSets,musique,TOP128_COMPLETE,20,0.5166666666666666,0.15,4.2,500.65,4.061782009714732,,
selection,1729,opened,512,DeepSets,musique,TOP128_INCOMPLETE,12,0.34027777777777773,0.0,4.583333333333333,494.8333333333333,3.974661113288525,,
selection,1729,opened,512,DeepSets,musique,2hop,17,0.47058823529411764,0.17647058823529413,4.470588235294118,497.4117647058824,4.343548314149272,,
selection,1729,opened,512,DeepSets,musique,3_4hop,15,0.42777777777777776,0.0,4.2,499.6666666666667,3.6727501475479545,,
selection,1729,opened,512,Dense,hotpot,ALL,32,0.78125,0.59375,3.4375,494.0625,,,
selection,1729,opened,512,Dense,hotpot,TOP128_COMPLETE,31,0.8064516129032258,0.6129032258064516,3.4838709677419355,494.16129032258067,,,
selection,1729,opened,512,Dense,hotpot,TOP128_INCOMPLETE,1,0.0,0.0,2.0,491.0,,,
selection,1729,opened,512,Dense,hotpot,bridge,27,0.7407407407407407,0.5185185185185185,3.2962962962962963,493.77777777777777,,,
selection,1729,opened,512,Dense,hotpot,comparison,5,1.0,1.0,4.2,495.6,,,
selection,1729,opened,512,Dense,musique,ALL,32,0.46875,0.15625,3.40625,494.625,,,
selection,1729,opened,512,Dense,musique,TOP128_COMPLETE,20,0.5375,0.25,3.3,493.3,,,
selection,1729,opened,512,Dense,musique,TOP128_INCOMPLETE,12,0.3541666666666666,0.0,3.5833333333333335,496.8333333333333,,,
selection,1729,opened,512,Dense,musique,2hop,17,0.5294117647058824,0.23529411764705882,3.2941176470588234,490.4117647058824,,,
selection,1729,opened,512,Dense,musique,3_4hop,15,0.39999999999999997,0.06666666666666667,3.533333333333333,499.4,,,
selection,1729,opened,512,H1,hotpot,ALL,32,0.7239583333333333,0.46875,3.5625,485.0,3.0762101455281177,,
selection,1729,opened,512,H1,hotpot,TOP128_COMPLETE,31,0.7473118279569891,0.4838709677419355,3.5806451612903225,484.51612903225805,3.189047172505369,,
selection,1729,opened,512,H1,hotpot,TOP128_INCOMPLETE,1,0.0,0.0,3.0,500.0,-0.42173769076665246,,
selection,1729,opened,512,H1,hotpot,bridge,27,0.6728395061728394,0.37037037037037035,3.4814814814814814,485.6296296296296,2.723253306783276,,
selection,1729,opened,512,H1,hotpot,comparison,5,1.0,1.0,4.0,481.6,4.982177074750265,,
selection,1729,opened,512,H1,musique,ALL,32,0.4427083333333333,0.09375,4.0625,491.15625,2.214362155102814,,
selection,1729,opened,512,H1,musique,TOP128_COMPLETE,20,0.4916666666666666,0.15,4.1,491.75,2.3839356975009047,,
selection,1729,opened,512,H1,musique,TOP128_INCOMPLETE,12,0.3611111111111111,0.0,4.0,490.1666666666667,1.9317395844393308,,
selection,1729,opened,512,H1,musique,2hop,17,0.47058823529411764,0.11764705882352941,4.0588235294117645,490.88235294117646,2.58197533383089,,
selection,1729,opened,512,H1,musique,3_4hop,15,0.41111111111111104,0.06666666666666667,4.066666666666666,491.46666666666664,1.7977338858776621,,
selection,1729,opened,512,H1-sort,hotpot,ALL,32,0.7395833333333333,0.5,3.53125,497.125,2.9240547117466726,,
selection,1729,opened,512,H1-sort,hotpot,TOP128_COMPLETE,31,0.7634408602150536,0.5161290322580645,3.5806451612903225,497.64516129032256,3.0992894230350374,,
selection,1729,opened,512,H1-sort,hotpot,TOP128_INCOMPLETE,1,0.0,0.0,2.0,481.0,-2.5082213381926217,,
selection,1729,opened,512,H1-sort,hotpot,bridge,27,0.691358024691358,0.4074074074074074,3.4814814814814814,498.48148148148147,2.570046950269629,,
selection,1729,opened,512,H1-sort,hotpot,comparison,5,1.0,1.0,3.8,489.8,4.835696623722713,,
selection,1729,opened,512,H1-sort,musique,ALL,32,0.4739583333333333,0.125,3.5,494.71875,1.5012073542069024,,
selection,1729,opened,512,H1-sort,musique,TOP128_COMPLETE,20,0.5416666666666666,0.2,3.35,494.2,1.519247297818462,,
selection,1729,opened,512,H1-sort,musique,TOP128_INCOMPLETE,12,0.3611111111111111,0.0,3.75,495.5833333333333,1.4711407815209692,,
selection,1729,opened,512,H1-sort,musique,2hop,17,0.5294117647058824,0.17647058823529413,3.5294117647058822,493.70588235294116,1.7495353422766808,,
selection,1729,opened,512,H1-sort,musique,3_4hop,15,0.41111111111111104,0.06666666666666667,3.466666666666667,495.8666666666667,1.21976896772782,,
selection,1729,opened,512,H2,hotpot,ALL,32,0.6822916666666666,0.375,3.84375,500.21875,3.8061733932809103,,
selection,1729,opened,512,H2,hotpot,TOP128_COMPLETE,31,0.7043010752688171,0.3870967741935484,3.870967741935484,501.03225806451616,3.943000363562688,,
selection,1729,opened,512,H2,hotpot,TOP128_INCOMPLETE,1,0.0,0.0,3.0,475.0,-0.435462685454196,,
selection,1729,opened,512,H2,hotpot,bridge,27,0.6234567901234568,0.25925925925925924,3.814814814814815,500.5925925925926,3.6578239665292354,,
selection,1729,opened,512,H2,hotpot,comparison,5,1.0,1.0,4.0,498.2,4.607260297739954,,
selection,1729,opened,512,H2,musique,ALL,32,0.359375,0.0625,4.0625,496.40625,3.3754176504412836,,
selection,1729,opened,512,H2,musique,TOP128_COMPLETE,20,0.41666666666666663,0.1,4.05,497.9,3.5886012363633797,,
selection,1729,opened,512,H2,musique,TOP128_INCOMPLETE,12,0.2638888888888889,0.0,4.083333333333333,493.9166666666667,3.020111673904458,,
selection,1729,opened,512,H2,musique,2hop,17,0.4117647058823529,0.11764705882352941,4.235294117647059,497.94117647058823,3.9189190239809553,,
selection,1729,opened,512,H2,musique,3_4hop,15,0.3,0.0,3.8666666666666667,494.6666666666667,2.7594494270963237,,
selection,1729,opened,512,H4-Flat,hotpot,ALL,32,0.65625,0.34375,3.90625,494.21875,4.350151822493173,,
selection,1729,opened,512,H4-Flat,hotpot,TOP128_COMPLETE,31,0.6774193548387096,0.3548387096774194,3.935483870967742,495.8709677419355,4.496194985859693,,
selection,1729,opened,512,H4-Flat,hotpot,TOP128_INCOMPLETE,1,0.0,0.0,3.0,443.0,-0.17718624186897447,,
selection,1729,opened,512,H4-Flat,hotpot,bridge,27,0.6111111111111112,0.25925925925925924,3.888888888888889,494.18518518518516,4.247498650891945,,
selection,1729,opened,512,H4-Flat,hotpot,comparison,5,0.9,0.8,4.0,494.4,4.904478949139802,,
selection,1729,opened,512,H4-Flat,musique,ALL,32,0.39322916666666663,0.0625,4.0625,499.21875,2.9170670301117196,,
selection,1729,opened,512,H4-Flat,musique,TOP128_COMPLETE,20,0.4583333333333333,0.1,4.1,500.85,3.1946925019500596,,
selection,1729,opened,512,H4-Flat,musique,TOP128_INCOMPLETE,12,0.2847222222222222,0.0,4.0,496.5,2.4543579103811535,,
selection,1729,opened,512,H4-Flat,musique,2hop,17,0.4411764705882353,0.11764705882352941,4.235294117647059,502.88235294117646,3.4508429788193133,,
selection,1729,opened,512,H4-Flat,musique,3_4hop,15,0.33888888888888885,0.0,3.8666666666666667,495.06666666666666,2.3121209549097808,,
selection,1729,opened,512,MMR,hotpot,ALL,32,0.71875,0.46875,3.46875,498.59375,,,
selection,1729,opened,512,MMR,hotpot,TOP128_COMPLETE,31,0.7419354838709677,0.4838709677419355,3.5161290322580645,498.83870967741933,,,
selection,1729,opened,512,MMR,hotpot,TOP128_INCOMPLETE,1,0.0,0.0,2.0,491.0,,,
selection,1729,opened,512,MMR,hotpot,bridge,27,0.6666666666666666,0.37037037037037035,3.3703703703703702,498.48148148148147,,,
selection,1729,opened,512,MMR,hotpot,comparison,5,1.0,1.0,4.0,499.2,,,
selection,1729,opened,512,MMR,musique,ALL,32,0.4765625,0.15625,3.59375,493.78125,,,
selection,1729,opened,512,MMR,musique,TOP128_COMPLETE,20,0.5583333333333333,0.25,3.55,497.3,,,
selection,1729,opened,512,MMR,musique,TOP128_INCOMPLETE,12,0.34027777777777773,0.0,3.6666666666666665,487.9166666666667,,,
selection,1729,opened,512,MMR,musique,2hop,17,0.5,0.17647058823529413,3.588235294117647,493.05882352941177,,,
selection,1729,opened,512,MMR,musique,3_4hop,15,0.44999999999999996,0.13333333333333333,3.6,494.6,,,
selection,1729,opened,1024,DeepSets,hotpot,ALL,196,0.8469387755102041,0.6989795918367347,5.928571428571429,872.7602040816327,6.439599043747623,,
selection,1729,opened,1024,DeepSets,hotpot,TOP128_COMPLETE,190,0.8596491228070176,0.7210526315789474,5.936842105263158,873.2368421052631,6.504234392161072,,
selection,1729,opened,1024,DeepSets,hotpot,TOP128_INCOMPLETE,6,0.4444444444444444,0.0,5.666666666666667,857.6666666666666,4.392813010655075,,
selection,1729,opened,1024,DeepSets,hotpot,bridge,149,0.8053691275167785,0.6174496644295302,5.912751677852349,883.3221476510067,6.32982695127277,,
selection,1729,opened,1024,DeepSets,hotpot,comparison,47,0.9787234042553191,0.9574468085106383,5.9787234042553195,839.2765957446809,6.787599932657259,,
selection,1729,opened,1024,DeepSets,musique,ALL,542,0.5598093480934808,0.23062730627306274,5.904059040590406,896.8837638376384,5.65918799155442,,
selection,1729,opened,1024,DeepSets,musique,TOP128_COMPLETE,367,0.6405540417801998,0.3405994550408719,5.931880108991826,901.4877384196185,6.014597842161263,,
selection,1729,opened,1024,DeepSets,musique,TOP128_INCOMPLETE,175,0.3904761904761905,0.0,5.845714285714286,887.2285714285714,4.913842761996073,,
selection,1729,opened,1024,DeepSets,musique,2hop,386,0.6230569948186528,0.31865284974093266,5.919689119170984,890.2512953367876,5.905916090359965,,
selection,1729,opened,1024,DeepSets,musique,3_4hop,156,0.4033119658119658,0.01282051282051282,5.865384615384615,913.2948717948718,5.048694106048392,,
selection,1729,opened,1024,Dense,hotpot,ALL,196,0.9183673469387755,0.8418367346938775,7.183673469387755,1007.795918367347,,,
selection,1729,opened,1024,Dense,hotpot,TOP128_COMPLETE,190,0.9333333333333332,0.868421052631579,7.1947368421052635,1007.6052631578947,,,
selection,1729,opened,1024,Dense,hotpot,TOP128_INCOMPLETE,6,0.4444444444444444,0.0,6.833333333333333,1013.8333333333334,,,
selection,1729,opened,1024,Dense,hotpot,bridge,149,0.8926174496644296,0.7919463087248322,7.053691275167785,1008.2013422818792,,,
selection,1729,opened,1024,Dense,hotpot,comparison,47,1.0,1.0,7.595744680851064,1006.5106382978723,,,
selection,1729,opened,1024,Dense,musique,ALL,542,0.577490774907749,0.2693726937269373,6.765682656826568,1006.730627306273,,,
selection,1729,opened,1024,Dense,musique,TOP128_COMPLETE,367,0.6698455949137148,0.3978201634877384,6.730245231607629,1006.6702997275204,,,
selection,1729,opened,1024,Dense,musique,TOP128_INCOMPLETE,175,0.3838095238095238,0.0,6.84,1006.8571428571429,,,
selection,1729,opened,1024,Dense,musique,2hop,386,0.6489637305699482,0.3601036269430052,6.909326424870466,1006.8419689119171,,,
selection,1729,opened,1024,Dense,musique,3_4hop,156,0.40064102564102566,0.04487179487179487,6.410256410256411,1006.4551282051282,,,
selection,1729,opened,1024,H1,hotpot,ALL,196,0.8197278911564625,0.6530612244897959,5.13265306122449,776.2295918367347,4.717550559064412,,
selection,1729,opened,1024,H1,hotpot,TOP128_COMPLETE,190,0.8315789473684211,0.6736842105263158,5.152631578947369,780.1789473684211,4.796000661302292,,
selection,1729,opened,1024,H1,hotpot,TOP128_INCOMPLETE,6,0.4444444444444444,0.0,4.5,651.1666666666666,2.233297321531508,,
selection,1729,opened,1024,H1,hotpot,bridge,149,0.7695749440715884,0.5570469798657718,5.087248322147651,789.1812080536913,4.628955117274718,,
selection,1729,opened,1024,H1,hotpot,comparison,47,0.9787234042553191,0.9574468085106383,5.276595744680851,735.1702127659574,4.99841695963174,,
selection,1729,opened,1024,H1,musique,ALL,542,0.5575030750307503,0.24538745387453875,5.645756457564576,897.380073800738,2.9739732383160424,,
selection,1729,opened,1024,H1,musique,TOP128_COMPLETE,367,0.646457765667575,0.36239782016348776,5.67574931880109,908.4713896457765,3.1881177466393167,,
selection,1729,opened,1024,H1,musique,TOP128_INCOMPLETE,175,0.370952380952381,0.0,5.582857142857143,874.12,2.5248816122895197,,
selection,1729,opened,1024,H1,musique,2hop,386,0.6308290155440415,0.33678756476683935,5.619170984455959,893.5699481865284,3.223895705876058,,
selection,1729,opened,1024,H1,musique,3_4hop,156,0.376068376068376,0.019230769230769232,5.711538461538462,906.8076923076923,2.355575337814979,,
selection,1729,opened,1024,H1-sort,hotpot,ALL,196,0.8239795918367347,0.6683673469387755,5.877551020408164,869.8877551020408,4.579963572069902,,
selection,1729,opened,1024,H1-sort,hotpot,TOP128_COMPLETE,190,0.8359649122807017,0.6894736842105263,5.873684210526315,869.3526315789474,4.661373162008168,,
selection,1729,opened,1024,H1-sort,hotpot,TOP128_INCOMPLETE,6,0.4444444444444444,0.0,6.0,886.8333333333334,2.0019932240247726,,
selection,1729,opened,1024,H1-sort,hotpot,bridge,149,0.7751677852348994,0.5771812080536913,5.859060402684563,888.5436241610738,4.474957336482053,,
selection,1729,opened,1024,H1-sort,hotpot,comparison,47,0.9787234042553191,0.9574468085106383,5.9361702127659575,810.7446808510638,4.9128556806356345,,
selection,1729,opened,1024,H1-sort,musique,ALL,542,0.5584255842558424,0.24538745387453875,5.654981549815498,919.7527675276752,2.8884522511026973,,
selection,1729,opened,1024,H1-sort,musique,TOP128_COMPLETE,367,0.6460036330608537,0.36239782016348776,5.645776566757493,926.8855585831062,3.1038795328097626,,
selection,1729,opened,1024,H1-sort,musique,TOP128_INCOMPLETE,175,0.3747619047619048,0.0,5.674285714285714,904.7942857142857,2.4366704660370235,,
selection,1729,opened,1024,H1-sort,musique,2hop,386,0.6321243523316062,0.33419689119170987,5.686528497409326,917.8911917098445,3.1452783475998327,,
selection,1729,opened,1024,H1-sort,musique,3_4hop,156,0.376068376068376,0.02564102564102564,5.576923076923077,924.3589743589744,2.2529722943854256,,
selection,1729,opened,1024,H2,hotpot,ALL,196,0.8129251700680271,0.6428571428571429,5.923469387755102,897.0255102040817,7.993161294487427,,
selection,1729,opened,1024,H2,hotpot,TOP128_COMPLETE,190,0.824561403508772,0.6631578947368421,5.926315789473684,896.2842105263157,8.122833416471535,,
selection,1729,opened,1024,H2,hotpot,TOP128_INCOMPLETE,6,0.4444444444444444,0.0,5.833333333333333,920.5,3.886877431657307,,
selection,1729,opened,1024,H2,hotpot,bridge,149,0.7673378076062639,0.5570469798657718,5.906040268456376,911.6711409395973,7.746112439836835,,
selection,1729,opened,1024,H2,hotpot,comparison,47,0.9574468085106383,0.9148936170212766,5.9787234042553195,850.5957446808511,8.776358727315898,,
selection,1729,opened,1024,H2,musique,ALL,542,0.5547355473554736,0.23247232472324722,5.754612546125461,929.2952029520295,6.331303004528857,,
selection,1729,opened,1024,H2,musique,TOP128_COMPLETE,367,0.6319255222524977,0.34332425068119893,5.798365122615804,932.0572207084468,6.971224070397393,,
selection,1729,opened,1024,H2,musique,TOP128_INCOMPLETE,175,0.39285714285714285,0.0,5.662857142857143,923.5028571428571,4.989297112107416,,
selection,1729,opened,1024,H2,musique,2hop,386,0.6204663212435233,0.31865284974093266,5.784974093264249,928.6683937823834,6.823377247917381,,
selection,1729,opened,1024,H2,musique,3_4hop,156,0.39209401709401703,0.019230769230769232,5.67948717948718,930.8461538461538,5.113734684349562,,
selection,1729,opened,1024,H4-Flat,hotpot,ALL,196,0.8528911564625852,0.7091836734693877,5.9438775510204085,900.0408163265306,10.162798003849778,,
selection,1729,opened,1024,H4-Flat,hotpot,TOP128_COMPLETE,190,0.8657894736842106,0.7315789473684211,5.942105263157894,899.4368421052632,10.282290708822934,,
selection,1729,opened,1024,H4-Flat,hotpot,TOP128_INCOMPLETE,6,0.4444444444444444,0.0,6.0,919.1666666666666,6.378862346366485,,
selection,1729,opened,1024,H4-Flat,hotpot,bridge,149,0.8098434004474272,0.6241610738255033,5.932885906040268,915.496644295302,9.881627349104177,,
selection,1729,opened,1024,H4-Flat,hotpot,comparison,47,0.9893617021276596,0.9787234042553191,5.9787234042553195,851.0425531914893,11.054168802936898,,
selection,1729,opened,1024,H4-Flat,musique,ALL,542,0.5495079950799507,0.22324723247232472,5.833948339483395,927.09963099631,6.697425957641718,,
selection,1729,opened,1024,H4-Flat,musique,TOP128_COMPLETE,367,0.6269300635785648,0.329700272479564,5.84741144414169,935.5967302452316,7.3781222964960795,,
selection,1729,opened,1024,H4-Flat,musique,TOP128_INCOMPLETE,175,0.3871428571428571,0.0,5.805714285714286,909.28,5.269908492730001,,
selection,1729,opened,1024,H4-Flat,musique,2hop,386,0.6101036269430051,0.30310880829015546,5.852331606217617,924.5699481865284,7.313692351436077,,
selection,1729,opened,1024,H4-Flat,musique,3_4hop,156,0.39957264957264965,0.02564102564102564,5.788461538461538,933.3589743589744,5.172561675560805,,
selection,1729,opened,1024,H4-GB,hotpot,ALL,196,0.8528911564625852,0.7091836734693877,5.9438775510204085,900.0408163265306,10.162798003849778,,
selection,1729,opened,1024,H4-GB,hotpot,TOP128_COMPLETE,190,0.8657894736842106,0.7315789473684211,5.942105263157894,899.4368421052632,10.282290708822934,,
selection,1729,opened,1024,H4-GB,hotpot,TOP128_INCOMPLETE,6,0.4444444444444444,0.0,6.0,919.1666666666666,6.378862346366485,,
selection,1729,opened,1024,H4-GB,hotpot,bridge,149,0.8098434004474272,0.6241610738255033,5.932885906040268,915.496644295302,9.881627349104177,,
selection,1729,opened,1024,H4-GB,hotpot,comparison,47,0.9893617021276596,0.9787234042553191,5.9787234042553195,851.0425531914893,11.054168802936898,,
selection,1729,opened,1024,H4-GB,musique,ALL,542,0.5495079950799507,0.22324723247232472,5.833948339483395,927.09963099631,6.697425957641718,,
selection,1729,opened,1024,H4-GB,musique,TOP128_COMPLETE,367,0.6269300635785648,0.329700272479564,5.84741144414169,935.5967302452316,7.3781222964960795,,
selection,1729,opened,1024,H4-GB,musique,TOP128_INCOMPLETE,175,0.3871428571428571,0.0,5.805714285714286,909.28,5.269908492730001,,
selection,1729,opened,1024,H4-GB,musique,2hop,386,0.6101036269430051,0.30310880829015546,5.852331606217617,924.5699481865284,7.313692351436077,,
selection,1729,opened,1024,H4-GB,musique,3_4hop,156,0.39957264957264965,0.02564102564102564,5.788461538461538,933.3589743589744,5.172561675560805,,
selection,1729,opened,1024,H4-KM,hotpot,ALL,196,0.8528911564625852,0.7091836734693877,5.9438775510204085,900.0408163265306,10.162798003849778,,
selection,1729,opened,1024,H4-KM,hotpot,TOP128_COMPLETE,190,0.8657894736842106,0.7315789473684211,5.942105263157894,899.4368421052632,10.282290708822934,,
selection,1729,opened,1024,H4-KM,hotpot,TOP128_INCOMPLETE,6,0.4444444444444444,0.0,6.0,919.1666666666666,6.378862346366485,,
selection,1729,opened,1024,H4-KM,hotpot,bridge,149,0.8098434004474272,0.6241610738255033,5.932885906040268,915.496644295302,9.881627349104177,,
selection,1729,opened,1024,H4-KM,hotpot,comparison,47,0.9893617021276596,0.9787234042553191,5.9787234042553195,851.0425531914893,11.054168802936898,,
selection,1729,opened,1024,H4-KM,musique,ALL,542,0.5495079950799507,0.22324723247232472,5.833948339483395,927.09963099631,6.697425957641718,,
selection,1729,opened,1024,H4-KM,musique,TOP128_COMPLETE,367,0.6269300635785648,0.329700272479564,5.84741144414169,935.5967302452316,7.3781222964960795,,
selection,1729,opened,1024,H4-KM,musique,TOP128_INCOMPLETE,175,0.3871428571428571,0.0,5.805714285714286,909.28,5.269908492730001,,
selection,1729,opened,1024,H4-KM,musique,2hop,386,0.6101036269430051,0.30310880829015546,5.852331606217617,924.5699481865284,7.313692351436077,,
selection,1729,opened,1024,H4-KM,musique,3_4hop,156,0.39957264957264965,0.02564102564102564,5.788461538461538,933.3589743589744,5.172561675560805,,
selection,1729,opened,1024,H4-Representative,hotpot,ALL,196,0.5054421768707483,0.3469387755102041,5.5561224489795915,865.4948979591836,2.9790250127547533,,
selection,1729,opened,1024,H4-Representative,hotpot,TOP128_COMPLETE,190,0.516140350877193,0.35789473684210527,5.573684210526316,866.2684210526315,3.0477402081787517,,
selection,1729,opened,1024,H4-Representative,hotpot,TOP128_INCOMPLETE,6,0.16666666666666666,0.0,5.0,841.0,0.8030438243281631,,
selection,1729,opened,1024,H4-Representative,hotpot,bridge,149,0.4239373601789709,0.2483221476510067,5.489932885906041,872.5637583892617,2.837319184021718,,
selection,1729,opened,1024,H4-Representative,hotpot,comparison,47,0.7638297872340425,0.6595744680851063,5.76595744680851,843.0851063829788,3.428262640014802,,
selection,1729,opened,1024,H4-Representative,musique,ALL,542,0.26014760147601473,0.05350553505535055,5.0055350553505535,825.6549815498155,1.5986704958994014,,
selection,1729,opened,1024,H4-Representative,musique,TOP128_COMPLETE,367,0.3015440508628519,0.07901907356948229,5.141689373297003,843.9645776566757,2.0097508686833514,,
selection,1729,opened,1024,H4-Representative,musique,TOP128_INCOMPLETE,175,0.17333333333333334,0.0,4.72,787.2571428571429,0.7365762284039178,,
selection,1729,opened,1024,H4-Representative,musique,2hop,386,0.29922279792746115,0.07253886010362694,5.0310880829015545,819.0466321243523,2.0458239213078335,,
selection,1729,opened,1024,H4-Representative,musique,3_4hop,156,0.16346153846153846,0.00641025641025641,4.9423076923076925,842.0064102564103,0.4922524048246918,,
selection,1729,opened,1024,MMR,hotpot,ALL,196,0.8801020408163265,0.7602040816326531,7.112244897959184,1006.3367346938776,,,
selection,1729,opened,1024,MMR,hotpot,TOP128_COMPLETE,190,0.8938596491228069,0.7842105263157895,7.110526315789474,1006.3421052631579,,,
selection,1729,opened,1024,MMR,hotpot,TOP128_INCOMPLETE,6,0.4444444444444444,0.0,7.166666666666667,1006.1666666666666,,,
selection,1729,opened,1024,MMR,hotpot,bridge,149,0.8422818791946308,0.6845637583892618,6.9865771812080535,1006.2885906040268,,,
selection,1729,opened,1024,MMR,hotpot,comparison,47,1.0,1.0,7.51063829787234,1006.4893617021277,,,
selection,1729,opened,1024,MMR,musique,ALL,542,0.5507380073800738,0.22140221402214022,7.308118081180812,1007.3228782287823,,,
selection,1729,opened,1024,MMR,musique,TOP128_COMPLETE,367,0.6280653950953679,0.32697547683923706,7.226158038147139,1007.1280653950954,,,
selection,1729,opened,1024,MMR,musique,TOP128_INCOMPLETE,175,0.38857142857142857,0.0,7.48,1007.7314285714285,,,
selection,1729,opened,1024,MMR,musique,2hop,386,0.6075129533678757,0.2979274611398964,7.424870466321243,1008.0388601036269,,,
selection,1729,opened,1024,MMR,musique,3_4hop,156,0.41025641025641024,0.03205128205128205,7.019230769230769,1005.5512820512821,,,
selection,1729,opened,2048,DeepSets,hotpot,ALL,32,0.8333333333333333,0.6875,5.90625,935.71875,6.381064447916808,,
selection,1729,opened,2048,DeepSets,hotpot,TOP128_COMPLETE,31,0.8602150537634408,0.7096774193548387,5.903225806451613,937.0322580645161,6.477151056787336,,
selection,1729,opened,2048,DeepSets,hotpot,TOP128_INCOMPLETE,1,0.0,0.0,6.0,895.0,3.402379572930412,,
selection,1729,opened,2048,DeepSets,hotpot,bridge,27,0.802469135802469,0.6296296296296297,5.888888888888889,947.5185185185185,6.212524531365212,,
selection,1729,opened,2048,DeepSets,hotpot,comparison,5,1.0,1.0,6.0,872.0,7.291179997295418,,
selection,1729,opened,2048,DeepSets,musique,ALL,32,0.5833333333333334,0.28125,6.0,991.34375,6.1706821481197,,
selection,1729,opened,2048,DeepSets,musique,TOP128_COMPLETE,20,0.7333333333333333,0.45,6.0,983.95,6.315717335259594,,
selection,1729,opened,2048,DeepSets,musique,TOP128_INCOMPLETE,12,0.3333333333333333,0.0,6.0,1003.6666666666666,5.928956836219876,,
selection,1729,opened,2048,DeepSets,musique,2hop,17,0.7352941176470589,0.5294117647058824,6.0,948.4705882352941,6.348555048522352,,
selection,1729,opened,2048,DeepSets,musique,3_4hop,15,0.4111111111111111,0.0,6.0,1039.9333333333334,5.969092860996695,,
selection,1729,opened,2048,Dense,hotpot,ALL,32,0.953125,0.9375,13.28125,2032.625,,,
selection,1729,opened,2048,Dense,hotpot,TOP128_COMPLETE,31,0.9838709677419355,0.967741935483871,13.387096774193548,2033.032258064516,,,
selection,1729,opened,2048,Dense,hotpot,TOP128_INCOMPLETE,1,0.0,0.0,10.0,2020.0,,,
selection,1729,opened,2048,Dense,hotpot,bridge,27,0.9444444444444444,0.9259259259259259,13.11111111111111,2032.9259259259259,,,
selection,1729,opened,2048,Dense,hotpot,comparison,5,1.0,1.0,14.2,2031.0,,,
selection,1729,opened,2048,Dense,musique,ALL,32,0.6666666666666666,0.3125,14.65625,2029.5,,,
selection,1729,opened,2048,Dense,musique,TOP128_COMPLETE,20,0.7875,0.5,14.5,2031.0,,,
selection,1729,opened,2048,Dense,musique,TOP128_INCOMPLETE,12,0.46527777777777785,0.0,14.916666666666666,2027.0,,,
selection,1729,opened,2048,Dense,musique,2hop,17,0.7058823529411765,0.4117647058823529,14.882352941176471,2029.2941176470588,,,
selection,1729,opened,2048,Dense,musique,3_4hop,15,0.6222222222222221,0.2,14.4,2029.7333333333333,,,
selection,1729,opened,2048,H1,hotpot,ALL,32,0.8020833333333333,0.625,5.34375,884.25,4.218454723479226,,
selection,1729,opened,2048,H1,hotpot,TOP128_COMPLETE,31,0.8279569892473118,0.6451612903225806,5.32258064516129,862.9354838709677,4.338009418579198,,
selection,1729,opened,2048,H1,hotpot,TOP128_INCOMPLETE,1,0.0,0.0,6.0,1545.0,0.512259175380071,,
selection,1729,opened,2048,H1,hotpot,bridge,27,0.7654320987654321,0.5555555555555556,5.296296296296297,892.8148148148148,3.9284344575839274,,
selection,1729,opened,2048,H1,hotpot,comparison,5,1.0,1.0,5.6,838.0,5.784564159313838,,
selection,1729,opened,2048,H1,musique,ALL,32,0.5520833333333333,0.1875,6.0,975.53125,3.376350748740758,,
selection,1729,opened,2048,H1,musique,TOP128_COMPLETE,20,0.65,0.3,6.0,970.1,3.5100152865052223,,
selection,1729,opened,2048,H1,musique,TOP128_INCOMPLETE,12,0.38888888888888884,0.0,6.0,984.5833333333334,3.1535765191333156,,
selection,1729,opened,2048,H1,musique,2hop,17,0.6176470588235294,0.29411764705882354,6.0,939.8823529411765,3.529346791990832,,
selection,1729,opened,2048,H1,musique,3_4hop,15,0.47777777777777775,0.06666666666666667,6.0,1015.9333333333333,3.20295523305734,,
selection,1729,opened,2048,H1-sort,hotpot,ALL,32,0.8020833333333333,0.625,6.0,988.03125,4.125137267556663,,
selection,1729,opened,2048,H1-sort,hotpot,TOP128_COMPLETE,31,0.8279569892473118,0.6451612903225806,6.0,970.0645161290323,4.241681722143004,,
selection,1729,opened,2048,H1-sort,hotpot,TOP128_INCOMPLETE,1,0.0,0.0,6.0,1545.0,0.512259175380071,,
selection,1729,opened,2048,H1-sort,hotpot,bridge,27,0.7654320987654321,0.5555555555555556,6.0,1010.1851851851852,3.824095192054907,,
selection,1729,opened,2048,H1-sort,hotpot,comparison,5,1.0,1.0,6.0,868.4,5.7507644752661395,,
selection,1729,opened,2048,H1-sort,musique,ALL,32,0.5520833333333333,0.1875,6.0,975.53125,3.376350748740758,,
selection,1729,opened,2048,H1-sort,musique,TOP128_COMPLETE,20,0.65,0.3,6.0,970.1,3.5100152865052223,,
selection,1729,opened,2048,H1-sort,musique,TOP128_INCOMPLETE,12,0.38888888888888884,0.0,6.0,984.5833333333334,3.1535765191333156,,
selection,1729,opened,2048,H1-sort,musique,2hop,17,0.6176470588235294,0.29411764705882354,6.0,939.8823529411765,3.529346791990832,,
selection,1729,opened,2048,H1-sort,musique,3_4hop,15,0.47777777777777775,0.06666666666666667,6.0,1015.9333333333333,3.20295523305734,,
selection,1729,opened,2048,H2,hotpot,ALL,32,0.8020833333333333,0.625,5.9375,1000.28125,7.652720787838513,,
selection,1729,opened,2048,H2,hotpot,TOP128_COMPLETE,31,0.8279569892473118,0.6451612903225806,5.935483870967742,988.4193548387096,7.88763635080508,,
selection,1729,opened,2048,H2,hotpot,TOP128_INCOMPLETE,1,0.0,0.0,6.0,1368.0,0.37033833587495035,,
selection,1729,opened,2048,H2,hotpot,bridge,27,0.7654320987654321,0.5555555555555556,5.925925925925926,1010.3333333333334,7.446364478901318,,
selection,1729,opened,2048,H2,hotpot,comparison,5,1.0,1.0,6.0,946.0,8.767044856099371,,
selection,1729,opened,2048,H2,musique,ALL,32,0.546875,0.28125,5.9375,1091.125,7.627308322295198,,
selection,1729,opened,2048,H2,musique,TOP128_COMPLETE,20,0.675,0.45,6.0,1074.25,7.876777862375531,,
selection,1729,opened,2048,H2,musique,TOP128_INCOMPLETE,12,0.3333333333333333,0.0,5.833333333333333,1119.25,7.211525755494644,,
selection,1729,opened,2048,H2,musique,2hop,17,0.7058823529411765,0.47058823529411764,6.0,1069.6470588235295,7.753825174417933,,
selection,1729,opened,2048,H2,musique,3_4hop,15,0.3666666666666666,0.06666666666666667,5.866666666666666,1115.4666666666667,7.483922556556097,,
selection,1729,opened,2048,H4-Flat,hotpot,ALL,32,0.8489583333333333,0.71875,6.0,1021.4375,10.022752390028462,,
selection,1729,opened,2048,H4-Flat,hotpot,TOP128_COMPLETE,31,0.8763440860215053,0.7419354838709677,6.0,1018.483870967742,10.239468631846805,,
selection,1729,opened,2048,H4-Flat,hotpot,TOP128_INCOMPLETE,1,0.0,0.0,6.0,1113.0,3.304548893659847,,
selection,1729,opened,2048,H4-Flat,hotpot,bridge,27,0.8209876543209875,0.6666666666666666,6.0,1041.1851851851852,9.83178590245752,,
selection,1729,opened,2048,H4-Flat,hotpot,comparison,5,1.0,1.0,6.0,914.8,11.053971422911546,,
selection,1729,opened,2048,H4-Flat,musique,ALL,32,0.5494791666666666,0.25,6.0,1046.1875,7.808621258378883,,
selection,1729,opened,2048,H4-Flat,musique,TOP128_COMPLETE,20,0.65,0.4,6.0,1039.55,8.269424633327207,,
selection,1729,opened,2048,H4-Flat,musique,TOP128_INCOMPLETE,12,0.3819444444444444,0.0,6.0,1057.25,7.040615633465012,,
selection,1729,opened,2048,H4-Flat,musique,2hop,17,0.6764705882352942,0.4117647058823529,6.0,1019.9411764705883,8.386926173455484,,
selection,1729,opened,2048,H4-Flat,musique,3_4hop,15,0.4055555555555555,0.06666666666666667,6.0,1075.9333333333334,7.15320902129207,,
selection,1729,opened,2048,MMR,hotpot,ALL,32,0.9375,0.90625,13.6875,2033.65625,,,
selection,1729,opened,2048,MMR,hotpot,TOP128_COMPLETE,31,0.967741935483871,0.9354838709677419,13.741935483870968,2033.6451612903227,,,
selection,1729,opened,2048,MMR,hotpot,TOP128_INCOMPLETE,1,0.0,0.0,12.0,2034.0,,,
selection,1729,opened,2048,MMR,hotpot,bridge,27,0.9259259259259259,0.8888888888888888,13.407407407407407,2033.851851851852,,,
selection,1729,opened,2048,MMR,hotpot,comparison,5,1.0,1.0,15.2,2032.6,,,
selection,1729,opened,2048,MMR,musique,ALL,32,0.6276041666666666,0.25,16.15625,2028.8125,,,
selection,1729,opened,2048,MMR,musique,TOP128_COMPLETE,20,0.6916666666666667,0.4,15.95,2027.35,,,
selection,1729,opened,2048,MMR,musique,TOP128_INCOMPLETE,12,0.5208333333333334,0.0,16.5,2031.25,,,
selection,1729,opened,2048,MMR,musique,2hop,17,0.6470588235294118,0.35294117647058826,16.176470588235293,2026.4705882352941,,,
selection,1729,opened,2048,MMR,musique,3_4hop,15,0.6055555555555555,0.13333333333333333,16.133333333333333,2031.4666666666667,,,
selection,2026,opened,1024,DeepSets,hotpot,ALL,64,0.765625,0.5625,5.953125,940.203125,5.287678074164747,,
selection,2026,opened,1024,DeepSets,hotpot,TOP128_COMPLETE,63,0.7777777777777778,0.5714285714285714,5.9523809523809526,939.6984126984127,5.332179237848814,,
selection,2026,opened,1024,DeepSets,hotpot,TOP128_INCOMPLETE,1,0.0,0.0,6.0,972.0,2.484104762068597,,
selection,2026,opened,1024,DeepSets,hotpot,bridge,48,0.6875,0.4166666666666667,5.9375,952.6666666666666,5.0781908338671835,,
selection,2026,opened,1024,DeepSets,hotpot,comparison,16,1.0,1.0,6.0,902.8125,5.9161397950574415,,
selection,2026,opened,1024,DeepSets,musique,ALL,64,0.47135416666666663,0.140625,5.875,941.3125,3.975218068727681,,
selection,2026,opened,1024,DeepSets,musique,TOP128_COMPLETE,39,0.5683760683760684,0.23076923076923078,5.897435897435898,944.3589743589744,4.175955824445206,,
selection,2026,opened,1024,DeepSets,musique,TOP128_INCOMPLETE,25,0.31999999999999995,0.0,5.84,936.56,3.6620671698083402,,
selection,2026,opened,1024,DeepSets,musique,2hop,32,0.5625,0.28125,5.96875,934.5,4.440217994557942,,
selection,2026,opened,1024,DeepSets,musique,3_4hop,32,0.3802083333333333,0.0,5.78125,948.125,3.510218142897419,,
selection,2026,opened,1024,Dense,hotpot,ALL,64,0.9036458333333334,0.8125,7.0625,1009.0625,,,
selection,2026,opened,1024,Dense,hotpot,TOP128_COMPLETE,63,0.917989417989418,0.8253968253968254,7.095238095238095,1008.8888888888889,,,
selection,2026,opened,1024,Dense,hotpot,TOP128_INCOMPLETE,1,0.0,0.0,5.0,1020.0,,,
selection,2026,opened,1024,Dense,hotpot,bridge,48,0.8715277777777777,0.75,6.875,1009.9375,,,
selection,2026,opened,1024,Dense,hotpot,comparison,16,1.0,1.0,7.625,1006.4375,,,
selection,2026,opened,1024,Dense,musique,ALL,64,0.515625,0.1875,6.828125,1010.65625,,,
selection,2026,opened,1024,Dense,musique,TOP128_COMPLETE,39,0.6260683760683761,0.3076923076923077,6.615384615384615,1011.6153846153846,,,
selection,2026,opened,1024,Dense,musique,TOP128_INCOMPLETE,25,0.3433333333333334,0.0,7.16,1009.16,,,
selection,2026,opened,1024,Dense,musique,2hop,32,0.59375,0.3125,7.0,1012.4375,,,
selection,2026,opened,1024,Dense,musique,3_4hop,32,0.4375,0.0625,6.65625,1008.875,,,
selection,2026,opened,1024,H1,hotpot,ALL,64,0.7864583333333333,0.59375,5.453125,817.9375,4.911128229830259,,
selection,2026,opened,1024,H1,hotpot,TOP128_COMPLETE,63,0.7989417989417988,0.6031746031746031,5.4603174603174605,814.984126984127,4.9983170007863045,,
selection,2026,opened,1024,H1,hotpot,TOP128_INCOMPLETE,1,0.0,0.0,5.0,1004.0,-0.5817643404006958,,
selection,2026,opened,1024,H1,hotpot,bridge,48,0.7152777777777777,0.4583333333333333,5.354166666666667,845.5208333333334,4.8283960355393996,,
selection,2026,opened,1024,H1,hotpot,comparison,16,1.0,1.0,5.75,735.1875,5.159324812702835,,
selection,2026,opened,1024,H1,musique,ALL,64,0.47395833333333326,0.171875,5.328125,851.1875,2.838864277669927,,
selection,2026,opened,1024,H1,musique,TOP128_COMPLETE,39,0.5747863247863247,0.28205128205128205,5.384615384615385,855.6666666666666,2.983503835100649,,
selection,2026,opened,1024,H1,musique,TOP128_INCOMPLETE,25,0.31666666666666665,0.0,5.24,844.2,2.613226568078001,,
selection,2026,opened,1024,H1,musique,2hop,32,0.59375,0.3125,5.5,841.65625,3.1730390733573586,,
selection,2026,opened,1024,H1,musique,3_4hop,32,0.35416666666666663,0.03125,5.15625,860.71875,2.5046894819824956,,
selection,2026,opened,1024,H1-sort,hotpot,ALL,64,0.8020833333333333,0.625,5.859375,875.34375,4.803397209208924,,
selection,2026,opened,1024,H1-sort,hotpot,TOP128_COMPLETE,63,0.8148148148148148,0.6349206349206349,5.873015873015873,873.031746031746,4.892089790275331,,
selection,2026,opened,1024,H1-sort,hotpot,TOP128_INCOMPLETE,1,0.0,0.0,5.0,1021.0,-0.7842353979746499,,
selection,2026,opened,1024,H1-sort,hotpot,bridge,48,0.736111111111111,0.5,5.8125,912.625,4.705073645985167,,
selection,2026,opened,1024,H1-sort,hotpot,comparison,16,1.0,1.0,6.0,763.5,5.098367898880194,,
selection,2026,opened,1024,H1-sort,musique,ALL,64,0.47786458333333326,0.15625,5.71875,906.546875,2.6730979499116074,,
selection,2026,opened,1024,H1-sort,musique,TOP128_COMPLETE,39,0.5747863247863247,0.2564102564102564,5.743589743589744,911.4358974358975,2.791169386293389,,
selection,2026,opened,1024,H1-sort,musique,TOP128_INCOMPLETE,25,0.32666666666666666,0.0,5.68,898.92,2.4889065091560285,,
selection,2026,opened,1024,H1-sort,musique,2hop,32,0.59375,0.28125,5.78125,886.21875,2.994141307969888,,
selection,2026,opened,1024,H1-sort,musique,3_4hop,32,0.36197916666666663,0.03125,5.65625,926.875,2.352054591853327,,
selection,2026,opened,1024,H2,hotpot,ALL,64,0.8020833333333333,0.625,5.765625,859.234375,8.426772041700769,,
selection,2026,opened,1024,H2,hotpot,TOP128_COMPLETE,63,0.8148148148148148,0.6349206349206349,5.809523809523809,865.952380952381,8.568859374284981,,
selection,2026,opened,1024,H2,hotpot,TOP128_INCOMPLETE,1,0.0,0.0,3.0,436.0,-0.5247299111047014,,
selection,2026,opened,1024,H2,hotpot,bridge,48,0.736111111111111,0.5,5.708333333333333,891.4791666666666,8.21975991515747,,
selection,2026,opened,1024,H2,hotpot,comparison,16,1.0,1.0,5.9375,762.5,9.047808421330663,,
selection,2026,opened,1024,H2,musique,ALL,64,0.49479166666666663,0.203125,5.640625,895.578125,6.568124572275544,,
selection,2026,opened,1024,H2,musique,TOP128_COMPLETE,39,0.6089743589743589,0.3333333333333333,5.743589743589744,896.8461538461538,6.838911081359636,,
selection,2026,opened,1024,H2,musique,TOP128_INCOMPLETE,25,0.3166666666666666,0.0,5.48,893.6,6.145697618104362,,
selection,2026,opened,1024,H2,musique,2hop,32,0.625,0.375,5.84375,878.375,7.309830413446149,,
selection,2026,opened,1024,H2,musique,3_4hop,32,0.3645833333333333,0.03125,5.4375,912.78125,5.8264187311049405,,
selection,2026,opened,1024,H4-Flat,hotpot,ALL,64,0.8203125,0.640625,5.953125,922.875,10.29759077880578,,
selection,2026,opened,1024,H4-Flat,hotpot,TOP128_COMPLETE,63,0.8333333333333334,0.6507936507936508,5.9523809523809526,921.7777777777778,10.399650743273284,,
selection,2026,opened,1024,H4-Flat,hotpot,TOP128_INCOMPLETE,1,0.0,0.0,6.0,992.0,3.867813017352929,,
selection,2026,opened,1024,H4-Flat,hotpot,bridge,48,0.7604166666666666,0.5208333333333334,5.9375,950.3125,10.158383670426748,,
selection,2026,opened,1024,H4-Flat,hotpot,comparison,16,1.0,1.0,6.0,840.5625,10.715212103942878,,
selection,2026,opened,1024,H4-Flat,musique,ALL,64,0.484375,0.1875,5.8125,933.921875,6.992639080792131,,
selection,2026,opened,1024,H4-Flat,musique,TOP128_COMPLETE,39,0.5918803418803419,0.3076923076923077,5.82051282051282,932.1282051282051,7.522839686801965,,
selection,2026,opened,1024,H4-Flat,musique,TOP128_INCOMPLETE,25,0.3166666666666666,0.0,5.8,936.72,6.165526135416792,,
selection,2026,opened,1024,H4-Flat,musique,2hop,32,0.59375,0.34375,5.875,917.65625,7.836865196439092,,
selection,2026,opened,1024,H4-Flat,musique,3_4hop,32,0.375,0.03125,5.75,950.1875,6.148412965145171,,
selection,2026,opened,1024,MMR,hotpot,ALL,64,0.8619791666666667,0.734375,7.125,1008.84375,,,
selection,2026,opened,1024,MMR,hotpot,TOP128_COMPLETE,63,0.8756613756613757,0.746031746031746,7.142857142857143,1008.7301587301587,,,
selection,2026,opened,1024,MMR,hotpot,TOP128_INCOMPLETE,1,0.0,0.0,6.0,1016.0,,,
selection,2026,opened,1024,MMR,hotpot,bridge,48,0.8159722222222222,0.6458333333333334,6.9375,1008.6458333333334,,,
selection,2026,opened,1024,MMR,hotpot,comparison,16,1.0,1.0,7.6875,1009.4375,,,
selection,2026,opened,1024,MMR,musique,ALL,64,0.54296875,0.21875,7.375,1005.828125,,,
selection,2026,opened,1024,MMR,musique,TOP128_COMPLETE,39,0.6175213675213674,0.358974358974359,7.0,1004.0512820512821,,,
selection,2026,opened,1024,MMR,musique,TOP128_INCOMPLETE,25,0.42666666666666664,0.0,7.96,1008.6,,,
selection,2026,opened,1024,MMR,musique,2hop,32,0.625,0.375,7.40625,1009.0625,,,
selection,2026,opened,1024,MMR,musique,3_4hop,32,0.4609375,0.0625,7.34375,1002.59375,,,
qa,426,opened,1024,DeepSets,hotpot,ALL,64,0.734375,0.5,5.96875,916.75,,0.5,0.5857668067226891
qa,426,opened,1024,DeepSets,hotpot,TOP128_COMPLETE,63,0.746031746031746,0.5079365079365079,5.968253968253968,917.4126984126984,,0.5079365079365079,0.5950646925436841
qa,426,opened,1024,DeepSets,hotpot,TOP128_INCOMPLETE,1,0.0,0.0,6.0,875.0,,0.0,0.0
qa,426,opened,1024,DeepSets,hotpot,bridge,48,0.6875,0.4166666666666667,5.958333333333333,927.5416666666666,,0.4375,0.5494047619047618
qa,426,opened,1024,DeepSets,hotpot,comparison,16,0.875,0.75,6.0,884.375,,0.6875,0.6948529411764706
qa,426,opened,1024,DeepSets,musique,ALL,64,0.484375,0.1875,5.8125,901.328125,,0.171875,0.2087797619047619
qa,426,opened,1024,DeepSets,musique,TOP128_COMPLETE,39,0.5982905982905983,0.3076923076923077,5.846153846153846,904.1282051282051,,0.2564102564102564,0.29987789987789987
qa,426,opened,1024,DeepSets,musique,TOP128_INCOMPLETE,25,0.3066666666666666,0.0,5.76,896.96,,0.04,0.06666666666666667
qa,426,opened,1024,DeepSets,musique,2hop,32,0.578125,0.3125,5.875,898.75,,0.21875,0.262797619047619
qa,426,opened,1024,DeepSets,musique,3_4hop,32,0.39062499999999994,0.0625,5.75,903.90625,,0.125,0.15476190476190477
qa,426,opened,1024,Dense,hotpot,ALL,64,0.9036458333333334,0.8125,7.0625,1009.0625,,0.53125,0.6323937908496732
qa,426,opened,1024,Dense,hotpot,TOP128_COMPLETE,63,0.917989417989418,0.8253968253968254,7.095238095238095,1008.8888888888889,,0.5396825396825397,0.6424317875298267
qa,426,opened,1024,Dense,hotpot,TOP128_INCOMPLETE,1,0.0,0.0,5.0,1020.0,,0.0,0.0
qa,426,opened,1024,Dense,hotpot,bridge,48,0.8715277777777777,0.75,6.875,1009.9375,,0.4583333333333333,0.5907407407407407
qa,426,opened,1024,Dense,hotpot,comparison,16,1.0,1.0,7.625,1006.4375,,0.75,0.7573529411764706
qa,426,opened,1024,Dense,musique,ALL,64,0.515625,0.1875,6.828125,1010.65625,,0.140625,0.17864583333333334
qa,426,opened,1024,Dense,musique,TOP128_COMPLETE,39,0.6260683760683761,0.3076923076923077,6.615384615384615,1011.6153846153846,,0.23076923076923078,0.27606837606837603
qa,426,opened,1024,Dense,musique,TOP128_INCOMPLETE,25,0.3433333333333334,0.0,7.16,1009.16,,0.0,0.026666666666666665
qa,426,opened,1024,Dense,musique,2hop,32,0.59375,0.3125,7.0,1012.4375,,0.1875,0.22708333333333333
qa,426,opened,1024,Dense,musique,3_4hop,32,0.4375,0.0625,6.65625,1008.875,,0.09375,0.13020833333333331
qa,426,opened,1024,H1,hotpot,ALL,64,0.78125,0.59375,5.8125,804.9375,,0.546875,0.613296568627451
qa,426,opened,1024,H1,hotpot,TOP128_COMPLETE,63,0.7936507936507936,0.6031746031746031,5.809523809523809,802.2857142857143,,0.5555555555555556,0.6230314347961406
qa,426,opened,1024,H1,hotpot,TOP128_INCOMPLETE,1,0.0,0.0,6.0,972.0,,0.0,0.0
qa,426,opened,1024,H1,hotpot,bridge,48,0.7083333333333334,0.4583333333333333,5.770833333333333,829.0625,,0.5,0.5861111111111111
qa,426,opened,1024,H1,hotpot,comparison,16,1.0,1.0,5.9375,732.5625,,0.6875,0.6948529411764706
qa,426,opened,1024,H1,musique,ALL,64,0.47526041666666663,0.15625,5.9375,826.734375,,0.15625,0.2125
qa,426,opened,1024,H1,musique,TOP128_COMPLETE,39,0.5769230769230769,0.2564102564102564,5.923076923076923,830.6666666666666,,0.20512820512820512,0.2547008547008547
qa,426,opened,1024,H1,musique,TOP128_INCOMPLETE,25,0.31666666666666665,0.0,5.96,820.6,,0.08,0.14666666666666667
qa,426,opened,1024,H1,musique,2hop,32,0.578125,0.28125,5.90625,816.15625,,0.15625,0.253125
qa,426,opened,1024,H1,musique,3_4hop,32,0.3723958333333333,0.03125,5.96875,837.3125,,0.15625,0.171875
qa,426,opened,1024,H2,hotpot,ALL,64,0.8125,0.640625,5.75,929.015625,,0.546875,0.6281775210084034
qa,426,opened,1024,H2,hotpot,TOP128_COMPLETE,63,0.8253968253968254,0.6507936507936508,5.7936507936507935,928.6190476190476,,0.5555555555555556,0.6381485927704414
qa,426,opened,1024,H2,hotpot,TOP128_INCOMPLETE,1,0.0,0.0,3.0,954.0,,0.0,0.0
qa,426,opened,1024,H2,hotpot,bridge,48,0.75,0.5208333333333334,5.6875,947.3333333333334,,0.4791666666666667,0.5851190476190475
qa,426,opened,1024,H2,hotpot,comparison,16,1.0,1.0,5.9375,874.0625,,0.75,0.7573529411764706
qa,426,opened,1024,H2,musique,ALL,64,0.4921875,0.21875,5.703125,976.46875,,0.15625,0.2132675438596491
qa,426,opened,1024,H2,musique,TOP128_COMPLETE,39,0.6132478632478633,0.358974358974359,5.769230769230769,969.8205128205128,,0.2564102564102564,0.27305443094916776
qa,426,opened,1024,H2,musique,TOP128_INCOMPLETE,25,0.3033333333333333,0.0,5.6,986.84,,0.0,0.11999999999999998
qa,426,opened,1024,H2,musique,2hop,32,0.640625,0.40625,5.84375,969.375,,0.25,0.3119517543859649
qa,426,opened,1024,H2,musique,3_4hop,32,0.34375,0.03125,5.5625,983.5625,,0.0625,0.11458333333333333
qa,426,opened,1024,H4-Flat,hotpot,ALL,64,0.8203125,0.640625,5.828125,903.6875,,0.515625,0.6106924019607842
qa,426,opened,1024,H4-Flat,hotpot,TOP128_COMPLETE,63,0.8333333333333334,0.6507936507936508,5.873015873015873,904.1111111111111,,0.5238095238095238,0.620385932150638
qa,426,opened,1024,H4-Flat,hotpot,TOP128_INCOMPLETE,1,0.0,0.0,3.0,877.0,,0.0,0.0
qa,426,opened,1024,H4-Flat,hotpot,bridge,48,0.7604166666666666,0.5208333333333334,5.791666666666667,926.1875,,0.4583333333333333,0.5826388888888889
qa,426,opened,1024,H4-Flat,hotpot,comparison,16,1.0,1.0,5.9375,836.1875,,0.6875,0.6948529411764706
qa,426,opened,1024,H4-Flat,musique,ALL,64,0.4856770833333333,0.21875,5.59375,939.390625,,0.15625,0.1946924603174603
qa,426,opened,1024,H4-Flat,musique,TOP128_COMPLETE,39,0.594017094017094,0.358974358974359,5.666666666666667,942.9230769230769,,0.23076923076923078,0.2582417582417582
qa,426,opened,1024,H4-Flat,musique,TOP128_INCOMPLETE,25,0.3166666666666666,0.0,5.48,933.88,,0.04,0.09555555555555556
qa,426,opened,1024,H4-Flat,musique,2hop,32,0.640625,0.40625,5.71875,938.625,,0.1875,0.23288690476190474
qa,426,opened,1024,H4-Flat,musique,3_4hop,32,0.33072916666666663,0.03125,5.46875,940.15625,,0.125,0.15649801587301587
qa,426,opened,1024,MMR,hotpot,ALL,64,0.8619791666666667,0.734375,7.125,1008.84375,,0.5625,0.6614736519607843
qa,426,opened,1024,MMR,hotpot,TOP128_COMPLETE,63,0.8756613756613757,0.746031746031746,7.142857142857143,1008.7301587301587,,0.5714285714285714,0.6719732337379395
qa,426,opened,1024,MMR,hotpot,TOP128_INCOMPLETE,1,0.0,0.0,6.0,1016.0,,0.0,0.0
qa,426,opened,1024,MMR,hotpot,bridge,48,0.8159722222222222,0.6458333333333334,6.9375,1008.6458333333334,,0.4791666666666667,0.6086805555555556
qa,426,opened,1024,MMR,hotpot,comparison,16,1.0,1.0,7.6875,1009.4375,,0.8125,0.8198529411764706
qa,426,opened,1024,MMR,musique,ALL,64,0.54296875,0.21875,7.375,1005.828125,,0.171875,0.19910714285714287
qa,426,opened,1024,MMR,musique,TOP128_COMPLETE,39,0.6175213675213674,0.358974358974359,7.0,1004.0512820512821,,0.28205128205128205,0.3139194139194139
qa,426,opened,1024,MMR,musique,TOP128_INCOMPLETE,25,0.42666666666666664,0.0,7.96,1008.6,,0.0,0.02
qa,426,opened,1024,MMR,musique,2hop,32,0.625,0.375,7.40625,1009.0625,,0.21875,0.2575892857142857
qa,426,opened,1024,MMR,musique,3_4hop,32,0.4609375,0.0625,7.34375,1002.59375,,0.125,0.140625
qa,1729,closed,1024,Dense,hotpot,ALL,32,1.0,1.0,6.53125,977.03125,,0.59375,0.6745098039215686
qa,1729,closed,1024,Dense,hotpot,TOP128_COMPLETE,32,1.0,1.0,6.53125,977.03125,,0.59375,0.6745098039215686
qa,1729,closed,1024,Dense,hotpot,bridge,27,1.0,1.0,6.37037037037037,979.0,,0.5925925925925926,0.6839506172839506
qa,1729,closed,1024,Dense,hotpot,comparison,5,1.0,1.0,7.4,966.4,,0.6,0.6235294117647059
qa,1729,closed,1024,Dense,musique,ALL,32,0.7942708333333333,0.59375,7.75,999.9375,,0.21875,0.2552083333333333
qa,1729,closed,1024,Dense,musique,TOP128_COMPLETE,32,0.7942708333333333,0.59375,7.75,999.9375,,0.21875,0.2552083333333333
qa,1729,closed,1024,Dense,musique,2hop,17,0.8529411764705882,0.7058823529411765,8.117647058823529,1000.8823529411765,,0.17647058823529413,0.20588235294117646
qa,1729,closed,1024,Dense,musique,3_4hop,15,0.7277777777777777,0.4666666666666667,7.333333333333333,998.8666666666667,,0.26666666666666666,0.31111111111111106
qa,1729,closed,1024,H1,hotpot,ALL,32,0.78125,0.625,4.6875,755.5625,,0.65625,0.6849264705882353
qa,1729,closed,1024,H1,hotpot,TOP128_COMPLETE,32,0.78125,0.625,4.6875,755.5625,,0.65625,0.6849264705882353
qa,1729,closed,1024,H1,hotpot,bridge,27,0.7407407407407407,0.5555555555555556,4.62962962962963,769.2592592592592,,0.6296296296296297,0.6592592592592593
qa,1729,closed,1024,H1,hotpot,comparison,5,1.0,1.0,5.0,681.6,,0.8,0.8235294117647058
qa,1729,closed,1024,H1,musique,ALL,32,0.5546875,0.21875,5.875,795.4375,,0.15625,0.17708333333333331
qa,1729,closed,1024,H1,musique,TOP128_COMPLETE,32,0.5546875,0.21875,5.875,795.4375,,0.15625,0.17708333333333331
qa,1729,closed,1024,H1,musique,2hop,17,0.5882352941176471,0.29411764705882354,5.9411764705882355,785.5882352941177,,0.058823529411764705,0.0980392156862745
qa,1729,closed,1024,H1,musique,3_4hop,15,0.5166666666666666,0.13333333333333333,5.8,806.6,,0.26666666666666666,0.26666666666666666
qa,1729,closed,1024,H4-Flat,hotpot,ALL,32,0.8489583333333333,0.71875,5.65625,888.40625,,0.59375,0.6745098039215687
qa,1729,closed,1024,H4-Flat,hotpot,TOP128_COMPLETE,32,0.8489583333333333,0.71875,5.65625,888.40625,,0.59375,0.6745098039215687
qa,1729,closed,1024,H4-Flat,hotpot,bridge,27,0.8209876543209875,0.6666666666666666,5.592592592592593,893.7407407407408,,0.5555555555555556,0.6469135802469137
qa,1729,closed,1024,H4-Flat,hotpot,comparison,5,1.0,1.0,6.0,859.6,,0.8,0.8235294117647058
qa,1729,closed,1024,H4-Flat,musique,ALL,32,0.7161458333333333,0.40625,5.96875,826.0,,0.28125,0.3510142543859649
qa,1729,closed,1024,H4-Flat,musique,TOP128_COMPLETE,32,0.7161458333333333,0.40625,5.96875,826.0,,0.28125,0.3510142543859649
qa,1729,closed,1024,H4-Flat,musique,2hop,17,0.7647058823529411,0.5294117647058824,6.0,806.4705882352941,,0.17647058823529413,0.2636738906088751
qa,1729,closed,1024,H4-Flat,musique,3_4hop,15,0.6611111111111112,0.26666666666666666,5.933333333333334,848.1333333333333,,0.4,0.45
qa,1729,opened,512,DeepSets,hotpot,ALL,32,0.6927083333333333,0.40625,3.90625,493.09375,,0.59375,0.6745098039215687
qa,1729,opened,512,DeepSets,hotpot,TOP128_COMPLETE,31,0.7150537634408601,0.41935483870967744,3.935483870967742,494.7096774193548,,0.6129032258064516,0.696268184693232
qa,1729,opened,512,DeepSets,hotpot,TOP128_INCOMPLETE,1,0.0,0.0,3.0,443.0,,0.0,0.0
qa,1729,opened,512,DeepSets,hotpot,bridge,27,0.6543209876543209,0.3333333333333333,3.888888888888889,492.962962962963,,0.5555555555555556,0.6469135802469135
qa,1729,opened,512,DeepSets,hotpot,comparison,5,0.9,0.8,4.0,493.8,,0.8,0.8235294117647058
qa,1729,opened,512,DeepSets,musique,ALL,32,0.4505208333333333,0.09375,4.34375,498.46875,,0.125,0.16279761904761902
qa,1729,opened,512,DeepSets,musique,TOP128_COMPLETE,20,0.5166666666666666,0.15,4.2,500.65,,0.15,0.21047619047619048
qa,1729,opened,512,DeepSets,musique,TOP128_INCOMPLETE,12,0.34027777777777773,0.0,4.583333333333333,494.8333333333333,,0.08333333333333333,0.08333333333333333
qa,1729,opened,512,DeepSets,musique,2hop,17,0.47058823529411764,0.17647058823529413,4.470588235294118,497.4117647058824,,0.11764705882352941,0.1887955182072829
qa,1729,opened,512,DeepSets,musique,3_4hop,15,0.42777777777777776,0.0,4.2,499.6666666666667,,0.13333333333333333,0.13333333333333333
qa,1729,opened,512,Dense,hotpot,ALL,32,0.78125,0.59375,3.4375,494.0625,,0.6875,0.7578431372549019
qa,1729,opened,512,Dense,hotpot,TOP128_COMPLETE,31,0.8064516129032258,0.6129032258064516,3.4838709677419355,494.16129032258067,,0.7096774193548387,0.782289690069576
qa,1729,opened,512,Dense,hotpot,TOP128_INCOMPLETE,1,0.0,0.0,2.0,491.0,,0.0,0.0
qa,1729,opened,512,Dense,hotpot,bridge,27,0.7407407407407407,0.5185185185185185,3.2962962962962963,493.77777777777777,,0.6666666666666666,0.745679012345679
qa,1729,opened,512,Dense,hotpot,comparison,5,1.0,1.0,4.2,495.6,,0.8,0.8235294117647058
qa,1729,opened,512,Dense,musique,ALL,32,0.46875,0.15625,3.40625,494.625,,0.15625,0.2025767543859649
qa,1729,opened,512,Dense,musique,TOP128_COMPLETE,20,0.5375,0.25,3.3,493.3,,0.25,0.29912280701754385
qa,1729,opened,512,Dense,musique,TOP128_INCOMPLETE,12,0.3541666666666666,0.0,3.5833333333333335,496.8333333333333,,0.0,0.041666666666666664
qa,1729,opened,512,Dense,musique,2hop,17,0.5294117647058824,0.23529411764705882,3.2941176470588234,490.4117647058824,,0.11764705882352941,0.20485036119711042
qa,1729,opened,512,Dense,musique,3_4hop,15,0.39999999999999997,0.06666666666666667,3.533333333333333,499.4,,0.2,0.2
qa,1729,opened,512,H1,hotpot,ALL,32,0.7239583333333333,0.46875,3.5625,485.0,,0.5625,0.6432598039215687
qa,1729,opened,512,H1,hotpot,TOP128_COMPLETE,31,0.7473118279569891,0.4838709677419355,3.5806451612903225,484.51612903225805,,0.5806451612903226,0.664010120177103
qa,1729,opened,512,H1,hotpot,TOP128_INCOMPLETE,1,0.0,0.0,3.0,500.0,,0.0,0.0
qa,1729,opened,512,H1,hotpot,bridge,27,0.6728395061728394,0.37037037037037035,3.4814814814814814,485.6296296296296,,0.5185185185185185,0.6098765432098766
qa,1729,opened,512,H1,hotpot,comparison,5,1.0,1.0,4.0,481.6,,0.8,0.8235294117647058
qa,1729,opened,512,H1,musique,ALL,32,0.4427083333333333,0.09375,4.0625,491.15625,,0.1875,0.1875
qa,1729,opened,512,H1,musique,TOP128_COMPLETE,20,0.4916666666666666,0.15,4.1,491.75,,0.2,0.2
qa,1729,opened,512,H1,musique,TOP128_INCOMPLETE,12,0.3611111111111111,0.0,4.0,490.1666666666667,,0.16666666666666666,0.16666666666666666
qa,1729,opened,512,H1,musique,2hop,17,0.47058823529411764,0.11764705882352941,4.0588235294117645,490.88235294117646,,0.11764705882352941,0.11764705882352941
qa,1729,opened,512,H1,musique,3_4hop,15,0.41111111111111104,0.06666666666666667,4.066666666666666,491.46666666666664,,0.26666666666666666,0.26666666666666666
qa,1729,opened,512,H2,hotpot,ALL,32,0.6822916666666666,0.375,3.84375,500.21875,,0.625,0.7057598039215687
qa,1729,opened,512,H2,hotpot,TOP128_COMPLETE,31,0.7043010752688171,0.3870967741935484,3.870967741935484,501.03225806451616,,0.6451612903225806,0.728526249209361
qa,1729,opened,512,H2,hotpot,TOP128_INCOMPLETE,1,0.0,0.0,3.0,475.0,,0.0,0.0
qa,1729,opened,512,H2,hotpot,bridge,27,0.6234567901234568,0.25925925925925924,3.814814814814815,500.5925925925926,,0.5925925925925926,0.6839506172839506
qa,1729,opened,512,H2,hotpot,comparison,5,1.0,1.0,4.0,498.2,,0.8,0.8235294117647058
qa,1729,opened,512,H2,musique,ALL,32,0.359375,0.0625,4.0625,496.40625,,0.15625,0.2130952380952381
qa,1729,opened,512,H2,musique,TOP128_COMPLETE,20,0.41666666666666663,0.1,4.05,497.9,,0.15,0.2076190476190476
qa,1729,opened,512,H2,musique,TOP128_INCOMPLETE,12,0.2638888888888889,0.0,4.083333333333333,493.9166666666667,,0.16666666666666666,0.2222222222222222
qa,1729,opened,512,H2,musique,2hop,17,0.4117647058823529,0.11764705882352941,4.235294117647059,497.94117647058823,,0.058823529411764705,0.10980392156862745
qa,1729,opened,512,H2,musique,3_4hop,15,0.3,0.0,3.8666666666666667,494.6666666666667,,0.26666666666666666,0.33015873015873015
qa,1729,opened,512,H4-Flat,hotpot,ALL,32,0.65625,0.34375,3.90625,494.21875,,0.625,0.7057598039215687
qa,1729,opened,512,H4-Flat,hotpot,TOP128_COMPLETE,31,0.6774193548387096,0.3548387096774194,3.935483870967742,495.8709677419355,,0.6451612903225806,0.728526249209361
qa,1729,opened,512,H4-Flat,hotpot,TOP128_INCOMPLETE,1,0.0,0.0,3.0,443.0,,0.0,0.0
qa,1729,opened,512,H4-Flat,hotpot,bridge,27,0.6111111111111112,0.25925925925925924,3.888888888888889,494.18518518518516,,0.5925925925925926,0.6839506172839506
qa,1729,opened,512,H4-Flat,hotpot,comparison,5,0.9,0.8,4.0,494.4,,0.8,0.8235294117647058
qa,1729,opened,512,H4-Flat,musique,ALL,32,0.39322916666666663,0.0625,4.0625,499.21875,,0.09375,0.09821428571428571
qa,1729,opened,512,H4-Flat,musique,TOP128_COMPLETE,20,0.4583333333333333,0.1,4.1,500.85,,0.1,0.10714285714285714
qa,1729,opened,512,H4-Flat,musique,TOP128_INCOMPLETE,12,0.2847222222222222,0.0,4.0,496.5,,0.08333333333333333,0.08333333333333333
qa,1729,opened,512,H4-Flat,musique,2hop,17,0.4411764705882353,0.11764705882352941,4.235294117647059,502.88235294117646,,0.058823529411764705,0.06722689075630252
qa,1729,opened,512,H4-Flat,musique,3_4hop,15,0.33888888888888885,0.0,3.8666666666666667,495.06666666666666,,0.13333333333333333,0.13333333333333333
qa,1729,opened,512,MMR,hotpot,ALL,32,0.71875,0.46875,3.46875,498.59375,,0.65625,0.7213848039215687
qa,1729,opened,512,MMR,hotpot,TOP128_COMPLETE,31,0.7419354838709677,0.4838709677419355,3.5161290322580645,498.83870967741933,,0.6774193548387096,0.7446552814674257
qa,1729,opened,512,MMR,hotpot,TOP128_INCOMPLETE,1,0.0,0.0,2.0,491.0,,0.0,0.0
qa,1729,opened,512,MMR,hotpot,bridge,27,0.6666666666666666,0.37037037037037035,3.3703703703703702,498.48148148148147,,0.6296296296296297,0.7024691358024692
qa,1729,opened,512,MMR,hotpot,comparison,5,1.0,1.0,4.0,499.2,,0.8,0.8235294117647058
qa,1729,opened,512,MMR,musique,ALL,32,0.4765625,0.15625,3.59375,493.78125,,0.125,0.13486842105263158
qa,1729,opened,512,MMR,musique,TOP128_COMPLETE,20,0.5583333333333333,0.25,3.55,497.3,,0.2,0.21578947368421053
qa,1729,opened,512,MMR,musique,TOP128_INCOMPLETE,12,0.34027777777777773,0.0,3.6666666666666665,487.9166666666667,,0.0,0.0
qa,1729,opened,512,MMR,musique,2hop,17,0.5,0.17647058823529413,3.588235294117647,493.05882352941177,,0.11764705882352941,0.13622291021671828
qa,1729,opened,512,MMR,musique,3_4hop,15,0.44999999999999996,0.13333333333333333,3.6,494.6,,0.13333333333333333,0.13333333333333333
qa,1729,opened,1024,DeepSets,hotpot,ALL,64,0.828125,0.65625,5.90625,862.671875,,0.53125,0.60734418767507
qa,1729,opened,1024,DeepSets,hotpot,TOP128_COMPLETE,63,0.8412698412698413,0.6666666666666666,5.904761904761905,862.1587301587301,,0.5396825396825397,0.6169845716064204
qa,1729,opened,1024,DeepSets,hotpot,TOP128_INCOMPLETE,1,0.0,0.0,6.0,895.0,,0.0,0.0
qa,1729,opened,1024,DeepSets,hotpot,bridge,48,0.7708333333333334,0.5416666666666666,5.875,881.2708333333334,,0.4791666666666667,0.5781746031746032
qa,1729,opened,1024,DeepSets,hotpot,comparison,16,1.0,1.0,6.0,806.875,,0.6875,0.6948529411764706
qa,1729,opened,1024,DeepSets,musique,ALL,64,0.5208333333333334,0.1875,5.90625,895.78125,,0.1875,0.21733630952380953
qa,1729,opened,1024,DeepSets,musique,TOP128_COMPLETE,39,0.6431623931623931,0.3076923076923077,5.871794871794871,901.1538461538462,,0.2564102564102564,0.2925518925518925
qa,1729,opened,1024,DeepSets,musique,TOP128_INCOMPLETE,25,0.33,0.0,5.96,887.4,,0.08,0.1
qa,1729,opened,1024,DeepSets,musique,2hop,32,0.640625,0.375,5.9375,883.40625,,0.21875,0.278422619047619
qa,1729,opened,1024,DeepSets,musique,3_4hop,32,0.40104166666666663,0.0,5.875,908.15625,,0.15625,0.15625
qa,1729,opened,1024,Dense,hotpot,ALL,64,0.9036458333333334,0.8125,7.0625,1009.0625,,0.53125,0.6323937908496732
qa,1729,opened,1024,Dense,hotpot,TOP128_COMPLETE,63,0.917989417989418,0.8253968253968254,7.095238095238095,1008.8888888888889,,0.5396825396825397,0.6424317875298267
qa,1729,opened,1024,Dense,hotpot,TOP128_INCOMPLETE,1,0.0,0.0,5.0,1020.0,,0.0,0.0
qa,1729,opened,1024,Dense,hotpot,bridge,48,0.8715277777777777,0.75,6.875,1009.9375,,0.4583333333333333,0.5907407407407407
qa,1729,opened,1024,Dense,hotpot,comparison,16,1.0,1.0,7.625,1006.4375,,0.75,0.7573529411764706
qa,1729,opened,1024,Dense,musique,ALL,64,0.515625,0.1875,6.828125,1010.65625,,0.140625,0.17864583333333334
qa,1729,opened,1024,Dense,musique,TOP128_COMPLETE,39,0.6260683760683761,0.3076923076923077,6.615384615384615,1011.6153846153846,,0.23076923076923078,0.27606837606837603
qa,1729,opened,1024,Dense,musique,TOP128_INCOMPLETE,25,0.3433333333333334,0.0,7.16,1009.16,,0.0,0.026666666666666665
qa,1729,opened,1024,Dense,musique,2hop,32,0.59375,0.3125,7.0,1012.4375,,0.1875,0.22708333333333333
qa,1729,opened,1024,Dense,musique,3_4hop,32,0.4375,0.0625,6.65625,1008.875,,0.09375,0.13020833333333331
qa,1729,opened,1024,H1,hotpot,ALL,64,0.8020833333333333,0.640625,5.265625,790.140625,,0.515625,0.5950674019607842
qa,1729,opened,1024,H1,hotpot,TOP128_COMPLETE,63,0.8148148148148148,0.6507936507936508,5.253968253968254,787.2539682539683,,0.5238095238095238,0.604512916277622
qa,1729,opened,1024,H1,hotpot,TOP128_INCOMPLETE,1,0.0,0.0,6.0,972.0,,0.0,0.0
qa,1729,opened,1024,H1,hotpot,bridge,48,0.736111111111111,0.5208333333333334,5.25,820.2083333333334,,0.4583333333333333,0.5618055555555556
qa,1729,opened,1024,H1,hotpot,comparison,16,1.0,1.0,5.3125,699.9375,,0.6875,0.6948529411764706
qa,1729,opened,1024,H1,musique,ALL,64,0.48177083333333337,0.140625,5.8125,894.90625,,0.109375,0.15260416666666665
qa,1729,opened,1024,H1,musique,TOP128_COMPLETE,39,0.5769230769230769,0.23076923076923078,5.769230769230769,907.1538461538462,,0.15384615384615385,0.1692307692307692
qa,1729,opened,1024,H1,musique,TOP128_INCOMPLETE,25,0.33333333333333326,0.0,5.88,875.8,,0.04,0.12666666666666665
qa,1729,opened,1024,H1,musique,2hop,32,0.578125,0.25,5.78125,891.28125,,0.125,0.175
qa,1729,opened,1024,H1,musique,3_4hop,32,0.38541666666666663,0.03125,5.84375,898.53125,,0.09375,0.13020833333333331
qa,1729,opened,1024,H2,hotpot,ALL,64,0.78125,0.578125,5.90625,898.3125,,0.53125,0.6125525210084033
qa,1729,opened,1024,H2,hotpot,TOP128_COMPLETE,63,0.7936507936507936,0.5873015873015873,5.904761904761905,897.2063492063492,,0.5396825396825397,0.6222755768974255
qa,1729,opened,1024,H2,hotpot,TOP128_INCOMPLETE,1,0.0,0.0,6.0,968.0,,0.0,0.0
qa,1729,opened,1024,H2,hotpot,bridge,48,0.7083333333333334,0.4375,5.875,930.5625,,0.4583333333333333,0.5642857142857144
qa,1729,opened,1024,H2,hotpot,comparison,16,1.0,1.0,6.0,801.5625,,0.75,0.7573529411764706
qa,1729,opened,1024,H2,musique,ALL,64,0.46875,0.15625,5.734375,929.984375,,0.15625,0.18697916666666664
qa,1729,opened,1024,H2,musique,TOP128_COMPLETE,39,0.5576923076923078,0.2564102564102564,5.794871794871795,929.025641025641,,0.23076923076923078,0.2512820512820513
qa,1729,opened,1024,H2,musique,TOP128_INCOMPLETE,25,0.33,0.0,5.64,931.48,,0.04,0.08666666666666666
qa,1729,opened,1024,H2,musique,2hop,32,0.5625,0.28125,5.84375,922.0625,,0.21875,0.2802083333333333
qa,1729,opened,1024,H2,musique,3_4hop,32,0.375,0.03125,5.625,937.90625,,0.09375,0.09375
qa,1729,opened,1024,H4-Flat,hotpot,ALL,64,0.8359375,0.671875,5.9375,898.796875,,0.5625,0.6341299019607842
qa,1729,opened,1024,H4-Flat,hotpot,TOP128_COMPLETE,63,0.8492063492063492,0.6825396825396826,5.936507936507937,897.1111111111111,,0.5714285714285714,0.6441954559601617
qa,1729,opened,1024,H4-Flat,hotpot,TOP128_INCOMPLETE,1,0.0,0.0,6.0,1005.0,,0.0,0.0
qa,1729,opened,1024,H4-Flat,hotpot,bridge,48,0.78125,0.5625,5.916666666666667,923.0208333333334,,0.5,0.5930555555555556
qa,1729,opened,1024,H4-Flat,hotpot,comparison,16,1.0,1.0,6.0,826.125,,0.75,0.7573529411764706
qa,1729,opened,1024,H4-Flat,musique,ALL,64,0.4856770833333333,0.1875,5.875,934.921875,,0.15625,0.20208333333333334
qa,1729,opened,1024,H4-Flat,musique,TOP128_COMPLETE,39,0.5705128205128204,0.3076923076923077,5.82051282051282,932.6410256410256,,0.2564102564102564,0.2846153846153846
qa,1729,opened,1024,H4-Flat,musique,TOP128_INCOMPLETE,25,0.35333333333333333,0.0,5.96,938.48,,0.0,0.07333333333333332
qa,1729,opened,1024,H4-Flat,musique,2hop,32,0.578125,0.34375,5.90625,932.8125,,0.25,0.284375
qa,1729,opened,1024,H4-Flat,musique,3_4hop,32,0.39322916666666663,0.03125,5.84375,937.03125,,0.0625,0.11979166666666666
qa,1729,opened,1024,H4-GB,hotpot,ALL,64,0.8359375,0.671875,5.9375,898.796875,,0.5625,0.6341299019607842
qa,1729,opened,1024,H4-GB,hotpot,TOP128_COMPLETE,63,0.8492063492063492,0.6825396825396826,5.936507936507937,897.1111111111111,,0.5714285714285714,0.6441954559601617
qa,1729,opened,1024,H4-GB,hotpot,TOP128_INCOMPLETE,1,0.0,0.0,6.0,1005.0,,0.0,0.0
qa,1729,opened,1024,H4-GB,hotpot,bridge,48,0.78125,0.5625,5.916666666666667,923.0208333333334,,0.5,0.5930555555555556
qa,1729,opened,1024,H4-GB,hotpot,comparison,16,1.0,1.0,6.0,826.125,,0.75,0.7573529411764706
qa,1729,opened,1024,H4-GB,musique,ALL,64,0.4856770833333333,0.1875,5.875,934.921875,,0.15625,0.20208333333333334
qa,1729,opened,1024,H4-GB,musique,TOP128_COMPLETE,39,0.5705128205128204,0.3076923076923077,5.82051282051282,932.6410256410256,,0.2564102564102564,0.2846153846153846
qa,1729,opened,1024,H4-GB,musique,TOP128_INCOMPLETE,25,0.35333333333333333,0.0,5.96,938.48,,0.0,0.07333333333333332
qa,1729,opened,1024,H4-GB,musique,2hop,32,0.578125,0.34375,5.90625,932.8125,,0.25,0.284375
qa,1729,opened,1024,H4-GB,musique,3_4hop,32,0.39322916666666663,0.03125,5.84375,937.03125,,0.0625,0.11979166666666666
qa,1729,opened,1024,H4-KM,hotpot,ALL,64,0.8359375,0.671875,5.9375,898.796875,,0.5625,0.6341299019607842
qa,1729,opened,1024,H4-KM,hotpot,TOP128_COMPLETE,63,0.8492063492063492,0.6825396825396826,5.936507936507937,897.1111111111111,,0.5714285714285714,0.6441954559601617
qa,1729,opened,1024,H4-KM,hotpot,TOP128_INCOMPLETE,1,0.0,0.0,6.0,1005.0,,0.0,0.0
qa,1729,opened,1024,H4-KM,hotpot,bridge,48,0.78125,0.5625,5.916666666666667,923.0208333333334,,0.5,0.5930555555555556
qa,1729,opened,1024,H4-KM,hotpot,comparison,16,1.0,1.0,6.0,826.125,,0.75,0.7573529411764706
qa,1729,opened,1024,H4-KM,musique,ALL,64,0.4856770833333333,0.1875,5.875,934.921875,,0.15625,0.20208333333333334
qa,1729,opened,1024,H4-KM,musique,TOP128_COMPLETE,39,0.5705128205128204,0.3076923076923077,5.82051282051282,932.6410256410256,,0.2564102564102564,0.2846153846153846
qa,1729,opened,1024,H4-KM,musique,TOP128_INCOMPLETE,25,0.35333333333333333,0.0,5.96,938.48,,0.0,0.07333333333333332
qa,1729,opened,1024,H4-KM,musique,2hop,32,0.578125,0.34375,5.90625,932.8125,,0.25,0.284375
qa,1729,opened,1024,H4-KM,musique,3_4hop,32,0.39322916666666663,0.03125,5.84375,937.03125,,0.0625,0.11979166666666666
qa,1729,opened,1024,MMR,hotpot,ALL,64,0.8619791666666667,0.734375,7.125,1008.84375,,0.5625,0.6614736519607843
qa,1729,opened,1024,MMR,hotpot,TOP128_COMPLETE,63,0.8756613756613757,0.746031746031746,7.142857142857143,1008.7301587301587,,0.5714285714285714,0.6719732337379395
qa,1729,opened,1024,MMR,hotpot,TOP128_INCOMPLETE,1,0.0,0.0,6.0,1016.0,,0.0,0.0
qa,1729,opened,1024,MMR,hotpot,bridge,48,0.8159722222222222,0.6458333333333334,6.9375,1008.6458333333334,,0.4791666666666667,0.6086805555555556
qa,1729,opened,1024,MMR,hotpot,comparison,16,1.0,1.0,7.6875,1009.4375,,0.8125,0.8198529411764706
qa,1729,opened,1024,MMR,musique,ALL,64,0.54296875,0.21875,7.375,1005.828125,,0.171875,0.19910714285714287
qa,1729,opened,1024,MMR,musique,TOP128_COMPLETE,39,0.6175213675213674,0.358974358974359,7.0,1004.0512820512821,,0.28205128205128205,0.3139194139194139
qa,1729,opened,1024,MMR,musique,TOP128_INCOMPLETE,25,0.42666666666666664,0.0,7.96,1008.6,,0.0,0.02
qa,1729,opened,1024,MMR,musique,2hop,32,0.625,0.375,7.40625,1009.0625,,0.21875,0.2575892857142857
qa,1729,opened,1024,MMR,musique,3_4hop,32,0.4609375,0.0625,7.34375,1002.59375,,0.125,0.140625
qa,1729,opened,2048,DeepSets,hotpot,ALL,32,0.8333333333333333,0.6875,5.90625,935.71875,,0.625,0.6745098039215687
qa,1729,opened,2048,DeepSets,hotpot,TOP128_COMPLETE,31,0.8602150537634408,0.7096774193548387,5.903225806451613,937.0322580645161,,0.6451612903225806,0.696268184693232
qa,1729,opened,2048,DeepSets,hotpot,TOP128_INCOMPLETE,1,0.0,0.0,6.0,895.0,,0.0,0.0
qa,1729,opened,2048,DeepSets,hotpot,bridge,27,0.802469135802469,0.6296296296296297,5.888888888888889,947.5185185185185,,0.5925925925925926,0.6469135802469135
qa,1729,opened,2048,DeepSets,hotpot,comparison,5,1.0,1.0,6.0,872.0,,0.8,0.8235294117647058
qa,1729,opened,2048,DeepSets,musique,ALL,32,0.5833333333333334,0.28125,6.0,991.34375,,0.1875,0.22842261904761904
qa,1729,opened,2048,DeepSets,musique,TOP128_COMPLETE,20,0.7333333333333333,0.45,6.0,983.95,,0.25,0.29047619047619044
qa,1729,opened,2048,DeepSets,musique,TOP128_INCOMPLETE,12,0.3333333333333333,0.0,6.0,1003.6666666666666,,0.08333333333333333,0.125
qa,1729,opened,2048,DeepSets,musique,2hop,17,0.7352941176470589,0.5294117647058824,6.0,948.4705882352941,,0.23529411764705882,0.3123249299719888
qa,1729,opened,2048,DeepSets,musique,3_4hop,15,0.4111111111111111,0.0,6.0,1039.9333333333334,,0.13333333333333333,0.13333333333333333
qa,1729,opened,2048,Dense,hotpot,ALL,32,0.953125,0.9375,13.28125,2032.625,,0.625,0.6870098039215686
qa,1729,opened,2048,Dense,hotpot,TOP128_COMPLETE,31,0.9838709677419355,0.967741935483871,13.387096774193548,2033.032258064516,,0.6451612903225806,0.7091714104996838
qa,1729,opened,2048,Dense,hotpot,TOP128_INCOMPLETE,1,0.0,0.0,10.0,2020.0,,0.0,0.0
qa,1729,opened,2048,Dense,hotpot,bridge,27,0.9444444444444444,0.9259259259259259,13.11111111111111,2032.9259259259259,,0.6296296296296297,0.6987654320987654
qa,1729,opened,2048,Dense,hotpot,comparison,5,1.0,1.0,14.2,2031.0,,0.6,0.6235294117647059
qa,1729,opened,2048,Dense,musique,ALL,32,0.6666666666666666,0.3125,14.65625,2029.5,,0.125,0.16666666666666666
qa,1729,opened,2048,Dense,musique,TOP128_COMPLETE,20,0.7875,0.5,14.5,2031.0,,0.2,0.2333333333333333
qa,1729,opened,2048,Dense,musique,TOP128_INCOMPLETE,12,0.46527777777777785,0.0,14.916666666666666,2027.0,,0.0,0.05555555555555555
qa,1729,opened,2048,Dense,musique,2hop,17,0.7058823529411765,0.4117647058823529,14.882352941176471,2029.2941176470588,,0.17647058823529413,0.2156862745098039
qa,1729,opened,2048,Dense,musique,3_4hop,15,0.6222222222222221,0.2,14.4,2029.7333333333333,,0.06666666666666667,0.1111111111111111
qa,1729,opened,2048,H1,hotpot,ALL,32,0.8020833333333333,0.625,5.34375,884.25,,0.6875,0.7265931372549019
qa,1729,opened,2048,H1,hotpot,TOP128_COMPLETE,31,0.8279569892473118,0.6451612903225806,5.32258064516129,862.9354838709677,,0.7096774193548387,0.7500316255534472
qa,1729,opened,2048,H1,hotpot,TOP128_INCOMPLETE,1,0.0,0.0,6.0,1545.0,,0.0,0.0
qa,1729,opened,2048,H1,hotpot,bridge,27,0.7654320987654321,0.5555555555555556,5.296296296296297,892.8148148148148,,0.6666666666666666,0.7086419753086419
qa,1729,opened,2048,H1,hotpot,comparison,5,1.0,1.0,5.6,838.0,,0.8,0.8235294117647058
qa,1729,opened,2048,H1,musique,ALL,32,0.5520833333333333,0.1875,6.0,975.53125,,0.125,0.140625
qa,1729,opened,2048,H1,musique,TOP128_COMPLETE,20,0.65,0.3,6.0,970.1,,0.2,0.2
qa,1729,opened,2048,H1,musique,TOP128_INCOMPLETE,12,0.38888888888888884,0.0,6.0,984.5833333333334,,0.0,0.041666666666666664
qa,1729,opened,2048,H1,musique,2hop,17,0.6176470588235294,0.29411764705882354,6.0,939.8823529411765,,0.11764705882352941,0.14705882352941177
qa,1729,opened,2048,H1,musique,3_4hop,15,0.47777777777777775,0.06666666666666667,6.0,1015.9333333333333,,0.13333333333333333,0.13333333333333333
qa,1729,opened,2048,H2,hotpot,ALL,32,0.8020833333333333,0.625,5.9375,1000.28125,,0.625,0.6901348039215687
qa,1729,opened,2048,H2,hotpot,TOP128_COMPLETE,31,0.8279569892473118,0.6451612903225806,5.935483870967742,988.4193548387096,,0.6451612903225806,0.7123972169512965
qa,1729,opened,2048,H2,hotpot,TOP128_INCOMPLETE,1,0.0,0.0,6.0,1368.0,,0.0,0.0
qa,1729,opened,2048,H2,hotpot,bridge,27,0.7654320987654321,0.5555555555555556,5.925925925925926,1010.3333333333334,,0.5925925925925926,0.6654320987654321
qa,1729,opened,2048,H2,hotpot,comparison,5,1.0,1.0,6.0,946.0,,0.8,0.8235294117647058
qa,1729,opened,2048,H2,musique,ALL,32,0.546875,0.28125,5.9375,1091.125,,0.125,0.17549342105263158
qa,1729,opened,2048,H2,musique,TOP128_COMPLETE,20,0.675,0.45,6.0,1074.25,,0.2,0.2557894736842105
qa,1729,opened,2048,H2,musique,TOP128_INCOMPLETE,12,0.3333333333333333,0.0,5.833333333333333,1119.25,,0.0,0.041666666666666664
qa,1729,opened,2048,H2,musique,2hop,17,0.7058823529411765,0.47058823529411764,6.0,1069.6470588235295,,0.11764705882352941,0.21269349845201238
qa,1729,opened,2048,H2,musique,3_4hop,15,0.3666666666666666,0.06666666666666667,5.866666666666666,1115.4666666666667,,0.13333333333333333,0.13333333333333333
qa,1729,opened,2048,H4-Flat,hotpot,ALL,32,0.8489583333333333,0.71875,6.0,1021.4375,,0.6875,0.7474264705882353
qa,1729,opened,2048,H4-Flat,hotpot,TOP128_COMPLETE,31,0.8763440860215053,0.7419354838709677,6.0,1018.483870967742,,0.7096774193548387,0.7715370018975333
qa,1729,opened,2048,H4-Flat,hotpot,TOP128_INCOMPLETE,1,0.0,0.0,6.0,1113.0,,0.0,0.0
qa,1729,opened,2048,H4-Flat,hotpot,bridge,27,0.8209876543209875,0.6666666666666666,6.0,1041.1851851851852,,0.6666666666666666,0.7333333333333333
qa,1729,opened,2048,H4-Flat,hotpot,comparison,5,1.0,1.0,6.0,914.8,,0.8,0.8235294117647058
qa,1729,opened,2048,H4-Flat,musique,ALL,32,0.5494791666666666,0.25,6.0,1046.1875,,0.1875,0.22395833333333331
qa,1729,opened,2048,H4-Flat,musique,TOP128_COMPLETE,20,0.65,0.4,6.0,1039.55,,0.3,0.3
qa,1729,opened,2048,H4-Flat,musique,TOP128_INCOMPLETE,12,0.3819444444444444,0.0,6.0,1057.25,,0.0,0.09722222222222221
qa,1729,opened,2048,H4-Flat,musique,2hop,17,0.6764705882352942,0.4117647058823529,6.0,1019.9411764705883,,0.23529411764705882,0.2647058823529412
qa,1729,opened,2048,H4-Flat,musique,3_4hop,15,0.4055555555555555,0.06666666666666667,6.0,1075.9333333333334,,0.13333333333333333,0.17777777777777776
qa,1729,opened,2048,MMR,hotpot,ALL,32,0.9375,0.90625,13.6875,2033.65625,,0.59375,0.6536764705882353
qa,1729,opened,2048,MMR,hotpot,TOP128_COMPLETE,31,0.967741935483871,0.9354838709677419,13.741935483870968,2033.6451612903227,,0.6129032258064516,0.674762808349146
qa,1729,opened,2048,MMR,hotpot,TOP128_INCOMPLETE,1,0.0,0.0,12.0,2034.0,,0.0,0.0
qa,1729,opened,2048,MMR,hotpot,bridge,27,0.9259259259259259,0.8888888888888888,13.407407407407407,2033.851851851852,,0.5925925925925926,0.6592592592592591
qa,1729,opened,2048,MMR,hotpot,comparison,5,1.0,1.0,15.2,2032.6,,0.6,0.6235294117647059
qa,1729,opened,2048,MMR,musique,ALL,32,0.6276041666666666,0.25,16.15625,2028.8125,,0.09375,0.09375
qa,1729,opened,2048,MMR,musique,TOP128_COMPLETE,20,0.6916666666666667,0.4,15.95,2027.35,,0.15,0.15
qa,1729,opened,2048,MMR,musique,TOP128_INCOMPLETE,12,0.5208333333333334,0.0,16.5,2031.25,,0.0,0.0
qa,1729,opened,2048,MMR,musique,2hop,17,0.6470588235294118,0.35294117647058826,16.176470588235293,2026.4705882352941,,0.17647058823529413,0.17647058823529413
qa,1729,opened,2048,MMR,musique,3_4hop,15,0.6055555555555555,0.13333333333333333,16.133333333333333,2031.4666666666667,,0.0,0.0
qa,2026,opened,1024,DeepSets,hotpot,ALL,64,0.765625,0.5625,5.953125,940.203125,,0.5625,0.6527310924369747
qa,2026,opened,1024,DeepSets,hotpot,TOP128_COMPLETE,63,0.7777777777777778,0.5714285714285714,5.9523809523809526,939.6984126984127,,0.5714285714285714,0.6630919034280379
qa,2026,opened,1024,DeepSets,hotpot,TOP128_INCOMPLETE,1,0.0,0.0,6.0,972.0,,0.0,0.0
qa,2026,opened,1024,DeepSets,hotpot,bridge,48,0.6875,0.4166666666666667,5.9375,952.6666666666666,,0.5,0.6178571428571428
qa,2026,opened,1024,DeepSets,hotpot,comparison,16,1.0,1.0,6.0,902.8125,,0.75,0.7573529411764706
qa,2026,opened,1024,DeepSets,musique,ALL,64,0.47135416666666663,0.140625,5.875,941.3125,,0.125,0.15260416666666665
qa,2026,opened,1024,DeepSets,musique,TOP128_COMPLETE,39,0.5683760683760684,0.23076923076923078,5.897435897435898,944.3589743589744,,0.15384615384615385,0.1863247863247863
qa,2026,opened,1024,DeepSets,musique,TOP128_INCOMPLETE,25,0.31999999999999995,0.0,5.84,936.56,,0.08,0.1
qa,2026,opened,1024,DeepSets,musique,2hop,32,0.5625,0.28125,5.96875,934.5,,0.125,0.18020833333333333
qa,2026,opened,1024,DeepSets,musique,3_4hop,32,0.3802083333333333,0.0,5.78125,948.125,,0.125,0.125
qa,2026,opened,1024,Dense,hotpot,ALL,64,0.9036458333333334,0.8125,7.0625,1009.0625,,0.53125,0.6323937908496732
qa,2026,opened,1024,Dense,hotpot,TOP128_COMPLETE,63,0.917989417989418,0.8253968253968254,7.095238095238095,1008.8888888888889,,0.5396825396825397,0.6424317875298267
qa,2026,opened,1024,Dense,hotpot,TOP128_INCOMPLETE,1,0.0,0.0,5.0,1020.0,,0.0,0.0
qa,2026,opened,1024,Dense,hotpot,bridge,48,0.8715277777777777,0.75,6.875,1009.9375,,0.4583333333333333,0.5907407407407407
qa,2026,opened,1024,Dense,hotpot,comparison,16,1.0,1.0,7.625,1006.4375,,0.75,0.7573529411764706
qa,2026,opened,1024,Dense,musique,ALL,64,0.515625,0.1875,6.828125,1010.65625,,0.140625,0.17864583333333334
qa,2026,opened,1024,Dense,musique,TOP128_COMPLETE,39,0.6260683760683761,0.3076923076923077,6.615384615384615,1011.6153846153846,,0.23076923076923078,0.27606837606837603
qa,2026,opened,1024,Dense,musique,TOP128_INCOMPLETE,25,0.3433333333333334,0.0,7.16,1009.16,,0.0,0.026666666666666665
qa,2026,opened,1024,Dense,musique,2hop,32,0.59375,0.3125,7.0,1012.4375,,0.1875,0.22708333333333333
qa,2026,opened,1024,Dense,musique,3_4hop,32,0.4375,0.0625,6.65625,1008.875,,0.09375,0.13020833333333331
qa,2026,opened,1024,H1,hotpot,ALL,64,0.7864583333333333,0.59375,5.453125,817.9375,,0.546875,0.6185049019607843
qa,2026,opened,1024,H1,hotpot,TOP128_COMPLETE,63,0.7989417989417988,0.6031746031746031,5.4603174603174605,814.984126984127,,0.5555555555555556,0.6283224400871459
qa,2026,opened,1024,H1,hotpot,TOP128_INCOMPLETE,1,0.0,0.0,5.0,1004.0,,0.0,0.0
qa,2026,opened,1024,H1,hotpot,bridge,48,0.7152777777777777,0.4583333333333333,5.354166666666667,845.5208333333334,,0.4791666666666667,0.5722222222222223
qa,2026,opened,1024,H1,hotpot,comparison,16,1.0,1.0,5.75,735.1875,,0.75,0.7573529411764706
qa,2026,opened,1024,H1,musique,ALL,64,0.47395833333333326,0.171875,5.328125,851.1875,,0.1875,0.23680555555555555
qa,2026,opened,1024,H1,musique,TOP128_COMPLETE,39,0.5747863247863247,0.28205128205128205,5.384615384615385,855.6666666666666,,0.2564102564102564,0.2945868945868946
qa,2026,opened,1024,H1,musique,TOP128_INCOMPLETE,25,0.31666666666666665,0.0,5.24,844.2,,0.08,0.14666666666666667
qa,2026,opened,1024,H1,musique,2hop,32,0.59375,0.3125,5.5,841.65625,,0.21875,0.2947916666666667
qa,2026,opened,1024,H1,musique,3_4hop,32,0.35416666666666663,0.03125,5.15625,860.71875,,0.15625,0.17881944444444445
qa,2026,opened,1024,H2,hotpot,ALL,64,0.8020833333333333,0.625,5.765625,859.234375,,0.53125,0.6169424019607843
qa,2026,opened,1024,H2,hotpot,TOP128_COMPLETE,63,0.8148148148148148,0.6349206349206349,5.809523809523809,865.952380952381,,0.5396825396825397,0.6267351384998443
qa,2026,opened,1024,H2,hotpot,TOP128_INCOMPLETE,1,0.0,0.0,3.0,436.0,,0.0,0.0
qa,2026,opened,1024,H2,hotpot,bridge,48,0.736111111111111,0.5,5.708333333333333,891.4791666666666,,0.4791666666666667,0.5909722222222222
qa,2026,opened,1024,H2,hotpot,comparison,16,1.0,1.0,5.9375,762.5,,0.6875,0.6948529411764706
qa,2026,opened,1024,H2,musique,ALL,64,0.49479166666666663,0.203125,5.640625,895.578125,,0.15625,0.20758928571428573
qa,2026,opened,1024,H2,musique,TOP128_COMPLETE,39,0.6089743589743589,0.3333333333333333,5.743589743589744,896.8461538461538,,0.2564102564102564,0.3064713064713065
qa,2026,opened,1024,H2,musique,TOP128_INCOMPLETE,25,0.3166666666666666,0.0,5.48,893.6,,0.0,0.05333333333333333
qa,2026,opened,1024,H2,musique,2hop,32,0.625,0.375,5.84375,878.375,,0.25,0.3229166666666667
qa,2026,opened,1024,H2,musique,3_4hop,32,0.3645833333333333,0.03125,5.4375,912.78125,,0.0625,0.09226190476190477
qa,2026,opened,1024,H4-Flat,hotpot,ALL,64,0.8203125,0.640625,5.953125,922.875,,0.546875,0.63859418767507
qa,2026,opened,1024,H4-Flat,hotpot,TOP128_COMPLETE,63,0.8333333333333334,0.6507936507936508,5.9523809523809526,921.7777777777778,,0.5555555555555556,0.6487306033524521
qa,2026,opened,1024,H4-Flat,hotpot,TOP128_INCOMPLETE,1,0.0,0.0,6.0,992.0,,0.0,0.0
qa,2026,opened,1024,H4-Flat,hotpot,bridge,48,0.7604166666666666,0.5208333333333334,5.9375,950.3125,,0.4791666666666667,0.5990079365079365
qa,2026,opened,1024,H4-Flat,hotpot,comparison,16,1.0,1.0,6.0,840.5625,,0.75,0.7573529411764706
qa,2026,opened,1024,H4-Flat,musique,ALL,64,0.484375,0.1875,5.8125,933.921875,,0.171875,0.22217261904761904
qa,2026,opened,1024,H4-Flat,musique,TOP128_COMPLETE,39,0.5918803418803419,0.3076923076923077,5.82051282051282,932.1282051282051,,0.28205128205128205,0.3175824175824176
qa,2026,opened,1024,H4-Flat,musique,TOP128_INCOMPLETE,25,0.3166666666666666,0.0,5.8,936.72,,0.0,0.07333333333333332
qa,2026,opened,1024,H4-Flat,musique,2hop,32,0.59375,0.34375,5.875,917.65625,,0.21875,0.253125
qa,2026,opened,1024,H4-Flat,musique,3_4hop,32,0.375,0.03125,5.75,950.1875,,0.125,0.19122023809523808
qa,2026,opened,1024,MMR,hotpot,ALL,64,0.8619791666666667,0.734375,7.125,1008.84375,,0.5625,0.6614736519607843
qa,2026,opened,1024,MMR,hotpot,TOP128_COMPLETE,63,0.8756613756613757,0.746031746031746,7.142857142857143,1008.7301587301587,,0.5714285714285714,0.6719732337379395
qa,2026,opened,1024,MMR,hotpot,TOP128_INCOMPLETE,1,0.0,0.0,6.0,1016.0,,0.0,0.0
qa,2026,opened,1024,MMR,hotpot,bridge,48,0.8159722222222222,0.6458333333333334,6.9375,1008.6458333333334,,0.4791666666666667,0.6086805555555556
qa,2026,opened,1024,MMR,hotpot,comparison,16,1.0,1.0,7.6875,1009.4375,,0.8125,0.8198529411764706
qa,2026,opened,1024,MMR,musique,ALL,64,0.54296875,0.21875,7.375,1005.828125,,0.171875,0.19910714285714287
qa,2026,opened,1024,MMR,musique,TOP128_COMPLETE,39,0.6175213675213674,0.358974358974359,7.0,1004.0512820512821,,0.28205128205128205,0.3139194139194139
qa,2026,opened,1024,MMR,musique,TOP128_INCOMPLETE,25,0.42666666666666664,0.0,7.96,1008.6,,0.0,0.02
qa,2026,opened,1024,MMR,musique,2hop,32,0.625,0.375,7.40625,1009.0625,,0.21875,0.2575892857142857
qa,2026,opened,1024,MMR,musique,3_4hop,32,0.4609375,0.0625,7.34375,1002.59375,,0.125,0.140625
