seed,setting,budget,method,tag,queries,coverage,complete,reachable_cov,reachable_full,blocks,tokens
426,opened,1024,DeepSets,hotpot,64,0.734375,0.5,0.9921875,0.984375,5.96875,916.75
426,opened,1024,DeepSets,musique,64,0.484375,0.1875,0.8346354166666667,0.609375,5.8125,901.328125
426,opened,1024,Dense,hotpot,64,0.9036458333333334,0.8125,0.9921875,0.984375,7.0625,1009.0625
426,opened,1024,Dense,musique,64,0.515625,0.1875,0.8346354166666667,0.609375,6.828125,1010.65625
426,opened,1024,H1,hotpot,64,0.78125,0.59375,0.9921875,0.984375,5.8125,804.9375
426,opened,1024,H1,musique,64,0.47526041666666663,0.15625,0.8346354166666667,0.609375,5.9375,826.734375
426,opened,1024,H1-sort,hotpot,64,0.78125,0.59375,0.9921875,0.984375,5.953125,821.28125
426,opened,1024,H1-sort,musique,64,0.47135416666666663,0.15625,0.8346354166666667,0.609375,5.828125,831.171875
426,opened,1024,H2,hotpot,64,0.8125,0.640625,0.9921875,0.984375,5.75,929.015625
426,opened,1024,H2,musique,64,0.4921875,0.21875,0.8346354166666667,0.609375,5.703125,976.46875
426,opened,1024,H4-Flat,hotpot,64,0.8203125,0.640625,0.9921875,0.984375,5.828125,903.6875
426,opened,1024,H4-Flat,musique,64,0.4856770833333333,0.21875,0.8346354166666667,0.609375,5.59375,939.390625
426,opened,1024,MMR,hotpot,64,0.8619791666666667,0.734375,0.9921875,0.984375,7.125,1008.84375
426,opened,1024,MMR,musique,64,0.54296875,0.21875,0.8346354166666667,0.609375,7.375,1005.828125
1729,closed,1024,Dense,hotpot,32,1.0,1.0,1.0,1.0,6.53125,977.03125
1729,closed,1024,Dense,musique,32,0.7942708333333333,0.59375,1.0,1.0,7.75,999.9375
1729,closed,1024,H1,hotpot,32,0.78125,0.625,1.0,1.0,4.6875,755.5625
1729,closed,1024,H1,musique,32,0.5546875,0.21875,1.0,1.0,5.875,795.4375
1729,closed,1024,H4-Flat,hotpot,32,0.8489583333333333,0.71875,1.0,1.0,5.65625,888.40625
1729,closed,1024,H4-Flat,musique,32,0.7161458333333333,0.40625,1.0,1.0,5.96875,826.0
1729,opened,512,DeepSets,hotpot,32,0.6927083333333333,0.40625,0.984375,0.96875,3.90625,493.09375
1729,opened,512,DeepSets,musique,32,0.4505208333333333,0.09375,0.8307291666666666,0.625,4.34375,498.46875
1729,opened,512,Dense,hotpot,32,0.78125,0.59375,0.984375,0.96875,3.4375,494.0625
1729,opened,512,Dense,musique,32,0.46875,0.15625,0.8307291666666666,0.625,3.40625,494.625
1729,opened,512,H1,hotpot,32,0.7239583333333333,0.46875,0.984375,0.96875,3.5625,485.0
1729,opened,512,H1,musique,32,0.4427083333333333,0.09375,0.8307291666666666,0.625,4.0625,491.15625
1729,opened,512,H1-sort,hotpot,32,0.7395833333333333,0.5,0.984375,0.96875,3.53125,497.125
1729,opened,512,H1-sort,musique,32,0.4739583333333333,0.125,0.8307291666666666,0.625,3.5,494.71875
1729,opened,512,H2,hotpot,32,0.6822916666666666,0.375,0.984375,0.96875,3.84375,500.21875
1729,opened,512,H2,musique,32,0.359375,0.0625,0.8307291666666666,0.625,4.0625,496.40625
1729,opened,512,H4-Flat,hotpot,32,0.65625,0.34375,0.984375,0.96875,3.90625,494.21875
1729,opened,512,H4-Flat,musique,32,0.39322916666666663,0.0625,0.8307291666666666,0.625,4.0625,499.21875
1729,opened,512,MMR,hotpot,32,0.71875,0.46875,0.984375,0.96875,3.46875,498.59375
1729,opened,512,MMR,musique,32,0.4765625,0.15625,0.8307291666666666,0.625,3.59375,493.78125
1729,opened,1024,DeepSets,hotpot,196,0.8469387755102041,0.6989795918367347,0.9855442176870748,0.9693877551020408,5.928571428571429,872.7602040816327
1729,opened,1024,DeepSets,musique,542,0.5598093480934808,0.23062730627306274,0.8520910209102092,0.6771217712177122,5.904059040590406,896.8837638376384
1729,opened,1024,Dense,hotpot,196,0.9183673469387755,0.8418367346938775,0.9855442176870748,0.9693877551020408,7.183673469387755,1007.795918367347
1729,opened,1024,Dense,musique,542,0.577490774907749,0.2693726937269373,0.8520910209102092,0.6771217712177122,6.765682656826568,1006.730627306273
1729,opened,1024,H1,hotpot,196,0.8197278911564625,0.6530612244897959,0.9855442176870748,0.9693877551020408,5.13265306122449,776.2295918367347
1729,opened,1024,H1,musique,542,0.5575030750307503,0.24538745387453875,0.8520910209102092,0.6771217712177122,5.645756457564576,897.380073800738
1729,opened,1024,H1-sort,hotpot,196,0.8239795918367347,0.6683673469387755,0.9855442176870748,0.9693877551020408,5.877551020408164,869.8877551020408
1729,opened,1024,H1-sort,musique,542,0.5584255842558424,0.24538745387453875,0.8520910209102092,0.6771217712177122,5.654981549815498,919.7527675276752
1729,opened,1024,H2,hotpot,196,0.8129251700680271,0.6428571428571429,0.9855442176870748,0.9693877551020408,5.923469387755102,897.0255102040817
1729,opened,1024,H2,musique,542,0.5547355473554736,0.23247232472324722,0.8520910209102092,0.6771217712177122,5.754612546125461,929.2952029520295
1729,opened,1024,H4-Flat,hotpot,196,0.8528911564625852,0.7091836734693877,0.9855442176870748,0.9693877551020408,5.9438775510204085,900.0408163265306
1729,opened,1024,H4-Flat,musique,542,0.5495079950799507,0.22324723247232472,0.8520910209102092,0.6771217712177122,5.833948339483395,927.09963099631
1729,opened,1024,H4-GB,hotpot,196,0.8528911564625852,0.7091836734693877,0.9855442176870748,0.9693877551020408,5.9438775510204085,900.0408163265306
1729,opened,1024,H4-GB,musique,542,0.5495079950799507,0.22324723247232472,0.8520910209102092,0.6771217712177122,5.833948339483395,927.09963099631
1729,opened,1024,H4-KM,hotpot,196,0.8528911564625852,0.7091836734693877,0.9855442176870748,0.9693877551020408,5.9438775510204085,900.0408163265306
1729,opened,1024,H4-KM,musique,542,0.5495079950799507,0.22324723247232472,0.8520910209102092,0.6771217712177122,5.833948339483395,927.09963099631
1729,opened,1024,H4-Representative,hotpot,196,0.5054421768707483,0.3469387755102041,0.9855442176870748,0.9693877551020408,5.5561224489795915,865.4948979591836
1729,opened,1024,H4-Representative,musique,542,0.26014760147601473,0.05350553505535055,0.8520910209102092,0.6771217712177122,5.0055350553505535,825.6549815498155
1729,opened,1024,MMR,hotpot,196,0.8801020408163265,0.7602040816326531,0.9855442176870748,0.9693877551020408,7.112244897959184,1006.3367346938776
1729,opened,1024,MMR,musique,542,0.5507380073800738,0.22140221402214022,0.8520910209102092,0.6771217712177122,7.308118081180812,1007.3228782287823
1729,opened,2048,DeepSets,hotpot,32,0.8333333333333333,0.6875,0.984375,0.96875,5.90625,935.71875
1729,opened,2048,DeepSets,musique,32,0.5833333333333334,0.28125,0.8307291666666666,0.625,6.0,991.34375
1729,opened,2048,Dense,hotpot,32,0.953125,0.9375,0.984375,0.96875,13.28125,2032.625
1729,opened,2048,Dense,musique,32,0.6666666666666666,0.3125,0.8307291666666666,0.625,14.65625,2029.5
1729,opened,2048,H1,hotpot,32,0.8020833333333333,0.625,0.984375,0.96875,5.34375,884.25
1729,opened,2048,H1,musique,32,0.5520833333333333,0.1875,0.8307291666666666,0.625,6.0,975.53125
1729,opened,2048,H1-sort,hotpot,32,0.8020833333333333,0.625,0.984375,0.96875,6.0,988.03125
1729,opened,2048,H1-sort,musique,32,0.5520833333333333,0.1875,0.8307291666666666,0.625,6.0,975.53125
1729,opened,2048,H2,hotpot,32,0.8020833333333333,0.625,0.984375,0.96875,5.9375,1000.28125
1729,opened,2048,H2,musique,32,0.546875,0.28125,0.8307291666666666,0.625,5.9375,1091.125
1729,opened,2048,H4-Flat,hotpot,32,0.8489583333333333,0.71875,0.984375,0.96875,6.0,1021.4375
1729,opened,2048,H4-Flat,musique,32,0.5494791666666666,0.25,0.8307291666666666,0.625,6.0,1046.1875
1729,opened,2048,MMR,hotpot,32,0.9375,0.90625,0.984375,0.96875,13.6875,2033.65625
1729,opened,2048,MMR,musique,32,0.6276041666666666,0.25,0.8307291666666666,0.625,16.15625,2028.8125
2026,opened,1024,DeepSets,hotpot,64,0.765625,0.5625,0.9921875,0.984375,5.953125,940.203125
2026,opened,1024,DeepSets,musique,64,0.47135416666666663,0.140625,0.8346354166666667,0.609375,5.875,941.3125
2026,opened,1024,Dense,hotpot,64,0.9036458333333334,0.8125,0.9921875,0.984375,7.0625,1009.0625
2026,opened,1024,Dense,musique,64,0.515625,0.1875,0.8346354166666667,0.609375,6.828125,1010.65625
2026,opened,1024,H1,hotpot,64,0.7864583333333333,0.59375,0.9921875,0.984375,5.453125,817.9375
2026,opened,1024,H1,musique,64,0.47395833333333326,0.171875,0.8346354166666667,0.609375,5.328125,851.1875
2026,opened,1024,H1-sort,hotpot,64,0.8020833333333333,0.625,0.9921875,0.984375,5.859375,875.34375
2026,opened,1024,H1-sort,musique,64,0.47786458333333326,0.15625,0.8346354166666667,0.609375,5.71875,906.546875
2026,opened,1024,H2,hotpot,64,0.8020833333333333,0.625,0.9921875,0.984375,5.765625,859.234375
2026,opened,1024,H2,musique,64,0.49479166666666663,0.203125,0.8346354166666667,0.609375,5.640625,895.578125
2026,opened,1024,H4-Flat,hotpot,64,0.8203125,0.640625,0.9921875,0.984375,5.953125,922.875
2026,opened,1024,H4-Flat,musique,64,0.484375,0.1875,0.8346354166666667,0.609375,5.8125,933.921875
2026,opened,1024,MMR,hotpot,64,0.8619791666666667,0.734375,0.9921875,0.984375,7.125,1008.84375
2026,opened,1024,MMR,musique,64,0.54296875,0.21875,0.8346354166666667,0.609375,7.375,1005.828125
