query,dataset,seed,model,budget,protocol,full_static,full_aligned,delta_f1,delta_coverage,delta_em,delta_blocks,delta_input_tokens,context_changed,members_changed
q009,hotpot,1729,H1,1024,P2,0.0,1.0,0.0,0.5,0.0,0,-107,1,1
q009,hotpot,1729,H2,1024,P2,0.0,1.0,0.0,0.5,0.0,0,-315,1,1
q009,hotpot,1729,DeepSets,1024,P2,0.0,1.0,0.0,0.5,0.0,0,-231,1,1
q009,hotpot,1729,H4,1024,P2,0.0,0.0,-1.0,0.0,-1.0,0,-285,1,1
q049,hotpot,1729,H1,1024,P2,0.0,0.0,0.0,0.0,0.0,0,54,1,1
q049,hotpot,1729,H2,1024,P2,0.0,0.0,0.0,0.0,0.0,0,-9,1,1
q049,hotpot,1729,DeepSets,1024,P2,0.0,0.0,0.0,0.0,0.0,-3,-227,1,1
q049,hotpot,1729,H4,1024,P2,0.0,0.0,0.0,0.0,0.0,0,43,1,1
q050,hotpot,1729,H1,1024,P2,1.0,1.0,0.0,0.0,0.0,1,281,1,1
q050,hotpot,1729,H2,1024,P2,1.0,1.0,0.0,0.0,0.0,0,0,1,1
q050,hotpot,1729,DeepSets,1024,P2,1.0,1.0,0.0,0.0,0.0,-1,-86,1,1
q050,hotpot,1729,H4,1024,P2,1.0,1.0,0.0,0.0,0.0,0,36,1,1
q063,hotpot,1729,H1,1024,P2,1.0,1.0,0.0,0.0,0.0,-1,-191,1,1
q063,hotpot,1729,H2,1024,P2,1.0,1.0,0.0,0.0,0.0,0,23,1,1
q063,hotpot,1729,DeepSets,1024,P2,1.0,1.0,0.0,0.0,0.0,-3,-225,1,1
q063,hotpot,1729,H4,1024,P2,1.0,1.0,0.0,0.0,0.0,0,28,1,1
q016,hotpot,1729,H1,1024,P2,1.0,1.0,0.0,0.0,0.0,-2,-275,1,1
q016,hotpot,1729,H2,1024,P2,1.0,1.0,0.0,0.0,0.0,0,-95,1,1
q016,hotpot,1729,DeepSets,1024,P2,1.0,1.0,0.0,0.0,0.0,-2,-286,1,1
q016,hotpot,1729,H4,1024,P2,1.0,1.0,0.0,0.0,0.0,0,-94,1,1
q039,hotpot,1729,H1,1024,P2,1.0,1.0,0.0,0.0,0.0,1,117,1,1
q039,hotpot,1729,H2,1024,P2,1.0,1.0,0.0,0.0,0.0,0,-17,1,1
q039,hotpot,1729,DeepSets,1024,P2,1.0,1.0,0.0,0.0,0.0,-2,-249,1,1
q039,hotpot,1729,H4,1024,P2,1.0,1.0,0.0,0.0,0.0,0,-16,1,1
q020,hotpot,1729,H1,1024,P2,1.0,1.0,0.0,0.0,0.0,0,0,0,0
q020,hotpot,1729,H2,1024,P2,1.0,1.0,0.0,0.0,0.0,0,-89,1,1
q020,hotpot,1729,DeepSets,1024,P2,1.0,1.0,0.0,0.0,0.0,0,24,1,1
q020,hotpot,1729,H4,1024,P2,1.0,1.0,0.0,0.0,0.0,0,3,1,1
q054,hotpot,1729,H1,1024,P2,1.0,1.0,0.0,0.0,0.0,-3,-171,1,1
q054,hotpot,1729,H2,1024,P2,1.0,1.0,0.0,0.0,0.0,0,237,1,1
q054,hotpot,1729,DeepSets,1024,P2,1.0,1.0,0.0,0.0,0.0,0,188,1,1
q054,hotpot,1729,H4,1024,P2,1.0,1.0,0.0,0.0,0.0,0,92,1,1
q017,hotpot,1729,H1,1024,P2,1.0,1.0,0.0,0.0,0.0,0,-98,1,1
q017,hotpot,1729,H2,1024,P2,1.0,1.0,0.0,0.0,0.0,0,-1,1,1
q017,hotpot,1729,DeepSets,1024,P2,1.0,1.0,0.0,0.0,0.0,-3,-311,1,1
q017,hotpot,1729,H4,1024,P2,1.0,1.0,0.0,0.0,0.0,0,-199,1,1
q001,hotpot,1729,H1,1024,P2,1.0,1.0,0.0,0.0,0.0,-2,-204,1,1
q001,hotpot,1729,H2,1024,P2,1.0,1.0,0.0,0.0,0.0,0,-7,1,1
q001,hotpot,1729,DeepSets,1024,P2,1.0,1.0,0.0,0.0,0.0,0,133,1,1
q001,hotpot,1729,H4,1024,P2,1.0,1.0,0.0,0.0,0.0,0,-155,1,1
q005,hotpot,1729,H1,1024,P2,0.0,0.0,0.0,0.0,0.0,-1,-208,1,1
q005,hotpot,1729,H2,1024,P2,0.0,0.0,0.0,0.0,0.0,0,-188,1,1
q005,hotpot,1729,DeepSets,1024,P2,0.0,0.0,0.0,0.0,0.0,-3,-243,1,1
q005,hotpot,1729,H4,1024,P2,0.0,0.0,0.0,0.0,0.0,0,-9,1,1
q035,hotpot,1729,H1,1024,P2,1.0,1.0,0.0,0.0,0.0,0,0,0,0
q035,hotpot,1729,H2,1024,P2,1.0,1.0,0.0,0.0,0.0,0,-88,1,1
q035,hotpot,1729,DeepSets,1024,P2,1.0,1.0,0.0,0.0,0.0,0,-77,1,1
q035,hotpot,1729,H4,1024,P2,1.0,1.0,0.0,0.0,0.0,0,-119,1,1
q040,hotpot,1729,H1,1024,P2,1.0,1.0,0.0,0.0,0.0,-2,-301,1,1
q040,hotpot,1729,H2,1024,P2,1.0,1.0,0.0,0.0,0.0,0,-95,1,1
q040,hotpot,1729,DeepSets,1024,P2,1.0,1.0,0.0,0.0,0.0,-2,-227,1,1
q040,hotpot,1729,H4,1024,P2,1.0,1.0,0.0,0.0,0.0,0,42,1,1
q051,hotpot,1729,H1,1024,P2,1.0,1.0,0.0,0.0,0.0,0,0,0,0
q051,hotpot,1729,H2,1024,P2,1.0,1.0,0.0,0.0,0.0,0,-207,1,1
q051,hotpot,1729,DeepSets,1024,P2,1.0,1.0,0.0,0.0,0.0,0,-74,1,1
q051,hotpot,1729,H4,1024,P2,1.0,1.0,0.0,0.0,0.0,0,-42,1,1
q042,hotpot,1729,H1,1024,P2,1.0,1.0,0.0,0.0,0.0,-2,-472,1,1
q042,hotpot,1729,H2,1024,P2,1.0,1.0,0.0,0.0,0.0,0,-234,1,1
q042,hotpot,1729,DeepSets,1024,P2,1.0,1.0,0.0,0.0,0.0,0,-127,1,1
q042,hotpot,1729,H4,1024,P2,1.0,1.0,0.0,0.0,0.0,0,-184,1,1
q002,hotpot,1729,H1,1024,P2,1.0,1.0,0.0,0.0,0.0,-3,-504,1,1
q002,hotpot,1729,H2,1024,P2,1.0,1.0,0.0,0.0,0.0,-1,-238,1,1
q002,hotpot,1729,DeepSets,1024,P2,1.0,1.0,0.0,0.0,0.0,-3,-540,1,1
q002,hotpot,1729,H4,1024,P2,1.0,1.0,0.0,0.0,0.0,0,-125,1,1
q019,hotpot,1729,H1,1024,P2,0.0,1.0,0.0,0.5,0.0,0,127,1,1
q019,hotpot,1729,H2,1024,P2,0.0,0.0,0.0,0.0,0.0,0,-293,1,1
q019,hotpot,1729,DeepSets,1024,P2,0.0,1.0,0.0,0.5,0.0,-2,-275,1,1
q019,hotpot,1729,H4,1024,P2,1.0,1.0,0.0,0.0,0.0,0,-19,1,1
q003,hotpot,1729,H1,1024,P2,0.0,0.0,0.0,0.0,0.0,0,70,1,1
q003,hotpot,1729,H2,1024,P2,0.0,1.0,1.0,0.5,1.0,0,-67,1,1
q003,hotpot,1729,DeepSets,1024,P2,0.0,1.0,1.0,0.5,1.0,0,152,1,1
q003,hotpot,1729,H4,1024,P2,1.0,1.0,0.0,0.0,0.0,0,-21,1,1
q029,hotpot,1729,H1,1024,P2,0.0,0.0,0.0,0.0,0.0,-2,-153,1,1
q029,hotpot,1729,H2,1024,P2,0.0,0.0,0.0,0.0,0.0,0,90,1,1
q029,hotpot,1729,DeepSets,1024,P2,0.0,0.0,0.0,0.0,0.0,0,129,1,1
q029,hotpot,1729,H4,1024,P2,0.0,0.0,0.0,0.0,0.0,0,65,1,1
q056,hotpot,1729,H1,1024,P2,1.0,1.0,0.0,0.0,0.0,-1,-52,1,1
q056,hotpot,1729,H2,1024,P2,1.0,1.0,0.0,0.0,0.0,0,26,1,1
q056,hotpot,1729,DeepSets,1024,P2,1.0,1.0,0.0,0.0,0.0,0,100,1,1
q056,hotpot,1729,H4,1024,P2,1.0,1.0,0.0,0.0,0.0,0,-1,1,1
q038,hotpot,1729,H1,1024,P2,1.0,1.0,0.0,0.0,0.0,0,-93,1,1
q038,hotpot,1729,H2,1024,P2,1.0,1.0,0.0,0.0,0.0,0,126,1,1
q038,hotpot,1729,DeepSets,1024,P2,1.0,1.0,0.0,0.0,0.0,0,134,1,1
q038,hotpot,1729,H4,1024,P2,1.0,1.0,0.0,0.0,0.0,0,40,1,1
q037,hotpot,1729,H1,1024,P2,0.0,0.0,0.0,0.0,0.0,-1,-160,1,1
q037,hotpot,1729,H2,1024,P2,0.0,0.0,0.0,0.0,0.0,0,-272,1,1
q037,hotpot,1729,DeepSets,1024,P2,0.0,0.0,0.0,0.0,0.0,-3,-437,1,1
q037,hotpot,1729,H4,1024,P2,0.0,0.0,0.0,0.0,0.0,0,-1,1,1
q021,hotpot,1729,H1,1024,P2,1.0,1.0,0.0,0.0,0.0,-3,-484,1,1
q021,hotpot,1729,H2,1024,P2,1.0,1.0,0.0,0.0,0.0,0,101,1,1
q021,hotpot,1729,DeepSets,1024,P2,1.0,1.0,0.0,0.0,0.0,-1,26,1,1
q021,hotpot,1729,H4,1024,P2,1.0,1.0,0.0,0.0,0.0,0,-5,1,1
q018,hotpot,1729,H1,1024,P2,1.0,1.0,0.0,0.0,0.0,-1,9,1,1
q018,hotpot,1729,H2,1024,P2,1.0,1.0,0.0,0.0,0.0,-1,-53,1,1
q018,hotpot,1729,DeepSets,1024,P2,1.0,1.0,0.0,0.0,0.0,-2,-158,1,1
q018,hotpot,1729,H4,1024,P2,1.0,1.0,0.0,0.0,0.0,0,-181,1,1
q059,hotpot,1729,H1,1024,P2,1.0,1.0,0.0,0.0,0.0,0,87,1,1
q059,hotpot,1729,H2,1024,P2,0.0,0.0,0.0,0.0,0.0,0,-75,1,1
q059,hotpot,1729,DeepSets,1024,P2,1.0,1.0,0.0,0.0,0.0,0,-166,1,1
q059,hotpot,1729,H4,1024,P2,0.0,1.0,0.0,0.5,0.0,0,-22,1,1
q044,hotpot,1729,H1,1024,P2,1.0,1.0,0.0,0.0,0.0,-3,-439,1,1
q044,hotpot,1729,H2,1024,P2,1.0,1.0,0.5,0.0,1.0,-3,-585,1,1
q044,hotpot,1729,DeepSets,1024,P2,1.0,1.0,0.0,0.0,0.0,-3,-360,1,1
q044,hotpot,1729,H4,1024,P2,1.0,1.0,0.0,0.0,0.0,0,-176,1,1
q010,hotpot,1729,H1,1024,P2,1.0,1.0,0.0,0.0,0.0,0,-96,1,1
q010,hotpot,1729,H2,1024,P2,1.0,1.0,0.0,0.0,0.0,0,-82,1,1
q010,hotpot,1729,DeepSets,1024,P2,1.0,1.0,0.0,0.0,0.0,-2,-214,1,1
q010,hotpot,1729,H4,1024,P2,1.0,1.0,0.0,0.0,0.0,0,16,1,1
q014,hotpot,1729,H1,1024,P2,0.0,1.0,0.888888888888889,0.5,0.0,0,-247,1,1
q014,hotpot,1729,H2,1024,P2,0.0,0.0,0.0,0.0,0.0,0,-210,1,1
q014,hotpot,1729,DeepSets,1024,P2,0.0,0.0,0.0,0.0,0.0,-3,-427,1,1
q014,hotpot,1729,H4,1024,P2,0.0,0.0,0.28571428571428575,0.0,0.0,0,6,1,1
q062,hotpot,1729,H1,1024,P2,1.0,1.0,-1.0,0.0,-1.0,-1,-26,1,1
q062,hotpot,1729,H2,1024,P2,1.0,1.0,-1.0,0.0,-1.0,0,11,1,1
q062,hotpot,1729,DeepSets,1024,P2,1.0,1.0,-1.0,0.0,-1.0,0,98,1,1
q062,hotpot,1729,H4,1024,P2,1.0,1.0,-1.0,0.0,-1.0,0,91,1,1
q064,hotpot,1729,H1,1024,P2,0.0,0.0,0.0,0.0,0.0,-2,-244,1,1
q064,hotpot,1729,H2,1024,P2,0.0,0.0,0.0,0.0,0.0,0,96,1,1
q064,hotpot,1729,DeepSets,1024,P2,0.0,0.0,0.0,0.0,0.0,0,96,1,1
q064,hotpot,1729,H4,1024,P2,0.0,0.0,0.0,0.0,0.0,0,-1,1,1
q055,hotpot,1729,H1,1024,P2,1.0,1.0,0.0,0.0,0.0,2,436,1,1
q055,hotpot,1729,H2,1024,P2,1.0,1.0,0.0,0.0,0.0,0,70,1,1
q055,hotpot,1729,DeepSets,1024,P2,1.0,1.0,0.0,0.0,0.0,0,198,1,1
q055,hotpot,1729,H4,1024,P2,1.0,1.0,0.0,0.0,0.0,0,142,1,1
q045,hotpot,1729,H1,1024,P2,1.0,1.0,0.0,0.0,0.0,-3,-398,1,1
q045,hotpot,1729,H2,1024,P2,1.0,1.0,0.0,0.0,0.0,0,-59,1,1
q045,hotpot,1729,DeepSets,1024,P2,1.0,1.0,0.0,0.0,0.0,-3,-480,1,1
q045,hotpot,1729,H4,1024,P2,1.0,1.0,0.0,0.0,0.0,0,201,1,1
q048,hotpot,1729,H1,1024,P2,1.0,1.0,0.0,0.0,0.0,0,0,0,0
q048,hotpot,1729,H2,1024,P2,0.0,1.0,0.0,0.33333333333333337,0.0,0,-50,1,1
q048,hotpot,1729,DeepSets,1024,P2,1.0,1.0,-1.0,0.0,-1.0,-3,-512,1,1
q048,hotpot,1729,H4,1024,P2,1.0,1.0,0.0,0.0,0.0,0,-74,1,1
q041,hotpot,1729,H1,1024,P2,1.0,1.0,0.0,0.0,0.0,0,-108,1,1
q041,hotpot,1729,H2,1024,P2,1.0,1.0,0.0,0.0,0.0,0,-345,1,1
q041,hotpot,1729,DeepSets,1024,P2,1.0,1.0,0.0,0.0,0.0,0,-122,1,1
q041,hotpot,1729,H4,1024,P2,1.0,1.0,0.0,0.0,0.0,0,-292,1,1
q028,hotpot,1729,H1,1024,P2,1.0,1.0,0.0,0.0,0.0,0,0,0,0
q028,hotpot,1729,H2,1024,P2,1.0,1.0,0.0,0.0,0.0,0,77,1,1
q028,hotpot,1729,DeepSets,1024,P2,1.0,1.0,0.0,0.0,0.0,0,294,1,1
q028,hotpot,1729,H4,1024,P2,1.0,1.0,0.0,0.0,0.0,0,81,1,1
q060,hotpot,1729,H1,1024,P2,0.0,0.0,1.0,0.0,1.0,0,-60,1,1
q060,hotpot,1729,H2,1024,P2,0.0,0.0,0.0,0.0,0.0,0,-169,1,1
q060,hotpot,1729,DeepSets,1024,P2,0.0,0.0,0.0,0.0,0.0,0,30,1,1
q060,hotpot,1729,H4,1024,P2,0.0,0.0,-1.0,0.0,-1.0,0,-70,1,1
q015,hotpot,1729,H1,1024,P2,1.0,1.0,0.0,0.0,0.0,-2,-170,1,1
q015,hotpot,1729,H2,1024,P2,1.0,1.0,0.0,0.0,0.0,0,35,1,1
q015,hotpot,1729,DeepSets,1024,P2,1.0,1.0,0.0,0.0,0.0,0,69,1,1
q015,hotpot,1729,H4,1024,P2,1.0,1.0,-0.5,0.0,-1.0,0,21,1,1
q057,hotpot,1729,H1,1024,P2,1.0,0.0,0.0,-0.5,0.0,0,-350,1,1
q057,hotpot,1729,H2,1024,P2,0.0,0.0,0.0,0.0,0.0,0,-126,1,1
q057,hotpot,1729,DeepSets,1024,P2,0.0,0.0,0.0,0.0,0.0,-2,-204,1,1
q057,hotpot,1729,H4,1024,P2,0.0,0.0,0.0,0.0,0.0,0,70,1,1
q011,hotpot,1729,H1,1024,P2,0.0,1.0,0.4,1.0,0.0,0,306,1,1
q011,hotpot,1729,H2,1024,P2,1.0,1.0,0.4,0.0,0.0,0,-1,1,1
q011,hotpot,1729,DeepSets,1024,P2,1.0,1.0,0.4,0.0,0.0,0,10,1,1
q011,hotpot,1729,H4,1024,P2,1.0,1.0,0.4,0.0,0.0,0,11,1,1
q025,hotpot,1729,H1,1024,P2,0.0,0.0,0.0,0.6666666666666666,0.0,0,-106,1,1
q025,hotpot,1729,H2,1024,P2,0.0,0.0,0.0,0.6666666666666666,0.0,0,-22,1,1
q025,hotpot,1729,DeepSets,1024,P2,0.0,0.0,0.0,0.0,0.0,0,-30,1,1
q025,hotpot,1729,H4,1024,P2,0.0,0.0,0.0,-0.6666666666666666,0.0,0,-131,1,1
q036,hotpot,1729,H1,1024,P2,0.0,0.0,0.0,0.0,0.0,1,-52,1,1
q036,hotpot,1729,H2,1024,P2,0.0,0.0,0.0,0.0,0.0,0,-65,1,1
q036,hotpot,1729,DeepSets,1024,P2,0.0,0.0,0.0,0.0,0.0,-1,-113,1,1
q036,hotpot,1729,H4,1024,P2,0.0,0.0,0.0,0.0,0.0,1,15,1,1
q032,hotpot,1729,H1,1024,P2,1.0,1.0,0.0,0.0,0.0,0,-31,1,1
q032,hotpot,1729,H2,1024,P2,1.0,1.0,0.0,0.0,0.0,0,229,1,1
q032,hotpot,1729,DeepSets,1024,P2,1.0,1.0,0.0,0.0,0.0,-2,-335,1,1
q032,hotpot,1729,H4,1024,P2,1.0,1.0,0.0,0.0,0.0,0,66,1,1
q046,hotpot,1729,H1,1024,P2,1.0,1.0,0.0,0.0,0.0,-2,-353,1,1
q046,hotpot,1729,H2,1024,P2,1.0,1.0,0.0,0.0,0.0,0,-110,1,1
q046,hotpot,1729,DeepSets,1024,P2,1.0,1.0,0.0,0.0,0.0,0,-12,1,1
q046,hotpot,1729,H4,1024,P2,1.0,1.0,0.0,0.0,0.0,0,-70,1,1
q058,hotpot,1729,H1,1024,P2,0.0,0.0,0.0,0.0,0.0,0,36,1,1
q058,hotpot,1729,H2,1024,P2,0.0,0.0,0.0,0.0,0.0,0,-259,1,1
q058,hotpot,1729,DeepSets,1024,P2,0.0,0.0,0.0,0.0,0.0,-3,-323,1,1
q058,hotpot,1729,H4,1024,P2,0.0,1.0,0.6666666666666666,0.5,0.0,0,-107,1,1
q024,hotpot,1729,H1,1024,P2,0.0,0.0,0.0,0.0,0.0,0,0,0,0
q024,hotpot,1729,H2,1024,P2,0.0,0.0,0.6666666666666666,0.0,0.0,0,-41,1,1
q024,hotpot,1729,DeepSets,1024,P2,0.0,0.0,0.0,0.0,0.0,0,-2,1,1
q024,hotpot,1729,H4,1024,P2,0.0,0.0,0.6666666666666666,0.0,0.0,0,52,1,1
q026,hotpot,1729,H1,1024,P2,1.0,1.0,-0.33333333333333337,0.0,-1.0,0,216,1,1
q026,hotpot,1729,H2,1024,P2,1.0,1.0,-1.0,0.0,-1.0,0,-11,1,1
q026,hotpot,1729,DeepSets,1024,P2,1.0,1.0,0.0,0.0,0.0,-2,-292,1,1
q026,hotpot,1729,H4,1024,P2,1.0,1.0,-0.33333333333333337,0.0,-1.0,0,202,1,1
q034,hotpot,1729,H1,1024,P2,0.0,1.0,0.0,0.5,0.0,-2,-17,1,1
q034,hotpot,1729,H2,1024,P2,0.0,1.0,0.6666666666666667,0.5,1.0,0,128,1,1
q034,hotpot,1729,DeepSets,1024,P2,0.0,1.0,0.0,0.5,0.0,-3,-75,1,1
q034,hotpot,1729,H4,1024,P2,0.0,0.0,0.0,0.0,0.0,0,-125,1,1
q006,hotpot,1729,H1,1024,P2,0.0,0.0,-0.3333333333333333,0.0,0.0,-1,-442,1,1
q006,hotpot,1729,H2,1024,P2,0.0,0.0,-0.3333333333333333,0.0,0.0,0,-36,1,1
q006,hotpot,1729,DeepSets,1024,P2,0.0,0.0,0.0,0.0,0.0,-3,-386,1,1
q006,hotpot,1729,H4,1024,P2,0.0,0.0,0.0,0.0,0.0,0,-18,1,1
q047,hotpot,1729,H1,1024,P2,0.0,0.0,0.0,0.0,0.0,-2,-235,1,1
q047,hotpot,1729,H2,1024,P2,0.0,0.0,0.0,0.0,0.0,-1,-157,1,1
q047,hotpot,1729,DeepSets,1024,P2,0.0,0.0,0.0,0.0,0.0,0,93,1,1
q047,hotpot,1729,H4,1024,P2,0.0,0.0,0.0,0.0,0.0,0,-10,1,1
q012,hotpot,1729,H1,1024,P2,1.0,1.0,1.0,0.0,1.0,-1,-69,1,1
q012,hotpot,1729,H2,1024,P2,1.0,1.0,-1.0,0.0,-1.0,0,-193,1,1
q012,hotpot,1729,DeepSets,1024,P2,1.0,1.0,-1.0,0.0,-1.0,0,-233,1,1
q012,hotpot,1729,H4,1024,P2,1.0,1.0,-1.0,0.0,-1.0,0,-41,1,1
q052,hotpot,1729,H1,1024,P2,1.0,1.0,0.0,0.0,0.0,-1,-197,1,1
q052,hotpot,1729,H2,1024,P2,1.0,1.0,0.0,0.0,0.0,0,-118,1,1
q052,hotpot,1729,DeepSets,1024,P2,1.0,1.0,0.0,0.0,0.0,0,101,1,1
q052,hotpot,1729,H4,1024,P2,1.0,1.0,0.0,0.0,0.0,0,-224,1,1
q061,hotpot,1729,H1,1024,P2,0.0,0.0,0.0,0.0,0.0,-3,-597,1,1
q061,hotpot,1729,H2,1024,P2,0.0,1.0,0.0,0.5,0.0,0,-12,1,1
q061,hotpot,1729,DeepSets,1024,P2,1.0,1.0,0.0,0.0,0.0,-3,-396,1,1
q061,hotpot,1729,H4,1024,P2,1.0,0.0,0.0,-0.5,0.0,0,-206,1,1
q027,hotpot,1729,H1,1024,P2,0.0,1.0,1.0,0.5,1.0,0,76,1,1
q027,hotpot,1729,H2,1024,P2,0.0,0.0,0.0,0.0,0.0,0,-60,1,1
q027,hotpot,1729,DeepSets,1024,P2,0.0,1.0,1.0,0.5,1.0,-3,-431,1,1
q027,hotpot,1729,H4,1024,P2,0.0,0.0,0.0,0.0,0.0,0,-12,1,1
q053,hotpot,1729,H1,1024,P2,1.0,1.0,0.0,0.0,0.0,0,109,1,1
q053,hotpot,1729,H2,1024,P2,0.0,1.0,1.0,0.5,1.0,0,-94,1,1
q053,hotpot,1729,DeepSets,1024,P2,1.0,1.0,0.0,0.0,0.0,0,181,1,1
q053,hotpot,1729,H4,1024,P2,1.0,1.0,0.0,0.0,0.0,0,150,1,1
q004,hotpot,1729,H1,1024,P2,1.0,1.0,0.0,0.0,0.0,0,0,0,0
q004,hotpot,1729,H2,1024,P2,1.0,1.0,0.0,0.0,0.0,0,-47,1,1
q004,hotpot,1729,DeepSets,1024,P2,1.0,1.0,0.0,0.0,0.0,0,-174,1,1
q004,hotpot,1729,H4,1024,P2,1.0,1.0,0.0,0.0,0.0,0,59,1,1
q043,hotpot,1729,H1,1024,P2,1.0,1.0,0.0,0.0,0.0,-2,-132,1,1
q043,hotpot,1729,H2,1024,P2,1.0,1.0,0.0,0.0,0.0,-1,36,1,1
q043,hotpot,1729,DeepSets,1024,P2,1.0,1.0,0.0,0.0,0.0,-3,-298,1,1
q043,hotpot,1729,H4,1024,P2,1.0,1.0,0.0,0.0,0.0,0,71,1,1
q013,hotpot,1729,H1,1024,P2,1.0,1.0,0.0,0.0,0.0,0,-100,1,1
q013,hotpot,1729,H2,1024,P2,1.0,1.0,0.0,0.0,0.0,0,-278,1,1
q013,hotpot,1729,DeepSets,1024,P2,1.0,1.0,0.0,0.0,0.0,0,-94,1,1
q013,hotpot,1729,H4,1024,P2,1.0,1.0,0.0,0.0,0.0,0,-200,1,1
q008,hotpot,1729,H1,1024,P2,1.0,1.0,0.0,0.0,0.0,0,0,0,0
q008,hotpot,1729,H2,1024,P2,1.0,1.0,0.0,0.0,0.0,0,114,1,1
q008,hotpot,1729,DeepSets,1024,P2,1.0,1.0,0.0,0.0,0.0,0,11,1,1
q008,hotpot,1729,H4,1024,P2,1.0,1.0,0.0,0.0,0.0,0,74,1,1
q007,hotpot,1729,H1,1024,P2,0.0,0.0,0.0,0.0,0.0,-1,-91,1,1
q007,hotpot,1729,H2,1024,P2,0.0,0.0,0.0,0.0,0.0,0,-272,1,1
q007,hotpot,1729,DeepSets,1024,P2,0.0,0.0,0.0,0.0,0.0,-3,-464,1,1
q007,hotpot,1729,H4,1024,P2,0.0,0.0,0.0,0.0,0.0,0,-137,1,1
q031,hotpot,1729,H1,1024,P2,0.0,0.0,0.0,0.0,0.0,-3,-395,1,1
q031,hotpot,1729,H2,1024,P2,0.0,0.0,0.0,0.0,0.0,-3,-239,1,1
q031,hotpot,1729,DeepSets,1024,P2,0.0,0.0,0.0,0.0,0.0,0,0,1,1
q031,hotpot,1729,H4,1024,P2,0.0,0.0,0.0,0.0,0.0,0,-127,1,1
q023,hotpot,1729,H1,1024,P2,0.0,0.0,0.0,0.0,0.0,0,7,1,1
q023,hotpot,1729,H2,1024,P2,0.0,0.0,0.0,0.0,0.0,0,-283,1,1
q023,hotpot,1729,DeepSets,1024,P2,0.0,0.0,1.0,0.0,1.0,0,22,1,1
q023,hotpot,1729,H4,1024,P2,0.0,0.0,0.0,0.0,0.0,0,-127,1,1
q022,hotpot,1729,H1,1024,P2,1.0,1.0,-0.09523809523809512,0.0,0.0,-3,-431,1,1
q022,hotpot,1729,H2,1024,P2,1.0,1.0,0.0,0.0,0.0,0,-16,1,1
q022,hotpot,1729,DeepSets,1024,P2,1.0,1.0,0.0,0.0,0.0,0,157,1,1
q022,hotpot,1729,H4,1024,P2,1.0,1.0,0.0,0.0,0.0,0,158,1,1
q033,hotpot,1729,H1,1024,P2,1.0,1.0,0.4444444444444445,0.0,0.0,1,202,1,1
q033,hotpot,1729,H2,1024,P2,1.0,1.0,-0.5,0.0,0.0,0,-142,1,1
q033,hotpot,1729,DeepSets,1024,P2,1.0,1.0,0.0,0.0,0.0,-3,-590,1,1
q033,hotpot,1729,H4,1024,P2,1.0,1.0,0.0,0.0,0.0,0,-138,1,1
q030,hotpot,1729,H1,1024,P2,1.0,1.0,0.0,0.0,0.0,-1,-92,1,1
q030,hotpot,1729,H2,1024,P2,0.0,1.0,0.0,0.5,0.0,0,109,1,1
q030,hotpot,1729,DeepSets,1024,P2,1.0,1.0,0.0,0.0,0.0,0,22,1,1
q030,hotpot,1729,H4,1024,P2,1.0,1.0,0.0,0.0,0.0,0,83,1,1
q112,musique,1729,H1,1024,P2,0.0,0.0,0.0,0.3333333333333333,0.0,-2,-222,1,1
q112,musique,1729,H2,1024,P2,0.0,0.0,0.0,0.0,0.0,0,-349,1,1
q112,musique,1729,DeepSets,1024,P2,0.0,0.0,0.0,0.0,0.0,-1,-154,1,1
q112,musique,1729,H4,1024,P2,0.0,0.0,0.0,-0.3333333333333333,0.0,0,36,1,1
q124,musique,1729,H1,1024,P2,0.0,0.0,0.0,0.25,0.0,-2,-501,1,1
q124,musique,1729,H2,1024,P2,0.0,0.0,0.0,0.0,0.0,-1,-413,1,1
q124,musique,1729,DeepSets,1024,P2,0.0,0.0,0.0,0.0,0.0,-2,-416,1,1
q124,musique,1729,H4,1024,P2,0.0,0.0,0.0,0.25,0.0,-1,-72,1,1
q085,musique,1729,H1,1024,P2,1.0,1.0,0.0,0.0,0.0,-2,-93,1,1
q085,musique,1729,H2,1024,P2,1.0,1.0,0.0,0.0,0.0,0,-207,1,1
q085,musique,1729,DeepSets,1024,P2,1.0,1.0,0.0,0.0,0.0,-3,-505,1,1
q085,musique,1729,H4,1024,P2,1.0,1.0,0.0,0.0,0.0,0,-194,1,1
q120,musique,1729,H1,1024,P2,0.0,1.0,0.0,0.33333333333333337,0.0,0,-11,1,1
q120,musique,1729,H2,1024,P2,0.0,0.0,0.0,0.3333333333333333,0.0,0,8,1,1
q120,musique,1729,DeepSets,1024,P2,0.0,1.0,0.0,0.33333333333333337,0.0,0,-59,1,1
q120,musique,1729,H4,1024,P2,0.0,0.0,0.0,0.0,0.0,0,91,1,1
q110,musique,1729,H1,1024,P2,0.0,0.0,0.0,0.0,0.0,-3,-544,1,1
q110,musique,1729,H2,1024,P2,0.0,0.0,0.0,0.0,0.0,-3,-618,1,1
q110,musique,1729,DeepSets,1024,P2,0.0,0.0,0.0,0.0,0.0,-3,-389,1,1
q110,musique,1729,H4,1024,P2,0.0,0.0,0.0,0.0,0.0,0,-122,1,1
q102,musique,1729,H1,1024,P2,0.0,0.0,0.0,0.0,0.0,-2,37,1,1
q102,musique,1729,H2,1024,P2,0.0,0.0,0.0,-0.3333333333333333,0.0,-1,-48,1,1
q102,musique,1729,DeepSets,1024,P2,0.0,0.0,0.0,0.0,0.0,-2,-81,1,1
q102,musique,1729,H4,1024,P2,0.0,0.0,0.0,0.0,0.0,-1,-8,1,1
q117,musique,1729,H1,1024,P2,0.0,0.0,0.0,0.0,0.0,-3,-195,1,1
q117,musique,1729,H2,1024,P2,0.0,0.0,0.0,0.0,0.0,0,28,1,1
q117,musique,1729,DeepSets,1024,P2,0.0,0.0,0.0,0.0,0.0,-3,-232,1,1
q117,musique,1729,H4,1024,P2,0.0,0.0,0.0,0.0,0.0,0,-9,1,1
q074,musique,1729,H1,1024,P2,0.0,0.0,0.0,-0.5,0.0,-2,-337,1,1
q074,musique,1729,H2,1024,P2,0.0,0.0,0.0,0.0,0.0,0,-44,1,1
q074,musique,1729,DeepSets,1024,P2,0.0,0.0,0.0,-0.5,0.0,-2,-376,1,1
q074,musique,1729,H4,1024,P2,0.0,0.0,0.0,0.0,0.0,0,-123,1,1
q126,musique,1729,H1,1024,P2,0.0,0.0,0.0,0.25,0.0,-2,-409,1,1
q126,musique,1729,H2,1024,P2,0.0,0.0,0.0,0.25,0.0,-1,-466,1,1
q126,musique,1729,DeepSets,1024,P2,0.0,0.0,0.0,0.25,0.0,-2,-453,1,1
q126,musique,1729,H4,1024,P2,0.0,0.0,-0.6666666666666666,0.0,0.0,-1,-278,1,1
q095,musique,1729,H1,1024,P2,1.0,1.0,1.0,0.0,1.0,-1,-45,1,1
q095,musique,1729,H2,1024,P2,1.0,1.0,-1.0,0.0,-1.0,0,-56,1,1
q095,musique,1729,DeepSets,1024,P2,1.0,1.0,0.0,0.0,0.0,-2,-257,1,1
q095,musique,1729,H4,1024,P2,1.0,1.0,-1.0,0.0,-1.0,0,-71,1,1
q113,musique,1729,H1,1024,P2,0.0,0.0,-0.6666666666666666,0.0,0.0,-2,-389,1,1
q113,musique,1729,H2,1024,P2,0.0,0.0,0.0,0.0,0.0,-1,-456,1,1
q113,musique,1729,DeepSets,1024,P2,0.0,0.0,0.0,0.0,0.0,-2,-455,1,1
q113,musique,1729,H4,1024,P2,0.0,0.0,0.0,0.0,0.0,0,-12,1,1
q092,musique,1729,H1,1024,P2,0.0,0.0,0.0,0.0,0.0,1,-50,1,1
q092,musique,1729,H2,1024,P2,0.0,0.0,-1.0,0.0,-1.0,2,4,1,1
q092,musique,1729,DeepSets,1024,P2,0.0,0.0,0.0,0.0,0.0,-1,-369,1,1
q092,musique,1729,H4,1024,P2,0.0,0.0,-1.0,0.0,-1.0,2,11,1,1
q097,musique,1729,H1,1024,P2,1.0,1.0,0.0,0.0,0.0,-1,-132,1,1
q097,musique,1729,H2,1024,P2,1.0,1.0,0.0,0.0,0.0,-1,-494,1,1
q097,musique,1729,DeepSets,1024,P2,0.0,1.0,1.0,0.33333333333333337,1.0,-1,-547,1,1
q097,musique,1729,H4,1024,P2,1.0,1.0,0.0,0.0,0.0,-1,-423,1,1
q096,musique,1729,H1,1024,P2,0.0,0.0,0.0,0.0,0.0,-2,-305,1,1
q096,musique,1729,H2,1024,P2,0.0,0.0,0.0,0.0,0.0,-1,-107,1,1
q096,musique,1729,DeepSets,1024,P2,0.0,0.0,0.0,0.0,0.0,-2,-95,1,1
q096,musique,1729,H4,1024,P2,0.0,0.0,0.0,0.0,0.0,0,20,1,1
q070,musique,1729,H1,1024,P2,1.0,1.0,0.0,0.0,0.0,-3,-450,1,1
q070,musique,1729,H2,1024,P2,1.0,1.0,0.0,0.0,0.0,0,-98,1,1
q070,musique,1729,DeepSets,1024,P2,1.0,1.0,1.0,0.0,1.0,-2,-202,1,1
q070,musique,1729,H4,1024,P2,1.0,1.0,0.0,0.0,0.0,1,-44,1,1
q094,musique,1729,H1,1024,P2,0.0,0.0,0.0,0.0,0.0,-3,-366,1,1
q094,musique,1729,H2,1024,P2,0.0,0.0,0.0,0.0,0.0,-2,-447,1,1
q094,musique,1729,DeepSets,1024,P2,0.0,0.0,0.0,0.0,0.0,-3,-338,1,1
q094,musique,1729,H4,1024,P2,0.0,0.0,0.0,0.0,0.0,0,-166,1,1
q108,musique,1729,H1,1024,P2,0.0,0.0,0.0,0.0,0.0,-1,-337,1,1
q108,musique,1729,H2,1024,P2,0.0,0.0,0.25,0.0,0.0,0,-306,1,1
q108,musique,1729,DeepSets,1024,P2,0.0,0.0,0.0,0.0,0.0,-1,-252,1,1
q108,musique,1729,H4,1024,P2,0.0,0.0,0.0,0.0,0.0,-1,-216,1,1
q109,musique,1729,H1,1024,P2,0.0,0.0,0.0,0.0,0.0,-1,-240,1,1
q109,musique,1729,H2,1024,P2,0.0,0.0,0.0,0.0,0.0,0,-320,1,1
q109,musique,1729,DeepSets,1024,P2,0.0,0.0,0.0,0.0,0.0,-1,-102,1,1
q109,musique,1729,H4,1024,P2,0.0,0.0,0.0,0.0,0.0,-1,-116,1,1
q114,musique,1729,H1,1024,P2,0.0,0.0,0.2222222222222222,0.3333333333333333,0.0,-1,165,1,1
q114,musique,1729,H2,1024,P2,0.0,0.0,0.0,0.0,0.0,-1,55,1,1
q114,musique,1729,DeepSets,1024,P2,0.0,0.0,0.0,0.0,0.0,-1,121,1,1
q114,musique,1729,H4,1024,P2,0.0,0.0,0.0,0.0,0.0,0,30,1,1
q083,musique,1729,H1,1024,P2,0.0,0.0,0.0,0.0,0.0,-2,-324,1,1
q083,musique,1729,H2,1024,P2,0.0,0.0,-0.8,0.0,0.0,0,143,1,1
q083,musique,1729,DeepSets,1024,P2,1.0,1.0,0.0,0.0,0.0,-2,-189,1,1
q083,musique,1729,H4,1024,P2,1.0,1.0,0.0,0.0,0.0,0,20,1,1
q090,musique,1729,H1,1024,P2,0.0,0.0,-0.5,0.0,0.0,0,8,1,1
q090,musique,1729,H2,1024,P2,0.0,0.0,0.0,0.0,0.0,0,-109,1,1
q090,musique,1729,DeepSets,1024,P2,0.0,0.0,0.0,0.0,0.0,-1,-273,1,1
q090,musique,1729,H4,1024,P2,0.0,0.0,-0.5,0.0,0.0,0,-94,1,1
q080,musique,1729,H1,1024,P2,0.0,1.0,0.0,0.5,0.0,-3,-366,1,1
q080,musique,1729,H2,1024,P2,0.0,0.0,0.0,0.0,0.0,-3,-383,1,1
q080,musique,1729,DeepSets,1024,P2,0.0,0.0,0.0,0.0,0.0,-3,-284,1,1
q080,musique,1729,H4,1024,P2,0.0,1.0,0.0,0.5,0.0,0,183,1,1
q098,musique,1729,H1,1024,P2,0.0,0.0,0.0,0.3333333333333333,0.0,-2,-471,1,1
q098,musique,1729,H2,1024,P2,0.0,0.0,0.0,0.0,0.0,-1,-268,1,1
q098,musique,1729,DeepSets,1024,P2,0.0,0.0,0.0,0.0,0.0,-2,-362,1,1
q098,musique,1729,H4,1024,P2,0.0,0.0,-0.5,0.3333333333333333,0.0,-1,-144,1,1
q107,musique,1729,H1,1024,P2,0.0,0.0,0.0,0.0,0.0,0,19,1,1
q107,musique,1729,H2,1024,P2,0.0,0.0,0.0,0.3333333333333333,0.0,0,-44,1,1
q107,musique,1729,DeepSets,1024,P2,0.0,0.0,0.0,0.3333333333333333,0.0,0,15,1,1
q107,musique,1729,H4,1024,P2,0.0,0.0,0.0,0.3333333333333333,0.0,0,-57,1,1
q119,musique,1729,H1,1024,P2,0.0,0.0,0.0,0.0,0.0,0,51,1,1
q119,musique,1729,H2,1024,P2,0.0,0.0,0.0,0.3333333333333333,0.0,0,5,1,1
q119,musique,1729,DeepSets,1024,P2,0.0,0.0,0.0,0.0,0.0,-1,-186,1,1
q119,musique,1729,H4,1024,P2,0.0,0.0,0.0,0.0,0.0,-1,-151,1,1
q075,musique,1729,H1,1024,P2,1.0,1.0,-1.0,0.0,-1.0,-2,-310,1,1
q075,musique,1729,H2,1024,P2,1.0,1.0,1.0,0.0,1.0,0,31,1,1
q075,musique,1729,DeepSets,1024,P2,1.0,1.0,0.0,0.0,0.0,-2,-201,1,1
q075,musique,1729,H4,1024,P2,1.0,1.0,-1.0,0.0,-1.0,0,-170,1,1
q122,musique,1729,H1,1024,P2,0.0,0.0,0.0,0.0,0.0,-2,-196,1,1
q122,musique,1729,H2,1024,P2,0.0,0.0,0.0,0.0,0.0,-1,-106,1,1
q122,musique,1729,DeepSets,1024,P2,0.0,0.0,0.0,0.0,0.0,-2,-267,1,1
q122,musique,1729,H4,1024,P2,0.0,0.0,0.0,0.0,0.0,0,-37,1,1
q100,musique,1729,H1,1024,P2,0.0,0.0,-0.5,0.0,0.0,0,-117,1,1
q100,musique,1729,H2,1024,P2,0.0,0.0,0.0,0.0,0.0,1,-98,1,1
q100,musique,1729,DeepSets,1024,P2,0.0,0.0,0.0,0.0,0.0,-1,-126,1,1
q100,musique,1729,H4,1024,P2,0.0,0.0,0.5,0.0,0.0,-1,-108,1,1
q082,musique,1729,H1,1024,P2,1.0,1.0,0.0,0.0,0.0,0,0,0,0
q082,musique,1729,H2,1024,P2,1.0,1.0,0.0,0.0,0.0,0,-223,1,1
q082,musique,1729,DeepSets,1024,P2,1.0,1.0,-0.6666666666666666,0.0,0.0,0,-334,1,1
q082,musique,1729,H4,1024,P2,1.0,1.0,0.6666666666666666,0.0,0.0,0,-255,1,1
q076,musique,1729,H1,1024,P2,0.0,0.0,0.0,0.0,0.0,0,-22,1,1
q076,musique,1729,H2,1024,P2,0.0,0.0,0.0,-0.5,0.0,1,-66,1,1
q076,musique,1729,DeepSets,1024,P2,0.0,0.0,0.0,0.0,0.0,-3,-303,1,1
q076,musique,1729,H4,1024,P2,0.0,0.0,0.0,0.5,0.0,0,-19,1,1
q099,musique,1729,H1,1024,P2,0.0,0.0,0.0,0.3333333333333333,0.0,-2,-67,1,1
q099,musique,1729,H2,1024,P2,0.0,0.0,0.0,0.0,0.0,0,-194,1,1
q099,musique,1729,DeepSets,1024,P2,0.0,0.0,0.0,0.0,0.0,-2,-314,1,1
q099,musique,1729,H4,1024,P2,0.0,0.0,0.0,0.0,0.0,0,-104,1,1
q077,musique,1729,H1,1024,P2,0.0,0.0,0.0,-0.5,0.0,-2,39,1,1
q077,musique,1729,H2,1024,P2,0.0,0.0,0.0,0.0,0.0,-1,21,1,1
q077,musique,1729,DeepSets,1024,P2,1.0,0.0,0.0,-0.5,0.0,-2,-60,1,1
q077,musique,1729,H4,1024,P2,0.0,0.0,0.0,0.5,0.0,0,210,1,1
q071,musique,1729,H1,1024,P2,0.0,0.0,0.5,0.0,0.0,-2,-416,1,1
q071,musique,1729,H2,1024,P2,0.0,0.0,0.0,0.0,0.0,-2,-618,1,1
q071,musique,1729,DeepSets,1024,P2,0.0,0.0,0.0,0.0,0.0,-2,-331,1,1
q071,musique,1729,H4,1024,P2,0.0,0.0,0.0,0.0,0.0,-3,-545,1,1
q093,musique,1729,H1,1024,P2,0.0,1.0,1.0,0.5,1.0,-1,-294,1,1
q093,musique,1729,H2,1024,P2,0.0,1.0,1.0,0.5,1.0,-1,-397,1,1
q093,musique,1729,DeepSets,1024,P2,0.0,1.0,1.0,0.5,1.0,-2,-266,1,1
q093,musique,1729,H4,1024,P2,0.0,1.0,1.0,0.5,1.0,-1,-349,1,1
q065,musique,1729,H1,1024,P2,1.0,1.0,0.0,0.0,0.0,-1,-192,1,1
q065,musique,1729,H2,1024,P2,1.0,1.0,0.0,0.0,0.0,0,-213,1,1
q065,musique,1729,DeepSets,1024,P2,1.0,1.0,0.0,0.0,0.0,-1,-152,1,1
q065,musique,1729,H4,1024,P2,1.0,1.0,0.6666666666666666,0.0,0.0,0,-278,1,1
q123,musique,1729,H1,1024,P2,0.0,0.0,1.0,0.0,1.0,-1,114,1,1
q123,musique,1729,H2,1024,P2,0.0,0.0,1.0,0.0,1.0,-1,-175,1,1
q123,musique,1729,DeepSets,1024,P2,0.0,0.0,0.0,0.0,0.0,-2,-313,1,1
q123,musique,1729,H4,1024,P2,0.0,0.0,0.0,0.0,0.0,0,-2,1,1
q068,musique,1729,H1,1024,P2,0.0,0.0,0.0,0.0,0.0,-2,-382,1,1
q068,musique,1729,H2,1024,P2,0.0,0.0,0.0,0.0,0.0,-1,87,1,1
q068,musique,1729,DeepSets,1024,P2,0.0,0.0,0.0,0.0,0.0,-2,-370,1,1
q068,musique,1729,H4,1024,P2,1.0,0.0,0.0,-0.5,0.0,0,-176,1,1
q103,musique,1729,H1,1024,P2,0.0,0.0,0.0,0.0,0.0,0,-4,1,1
q103,musique,1729,H2,1024,P2,0.0,0.0,0.0,0.0,0.0,0,-16,1,1
q103,musique,1729,DeepSets,1024,P2,0.0,0.0,-1.0,0.0,-1.0,-1,-9,1,1
q103,musique,1729,H4,1024,P2,0.0,0.0,0.0,0.0,0.0,0,-5,1,1
q066,musique,1729,H1,1024,P2,0.0,0.0,0.0,0.0,0.0,-3,-376,1,1
q066,musique,1729,H2,1024,P2,0.0,0.0,-0.4,0.0,-1.0,-1,-93,1,1
q066,musique,1729,DeepSets,1024,P2,0.0,0.0,0.0,0.0,0.0,-3,-179,1,1
q066,musique,1729,H4,1024,P2,0.0,0.0,0.0,0.0,0.0,0,-67,1,1
q078,musique,1729,H1,1024,P2,0.0,0.0,0.0,0.0,0.0,-2,-249,1,1
q078,musique,1729,H2,1024,P2,0.0,0.0,0.0,0.0,0.0,-1,-222,1,1
q078,musique,1729,DeepSets,1024,P2,0.0,0.0,0.0,0.0,0.0,-2,-302,1,1
q078,musique,1729,H4,1024,P2,0.0,0.0,0.0,0.0,0.0,0,-144,1,1
q121,musique,1729,H1,1024,P2,0.0,0.0,0.0,0.0,0.0,0,82,1,1
q121,musique,1729,H2,1024,P2,0.0,0.0,0.0,0.0,0.0,1,-51,1,1
q121,musique,1729,DeepSets,1024,P2,0.0,0.0,0.0,0.0,0.0,0,30,1,1
q121,musique,1729,H4,1024,P2,0.0,0.0,0.0,0.0,0.0,-1,-12,1,1
q091,musique,1729,H1,1024,P2,0.0,0.0,0.0,0.0,0.0,0,-117,1,1
q091,musique,1729,H2,1024,P2,0.0,0.0,0.0,0.0,0.0,0,-241,1,1
q091,musique,1729,DeepSets,1024,P2,0.0,0.0,0.0,0.0,0.0,0,-319,1,1
q091,musique,1729,H4,1024,P2,0.0,0.0,0.0,0.0,0.0,0,-72,1,1
q127,musique,1729,H1,1024,P2,0.0,0.0,0.0,0.0,0.0,0,0,1,1
q127,musique,1729,H2,1024,P2,0.0,0.0,1.0,0.25,1.0,0,-39,1,1
q127,musique,1729,DeepSets,1024,P2,0.0,0.0,-1.0,-0.25,-1.0,0,-92,1,1
q127,musique,1729,H4,1024,P2,0.0,0.0,0.0,0.25,0.0,0,-3,1,1
q081,musique,1729,H1,1024,P2,0.0,1.0,0.0,0.5,0.0,0,-85,1,1
q081,musique,1729,H2,1024,P2,0.0,0.0,0.0,0.0,0.0,0,-53,1,1
q081,musique,1729,DeepSets,1024,P2,0.0,0.0,0.0,0.0,0.0,-3,-379,1,1
q081,musique,1729,H4,1024,P2,0.0,0.0,0.0,0.0,0.0,0,-53,1,1
q118,musique,1729,H1,1024,P2,0.0,0.0,1.0,-0.6666666666666666,1.0,-2,-142,1,1
q118,musique,1729,H2,1024,P2,0.0,0.0,0.0,0.0,0.0,0,-246,1,1
q118,musique,1729,DeepSets,1024,P2,0.0,0.0,0.0,-0.3333333333333333,0.0,-2,-389,1,1
q118,musique,1729,H4,1024,P2,0.0,0.0,-1.0,0.3333333333333333,-1.0,0,-370,1,1
q084,musique,1729,H1,1024,P2,0.0,1.0,1.0,0.5,1.0,-1,28,1,1
q084,musique,1729,H2,1024,P2,1.0,1.0,0.0,0.0,0.0,0,-183,1,1
q084,musique,1729,DeepSets,1024,P2,1.0,1.0,0.0,0.0,0.0,-2,-293,1,1
q084,musique,1729,H4,1024,P2,1.0,1.0,-1.0,0.0,-1.0,-3,-272,1,1
q101,musique,1729,H1,1024,P2,0.0,0.0,-0.6666666666666667,0.3333333333333333,-1.0,-2,-131,1,1
q101,musique,1729,H2,1024,P2,0.0,0.0,-1.0,0.0,-1.0,-1,-26,1,1
q101,musique,1729,DeepSets,1024,P2,0.0,0.0,0.0,0.0,0.0,-3,-212,1,1
q101,musique,1729,H4,1024,P2,0.0,0.0,1.0,0.0,1.0,-2,-249,1,1
q067,musique,1729,H1,1024,P2,0.0,1.0,-1.0,0.5,-1.0,-2,-107,1,1
q067,musique,1729,H2,1024,P2,0.0,0.0,0.0,0.0,0.0,-1,-107,1,1
q067,musique,1729,DeepSets,1024,P2,0.0,0.0,0.0,0.0,0.0,-2,-274,1,1
q067,musique,1729,H4,1024,P2,0.0,0.0,0.0,0.0,0.0,-1,-110,1,1
q125,musique,1729,H1,1024,P2,0.0,0.0,0.0,0.25,0.0,-2,-148,1,1
q125,musique,1729,H2,1024,P2,0.0,0.0,0.0,0.0,0.0,-1,-125,1,1
q125,musique,1729,DeepSets,1024,P2,0.0,0.0,0.0,0.0,0.0,-1,-227,1,1
q125,musique,1729,H4,1024,P2,0.0,0.0,0.0,0.0,0.0,0,-132,1,1
q128,musique,1729,H1,1024,P2,0.0,0.0,0.0,0.0,0.0,-2,-308,1,1
q128,musique,1729,H2,1024,P2,0.0,0.0,0.0,0.0,0.0,-1,-483,1,1
q128,musique,1729,DeepSets,1024,P2,0.0,0.0,0.0,0.0,0.0,-2,-335,1,1
q128,musique,1729,H4,1024,P2,0.0,0.0,0.0,0.0,0.0,-1,-472,1,1
q073,musique,1729,H1,1024,P2,0.0,0.0,0.0,0.0,0.0,0,-70,1,1
q073,musique,1729,H2,1024,P2,0.0,0.0,0.0,0.0,0.0,0,-187,1,1
q073,musique,1729,DeepSets,1024,P2,0.0,0.0,0.0,0.0,0.0,-2,-402,1,1
q073,musique,1729,H4,1024,P2,0.0,0.0,0.0,0.0,0.0,0,-155,1,1
q089,musique,1729,H1,1024,P2,0.0,0.0,0.0,0.0,0.0,-3,-421,1,1
q089,musique,1729,H2,1024,P2,0.0,0.0,0.0,0.0,0.0,0,-300,1,1
q089,musique,1729,DeepSets,1024,P2,0.0,0.0,0.0,0.0,0.0,-3,-190,1,1
q089,musique,1729,H4,1024,P2,0.0,0.0,0.0,0.0,0.0,0,-97,1,1
q115,musique,1729,H1,1024,P2,0.0,0.0,0.0,0.0,0.0,-2,-163,1,1
q115,musique,1729,H2,1024,P2,0.0,0.0,0.0,0.0,0.0,2,-94,1,1
q115,musique,1729,DeepSets,1024,P2,0.0,0.0,0.0,0.0,0.0,-2,-256,1,1
q115,musique,1729,H4,1024,P2,0.0,0.0,0.0,0.0,0.0,0,-53,1,1
q072,musique,1729,H1,1024,P2,0.0,0.0,-0.5,0.0,0.0,-2,-486,1,1
q072,musique,1729,H2,1024,P2,0.0,0.0,0.0,0.0,0.0,0,-62,1,1
q072,musique,1729,DeepSets,1024,P2,0.0,0.0,0.0,0.0,0.0,-2,-310,1,1
q072,musique,1729,H4,1024,P2,0.0,0.0,0.0,0.0,0.0,0,-97,1,1
q069,musique,1729,H1,1024,P2,0.0,0.0,0.0,0.0,0.0,0,-207,1,1
q069,musique,1729,H2,1024,P2,0.0,0.0,0.0,0.0,0.0,0,-116,1,1
q069,musique,1729,DeepSets,1024,P2,0.0,0.0,0.0,0.0,0.0,-3,-255,1,1
q069,musique,1729,H4,1024,P2,0.0,0.0,0.0,0.0,0.0,-3,-378,1,1
q105,musique,1729,H1,1024,P2,0.0,0.0,0.0,0.0,0.0,-2,-207,1,1
q105,musique,1729,H2,1024,P2,0.0,0.0,0.0,-0.3333333333333333,0.0,-1,-86,1,1
q105,musique,1729,DeepSets,1024,P2,0.0,0.0,0.0,0.0,0.0,-2,-145,1,1
q105,musique,1729,H4,1024,P2,0.0,0.0,0.0,0.0,0.0,0,-167,1,1
q111,musique,1729,H1,1024,P2,0.0,0.0,0.0,0.0,0.0,-1,-70,1,1
q111,musique,1729,H2,1024,P2,0.0,0.0,0.0,0.0,0.0,0,-30,1,1
q111,musique,1729,DeepSets,1024,P2,0.0,0.0,-0.33333333333333337,0.0,-1.0,-2,-123,1,1
q111,musique,1729,H4,1024,P2,0.0,0.0,0.33333333333333337,0.0,1.0,0,61,1,1
q086,musique,1729,H1,1024,P2,1.0,0.0,0.0,-0.5,0.0,0,13,1,1
q086,musique,1729,H2,1024,P2,1.0,1.0,0.0,0.0,0.0,-1,-136,1,1
q086,musique,1729,DeepSets,1024,P2,1.0,0.0,0.0,-0.5,0.0,-3,-414,1,1
q086,musique,1729,H4,1024,P2,1.0,1.0,0.0,0.0,0.0,-1,-118,1,1
q088,musique,1729,H1,1024,P2,0.0,0.0,0.0,0.0,0.0,0,-383,1,1
q088,musique,1729,H2,1024,P2,0.0,0.0,0.0,0.0,0.0,-1,-386,1,1
q088,musique,1729,DeepSets,1024,P2,0.0,0.0,0.0,0.0,0.0,-2,-467,1,1
q088,musique,1729,H4,1024,P2,0.0,0.0,0.0,0.0,0.0,0,-348,1,1
q079,musique,1729,H1,1024,P2,1.0,1.0,0.0,0.0,0.0,-1,-118,1,1
q079,musique,1729,H2,1024,P2,1.0,1.0,0.0,0.0,0.0,0,-55,1,1
q079,musique,1729,DeepSets,1024,P2,1.0,1.0,0.0,0.0,0.0,-2,-100,1,1
q079,musique,1729,H4,1024,P2,1.0,1.0,0.0,0.0,0.0,-1,-27,1,1
q104,musique,1729,H1,1024,P2,0.0,0.0,0.0,-0.3333333333333333,0.0,-2,-20,1,1
q104,musique,1729,H2,1024,P2,0.0,0.0,0.0,0.0,0.0,-1,-146,1,1
q104,musique,1729,DeepSets,1024,P2,0.0,0.0,0.0,0.0,0.0,-2,-95,1,1
q104,musique,1729,H4,1024,P2,0.0,0.0,0.0,0.0,0.0,-3,-326,1,1
q116,musique,1729,H1,1024,P2,0.0,0.0,0.0,0.0,0.0,-2,-399,1,1
q116,musique,1729,H2,1024,P2,0.0,0.0,0.0,0.0,0.0,-1,-347,1,1
q116,musique,1729,DeepSets,1024,P2,0.0,0.0,0.0,0.0,0.0,-2,-334,1,1
q116,musique,1729,H4,1024,P2,0.0,0.0,0.0,0.0,0.0,-1,-253,1,1
q087,musique,1729,H1,1024,P2,0.0,1.0,0.3157894736842105,0.5,0.0,-2,-270,1,1
q087,musique,1729,H2,1024,P2,0.0,1.0,0.3157894736842105,0.5,0.0,0,-1,1,1
q087,musique,1729,DeepSets,1024,P2,1.0,1.0,0.17293233082706763,0.0,0.0,-2,-301,1,1
q087,musique,1729,H4,1024,P2,0.0,0.0,0.0,0.0,0.0,0,-45,1,1
q106,musique,1729,H1,1024,P2,0.0,0.0,0.0,0.0,0.0,-1,-207,1,1
q106,musique,1729,H2,1024,P2,0.0,0.0,0.0,0.0,0.0,0,-239,1,1
q106,musique,1729,DeepSets,1024,P2,0.0,0.0,-1.0,0.0,-1.0,0,300,1,1
q106,musique,1729,H4,1024,P2,0.0,0.0,0.0,0.0,0.0,0,-3,1,1
q009,hotpot,2026,H1,1024,P2,0.0,1.0,0.0,0.5,0.0,1,144,1,1
q009,hotpot,2026,H2,1024,P2,0.0,0.0,-1.0,0.0,-1.0,0,-268,1,1
q009,hotpot,2026,DeepSets,1024,P2,0.0,1.0,0.0,0.5,0.0,0,-231,1,1
q009,hotpot,2026,H4,1024,P2,0.0,0.0,-1.0,0.0,-1.0,0,-205,1,1
q049,hotpot,2026,H1,1024,P2,0.0,0.0,0.0,0.0,0.0,0,54,1,1
q049,hotpot,2026,H2,1024,P2,0.0,0.0,0.0,0.0,0.0,1,100,1,1
q049,hotpot,2026,DeepSets,1024,P2,0.0,0.0,-1.0,0.0,-1.0,-3,-288,1,1
q049,hotpot,2026,H4,1024,P2,0.0,0.0,0.0,0.0,0.0,-3,-297,1,1
q050,hotpot,2026,H1,1024,P2,1.0,1.0,0.0,0.0,0.0,1,22,1,1
q050,hotpot,2026,H2,1024,P2,1.0,1.0,0.0,0.0,0.0,1,-14,1,1
q050,hotpot,2026,DeepSets,1024,P2,1.0,1.0,0.0,0.0,0.0,0,-17,1,1
q050,hotpot,2026,H4,1024,P2,1.0,1.0,0.0,0.0,0.0,0,-4,1,1
q063,hotpot,2026,H1,1024,P2,1.0,1.0,0.0,0.0,0.0,-3,-237,1,1
q063,hotpot,2026,H2,1024,P2,1.0,1.0,0.0,0.0,0.0,0,-1,1,1
q063,hotpot,2026,DeepSets,1024,P2,1.0,1.0,0.0,0.0,0.0,-2,-50,1,1
q063,hotpot,2026,H4,1024,P2,1.0,1.0,0.0,0.0,0.0,0,-6,1,1
q016,hotpot,2026,H1,1024,P2,1.0,1.0,0.0,0.0,0.0,-2,-387,1,1
q016,hotpot,2026,H2,1024,P2,1.0,1.0,0.0,0.0,0.0,0,-171,1,1
q016,hotpot,2026,DeepSets,1024,P2,1.0,1.0,0.0,0.0,0.0,-3,-536,1,1
q016,hotpot,2026,H4,1024,P2,1.0,1.0,0.0,0.0,0.0,0,-91,1,1
q039,hotpot,2026,H1,1024,P2,1.0,1.0,0.0,0.0,0.0,0,44,1,1
q039,hotpot,2026,H2,1024,P2,1.0,1.0,0.0,0.0,0.0,0,-14,1,1
q039,hotpot,2026,DeepSets,1024,P2,1.0,1.0,0.0,0.0,0.0,0,4,1,1
q039,hotpot,2026,H4,1024,P2,1.0,1.0,0.0,0.0,0.0,0,-144,1,1
q020,hotpot,2026,H1,1024,P2,1.0,1.0,0.0,0.0,0.0,0,0,0,0
q020,hotpot,2026,H2,1024,P2,1.0,1.0,0.0,0.0,0.0,0,-81,1,1
q020,hotpot,2026,DeepSets,1024,P2,1.0,1.0,0.0,0.0,0.0,0,-37,1,1
q020,hotpot,2026,H4,1024,P2,1.0,1.0,0.0,0.0,0.0,0,8,1,1
q054,hotpot,2026,H1,1024,P2,1.0,1.0,0.0,0.0,0.0,-2,-29,1,1
q054,hotpot,2026,H2,1024,P2,1.0,1.0,0.0,0.0,0.0,0,277,1,1
q054,hotpot,2026,DeepSets,1024,P2,1.0,1.0,0.0,0.0,0.0,0,-14,1,1
q054,hotpot,2026,H4,1024,P2,1.0,1.0,0.0,0.0,0.0,0,207,1,1
q017,hotpot,2026,H1,1024,P2,1.0,1.0,0.0,0.0,0.0,-1,-160,1,1
q017,hotpot,2026,H2,1024,P2,1.0,1.0,0.0,0.0,0.0,1,145,1,1
q017,hotpot,2026,DeepSets,1024,P2,1.0,1.0,0.0,0.0,0.0,0,-453,1,1
q017,hotpot,2026,H4,1024,P2,1.0,1.0,0.0,0.0,0.0,0,14,1,1
q001,hotpot,2026,H1,1024,P2,1.0,1.0,0.0,0.0,0.0,-1,-149,1,1
q001,hotpot,2026,H2,1024,P2,1.0,1.0,0.0,0.0,0.0,0,-128,1,1
q001,hotpot,2026,DeepSets,1024,P2,1.0,1.0,0.0,0.0,0.0,0,-131,1,1
q001,hotpot,2026,H4,1024,P2,1.0,1.0,0.0,0.0,0.0,0,-33,1,1
q005,hotpot,2026,H1,1024,P2,0.0,0.0,0.3333333333333333,0.0,0.0,0,251,1,1
q005,hotpot,2026,H2,1024,P2,0.0,0.0,0.0,0.0,0.0,-2,-423,1,1
q005,hotpot,2026,DeepSets,1024,P2,0.0,0.0,0.0,0.0,0.0,-2,-238,1,1
q005,hotpot,2026,H4,1024,P2,0.0,0.0,0.0,0.0,0.0,0,-50,1,1
q035,hotpot,2026,H1,1024,P2,1.0,1.0,0.0,0.0,0.0,0,43,1,1
q035,hotpot,2026,H2,1024,P2,1.0,1.0,0.0,0.0,0.0,0,-149,1,1
q035,hotpot,2026,DeepSets,1024,P2,1.0,1.0,0.0,0.0,0.0,0,59,1,1
q035,hotpot,2026,H4,1024,P2,1.0,1.0,0.0,0.0,0.0,0,-39,1,1
q040,hotpot,2026,H1,1024,P2,0.0,1.0,0.0,0.5,0.0,0,-197,1,1
q040,hotpot,2026,H2,1024,P2,1.0,1.0,0.0,0.0,0.0,0,-166,1,1
q040,hotpot,2026,DeepSets,1024,P2,0.0,1.0,0.0,0.5,0.0,-2,-467,1,1
q040,hotpot,2026,H4,1024,P2,1.0,1.0,0.0,0.0,0.0,0,26,1,1
q051,hotpot,2026,H1,1024,P2,1.0,1.0,0.0,0.0,0.0,0,-71,1,1
q051,hotpot,2026,H2,1024,P2,1.0,1.0,0.0,0.0,0.0,0,-135,1,1
q051,hotpot,2026,DeepSets,1024,P2,1.0,1.0,0.0,0.0,0.0,0,-155,1,1
q051,hotpot,2026,H4,1024,P2,1.0,1.0,0.0,0.0,0.0,0,26,1,1
q042,hotpot,2026,H1,1024,P2,1.0,1.0,0.0,0.0,0.0,0,-143,1,1
q042,hotpot,2026,H2,1024,P2,1.0,1.0,0.0,0.0,0.0,0,-160,1,1
q042,hotpot,2026,DeepSets,1024,P2,1.0,1.0,0.0,0.0,0.0,0,-172,1,1
q042,hotpot,2026,H4,1024,P2,1.0,1.0,0.0,0.0,0.0,0,-76,1,1
q002,hotpot,2026,H1,1024,P2,1.0,1.0,0.0,0.0,0.0,-3,-543,1,1
q002,hotpot,2026,H2,1024,P2,1.0,1.0,0.0,0.0,0.0,0,-71,1,1
q002,hotpot,2026,DeepSets,1024,P2,1.0,1.0,0.0,0.0,0.0,-3,-595,1,1
q002,hotpot,2026,H4,1024,P2,1.0,1.0,0.0,0.0,0.0,0,-177,1,1
q019,hotpot,2026,H1,1024,P2,0.0,0.0,0.0,0.0,0.0,-1,-457,1,1
q019,hotpot,2026,H2,1024,P2,0.0,1.0,1.0,0.5,1.0,1,-75,1,1
q019,hotpot,2026,DeepSets,1024,P2,0.0,1.0,0.0,0.5,0.0,-2,-264,1,1
q019,hotpot,2026,H4,1024,P2,0.0,1.0,0.0,0.5,0.0,-1,-16,1,1
q003,hotpot,2026,H1,1024,P2,1.0,0.0,-1.0,-0.5,-1.0,1,39,1,1
q003,hotpot,2026,H2,1024,P2,1.0,1.0,0.0,0.0,0.0,0,10,1,1
q003,hotpot,2026,DeepSets,1024,P2,0.0,0.0,0.0,0.0,0.0,0,-136,1,1
q003,hotpot,2026,H4,1024,P2,1.0,1.0,0.0,0.0,0.0,0,-1,1,1
q029,hotpot,2026,H1,1024,P2,0.0,0.0,0.0,0.0,0.0,-1,-136,1,1
q029,hotpot,2026,H2,1024,P2,0.0,0.0,0.0,0.0,0.0,0,117,1,1
q029,hotpot,2026,DeepSets,1024,P2,0.0,0.0,0.0,0.0,0.0,-1,-79,1,1
q029,hotpot,2026,H4,1024,P2,0.0,0.0,0.0,0.0,0.0,0,45,1,1
q056,hotpot,2026,H1,1024,P2,1.0,1.0,0.0,0.0,0.0,-1,-22,1,1
q056,hotpot,2026,H2,1024,P2,1.0,1.0,-1.0,0.0,-1.0,0,141,1,1
q056,hotpot,2026,DeepSets,1024,P2,1.0,1.0,-1.0,0.0,-1.0,0,10,1,1
q056,hotpot,2026,H4,1024,P2,1.0,1.0,-1.0,0.0,-1.0,0,-53,1,1
q038,hotpot,2026,H1,1024,P2,1.0,1.0,0.0,0.0,0.0,1,93,1,1
q038,hotpot,2026,H2,1024,P2,1.0,1.0,0.0,0.0,0.0,0,47,1,1
q038,hotpot,2026,DeepSets,1024,P2,1.0,1.0,0.0,0.0,0.0,0,-56,1,1
q038,hotpot,2026,H4,1024,P2,1.0,1.0,0.0,0.0,0.0,0,-32,1,1
q037,hotpot,2026,H1,1024,P2,0.0,0.0,0.0,0.0,0.0,-2,-348,1,1
q037,hotpot,2026,H2,1024,P2,0.0,0.0,0.0,0.0,0.0,0,26,1,1
q037,hotpot,2026,DeepSets,1024,P2,0.0,0.0,0.0,0.0,0.0,-3,-558,1,1
q037,hotpot,2026,H4,1024,P2,0.0,0.0,0.0,0.0,0.0,0,37,1,1
q021,hotpot,2026,H1,1024,P2,1.0,1.0,0.0,0.0,0.0,-3,-449,1,1
q021,hotpot,2026,H2,1024,P2,1.0,1.0,0.0,0.0,0.0,0,53,1,1
q021,hotpot,2026,DeepSets,1024,P2,1.0,1.0,0.0,0.0,0.0,0,30,1,1
q021,hotpot,2026,H4,1024,P2,1.0,1.0,0.0,0.0,0.0,0,-64,1,1
q018,hotpot,2026,H1,1024,P2,1.0,1.0,0.0,0.0,0.0,0,-67,1,1
q018,hotpot,2026,H2,1024,P2,1.0,1.0,0.0,0.0,0.0,0,-126,1,1
q018,hotpot,2026,DeepSets,1024,P2,1.0,1.0,0.0,0.0,0.0,-3,-415,1,1
q018,hotpot,2026,H4,1024,P2,1.0,1.0,0.0,0.0,0.0,0,15,1,1
q059,hotpot,2026,H1,1024,P2,1.0,1.0,0.0,0.0,0.0,0,87,1,1
q059,hotpot,2026,H2,1024,P2,1.0,0.0,0.0,-0.5,0.0,0,-286,1,1
q059,hotpot,2026,DeepSets,1024,P2,0.0,1.0,0.0,0.5,0.0,0,-195,1,1
q059,hotpot,2026,H4,1024,P2,0.0,1.0,0.0,0.5,0.0,0,-23,1,1
q044,hotpot,2026,H1,1024,P2,0.0,1.0,0.5,0.5,0.0,-3,-433,1,1
q044,hotpot,2026,H2,1024,P2,1.0,1.0,0.5,0.0,1.0,-3,-573,1,1
q044,hotpot,2026,DeepSets,1024,P2,1.0,1.0,0.0,0.0,0.0,-3,-439,1,1
q044,hotpot,2026,H4,1024,P2,1.0,1.0,0.0,0.0,0.0,0,-182,1,1
q010,hotpot,2026,H1,1024,P2,1.0,1.0,0.0,0.0,0.0,-1,-189,1,1
q010,hotpot,2026,H2,1024,P2,1.0,1.0,0.0,0.0,0.0,0,-95,1,1
q010,hotpot,2026,DeepSets,1024,P2,1.0,1.0,0.0,0.0,0.0,-2,-347,1,1
q010,hotpot,2026,H4,1024,P2,1.0,1.0,0.0,0.0,0.0,0,26,1,1
q014,hotpot,2026,H1,1024,P2,0.0,1.0,0.08333333333333337,0.5,0.0,-2,-560,1,1
q014,hotpot,2026,H2,1024,P2,0.0,0.0,0.0,0.0,0.0,0,-348,1,1
q014,hotpot,2026,DeepSets,1024,P2,0.0,1.0,0.6031746031746033,0.5,0.0,0,-232,1,1
q014,hotpot,2026,H4,1024,P2,0.0,0.0,0.0,0.0,0.0,0,17,1,1
q062,hotpot,2026,H1,1024,P2,1.0,1.0,-1.0,0.0,-1.0,0,72,1,1
q062,hotpot,2026,H2,1024,P2,1.0,1.0,-1.0,0.0,-1.0,0,120,1,1
q062,hotpot,2026,DeepSets,1024,P2,1.0,1.0,-1.0,0.0,-1.0,0,-92,1,1
q062,hotpot,2026,H4,1024,P2,1.0,1.0,-1.0,0.0,-1.0,0,160,1,1
q064,hotpot,2026,H1,1024,P2,0.0,0.0,0.0,0.0,0.0,0,105,1,1
q064,hotpot,2026,H2,1024,P2,0.0,0.0,0.0,0.0,0.0,0,-52,1,1
q064,hotpot,2026,DeepSets,1024,P2,0.0,0.0,0.0,0.0,0.0,0,44,1,1
q064,hotpot,2026,H4,1024,P2,0.0,0.0,0.0,0.0,0.0,0,15,1,1
q055,hotpot,2026,H1,1024,P2,0.0,1.0,0.0,0.5,0.0,1,-78,1,1
q055,hotpot,2026,H2,1024,P2,0.0,1.0,0.0,0.5,0.0,1,34,1,1
q055,hotpot,2026,DeepSets,1024,P2,1.0,1.0,0.0,0.0,0.0,0,-25,1,1
q055,hotpot,2026,H4,1024,P2,0.0,1.0,0.0,0.5,0.0,0,-76,1,1
q045,hotpot,2026,H1,1024,P2,1.0,1.0,0.0,0.0,0.0,-3,-383,1,1
q045,hotpot,2026,H2,1024,P2,1.0,1.0,0.0,0.0,0.0,0,-108,1,1
q045,hotpot,2026,DeepSets,1024,P2,1.0,1.0,0.0,0.0,0.0,-3,-404,1,1
q045,hotpot,2026,H4,1024,P2,1.0,1.0,0.0,0.0,0.0,0,62,1,1
q048,hotpot,2026,H1,1024,P2,1.0,1.0,0.0,0.0,0.0,0,0,0,0
q048,hotpot,2026,H2,1024,P2,1.0,0.0,1.0,-0.6666666666666667,1.0,-3,-549,1,1
q048,hotpot,2026,DeepSets,1024,P2,0.0,1.0,-1.0,0.6666666666666667,-1.0,-3,-514,1,1
q048,hotpot,2026,H4,1024,P2,1.0,1.0,0.0,0.0,0.0,0,-133,1,1
q041,hotpot,2026,H1,1024,P2,1.0,1.0,0.0,0.0,0.0,0,0,0,0
q041,hotpot,2026,H2,1024,P2,1.0,1.0,0.0,0.0,0.0,0,-345,1,1
q041,hotpot,2026,DeepSets,1024,P2,1.0,1.0,0.0,0.0,0.0,0,-144,1,1
q041,hotpot,2026,H4,1024,P2,1.0,1.0,0.0,0.0,0.0,0,-305,1,1
q028,hotpot,2026,H1,1024,P2,1.0,1.0,-1.0,0.0,-1.0,0,213,1,1
q028,hotpot,2026,H2,1024,P2,1.0,1.0,0.0,0.0,0.0,0,66,1,1
q028,hotpot,2026,DeepSets,1024,P2,1.0,1.0,-1.0,0.0,-1.0,0,-239,1,1
q028,hotpot,2026,H4,1024,P2,1.0,1.0,-1.0,0.0,-1.0,0,-23,1,1
q060,hotpot,2026,H1,1024,P2,0.0,0.0,1.0,0.0,1.0,0,-98,1,1
q060,hotpot,2026,H2,1024,P2,0.0,0.0,0.0,0.0,0.0,0,-309,1,1
q060,hotpot,2026,DeepSets,1024,P2,0.0,0.0,0.0,0.0,0.0,1,-401,1,1
q060,hotpot,2026,H4,1024,P2,0.0,0.0,0.0,0.0,0.0,0,-126,1,1
q015,hotpot,2026,H1,1024,P2,1.0,1.0,0.0,0.0,0.0,-1,-116,1,1
q015,hotpot,2026,H2,1024,P2,1.0,1.0,0.0,0.0,0.0,0,36,1,1
q015,hotpot,2026,DeepSets,1024,P2,1.0,1.0,0.5,0.0,1.0,0,-69,1,1
q015,hotpot,2026,H4,1024,P2,1.0,1.0,0.5,0.0,1.0,0,-46,1,1
q057,hotpot,2026,H1,1024,P2,0.0,0.0,0.0,0.0,0.0,-1,-217,1,1
q057,hotpot,2026,H2,1024,P2,1.0,0.0,0.0,-0.5,0.0,-2,-343,1,1
q057,hotpot,2026,DeepSets,1024,P2,0.0,0.0,-1.0,0.0,-1.0,2,85,1,1
q057,hotpot,2026,H4,1024,P2,0.0,0.0,0.0,0.0,0.0,-3,-455,1,1
q011,hotpot,2026,H1,1024,P2,0.0,1.0,0.4,0.5,0.0,0,43,1,1
q011,hotpot,2026,H2,1024,P2,0.0,1.0,0.0,0.5,0.0,0,32,1,1
q011,hotpot,2026,DeepSets,1024,P2,1.0,1.0,0.0,0.0,0.0,-3,-320,1,1
q011,hotpot,2026,H4,1024,P2,1.0,1.0,0.4,0.0,0.0,0,11,1,1
q025,hotpot,2026,H1,1024,P2,0.0,0.0,0.0,0.6666666666666666,0.0,0,-43,1,1
q025,hotpot,2026,H2,1024,P2,0.0,0.0,0.0,0.6666666666666666,0.0,0,-93,1,1
q025,hotpot,2026,DeepSets,1024,P2,0.0,0.0,0.0,0.6666666666666666,0.0,0,-213,1,1
q025,hotpot,2026,H4,1024,P2,0.0,0.0,0.0,0.0,0.0,0,-82,1,1
q036,hotpot,2026,H1,1024,P2,0.0,0.0,0.0,0.0,0.0,0,-227,1,1
q036,hotpot,2026,H2,1024,P2,0.0,0.0,0.0,0.0,0.0,1,-85,1,1
q036,hotpot,2026,DeepSets,1024,P2,0.0,0.0,0.0,0.0,0.0,0,-263,1,1
q036,hotpot,2026,H4,1024,P2,0.0,0.0,0.0,0.0,0.0,0,-53,1,1
q032,hotpot,2026,H1,1024,P2,1.0,1.0,0.0,0.0,0.0,-2,-460,1,1
q032,hotpot,2026,H2,1024,P2,1.0,1.0,0.0,0.0,0.0,0,-62,1,1
q032,hotpot,2026,DeepSets,1024,P2,1.0,1.0,0.0,0.0,0.0,-2,-459,1,1
q032,hotpot,2026,H4,1024,P2,1.0,1.0,0.0,0.0,0.0,0,-79,1,1
q046,hotpot,2026,H1,1024,P2,1.0,1.0,0.0,0.0,0.0,-2,-343,1,1
q046,hotpot,2026,H2,1024,P2,1.0,1.0,0.0,0.0,0.0,0,-169,1,1
q046,hotpot,2026,DeepSets,1024,P2,1.0,1.0,0.0,0.0,0.0,0,-106,1,1
q046,hotpot,2026,H4,1024,P2,1.0,1.0,0.0,0.0,0.0,0,-113,1,1
q058,hotpot,2026,H1,1024,P2,0.0,0.0,0.0,0.0,0.0,-1,-311,1,1
q058,hotpot,2026,H2,1024,P2,0.0,1.0,0.16666666666666663,0.5,0.0,0,-111,1,1
q058,hotpot,2026,DeepSets,1024,P2,0.0,0.0,-0.5,0.0,0.0,-2,-307,1,1
q058,hotpot,2026,H4,1024,P2,0.0,1.0,0.16666666666666663,0.5,0.0,-2,-232,1,1
q024,hotpot,2026,H1,1024,P2,0.0,0.0,0.0,0.0,0.0,0,0,0,0
q024,hotpot,2026,H2,1024,P2,0.0,0.0,0.0,0.0,0.0,0,-232,1,1
q024,hotpot,2026,DeepSets,1024,P2,0.0,0.0,0.0,0.0,0.0,0,-123,1,1
q024,hotpot,2026,H4,1024,P2,0.0,0.0,0.0,0.0,0.0,0,47,1,1
q026,hotpot,2026,H1,1024,P2,1.0,1.0,0.0,0.0,0.0,0,-8,1,1
q026,hotpot,2026,H2,1024,P2,1.0,1.0,-0.33333333333333337,0.0,-1.0,0,-45,1,1
q026,hotpot,2026,DeepSets,1024,P2,1.0,1.0,0.0,0.0,0.0,0,10,1,1
q026,hotpot,2026,H4,1024,P2,1.0,1.0,0.0,0.0,0.0,0,-19,1,1
q034,hotpot,2026,H1,1024,P2,0.0,0.0,0.0,0.0,0.0,0,-16,1,1
q034,hotpot,2026,H2,1024,P2,0.0,1.0,0.6666666666666667,0.5,1.0,0,128,1,1
q034,hotpot,2026,DeepSets,1024,P2,0.0,0.0,0.0,0.0,0.0,0,31,1,1
q034,hotpot,2026,H4,1024,P2,0.0,1.0,0.0,0.5,0.0,0,22,1,1
q006,hotpot,2026,H1,1024,P2,0.0,0.0,0.0,0.0,0.0,-2,-355,1,1
q006,hotpot,2026,H2,1024,P2,0.0,0.0,0.0,0.0,0.0,0,15,1,1
q006,hotpot,2026,DeepSets,1024,P2,0.0,0.0,0.0,0.0,0.0,-3,-484,1,1
q006,hotpot,2026,H4,1024,P2,0.0,0.0,0.0,0.0,0.0,0,-43,1,1
q047,hotpot,2026,H1,1024,P2,0.0,0.0,0.0,0.0,0.0,-2,-446,1,1
q047,hotpot,2026,H2,1024,P2,0.0,0.0,0.0,0.0,0.0,0,104,1,1
q047,hotpot,2026,DeepSets,1024,P2,0.0,0.0,0.0,0.0,0.0,0,-94,1,1
q047,hotpot,2026,H4,1024,P2,0.0,0.0,0.0,0.0,0.0,-3,-396,1,1
q012,hotpot,2026,H1,1024,P2,1.0,1.0,0.0,0.0,0.0,0,-4,1,1
q012,hotpot,2026,H2,1024,P2,1.0,1.0,1.0,0.0,1.0,0,92,1,1
q012,hotpot,2026,DeepSets,1024,P2,1.0,1.0,0.0,0.0,0.0,0,-298,1,1
q012,hotpot,2026,H4,1024,P2,1.0,1.0,0.0,0.0,0.0,0,-195,1,1
q052,hotpot,2026,H1,1024,P2,1.0,1.0,0.0,0.0,0.0,0,132,1,1
q052,hotpot,2026,H2,1024,P2,1.0,1.0,0.0,0.0,0.0,0,-240,1,1
q052,hotpot,2026,DeepSets,1024,P2,1.0,1.0,0.0,0.0,0.0,0,-79,1,1
q052,hotpot,2026,H4,1024,P2,1.0,1.0,0.0,0.0,0.0,0,-76,1,1
q061,hotpot,2026,H1,1024,P2,0.0,0.0,0.0,0.0,0.0,-3,-611,1,1
q061,hotpot,2026,H2,1024,P2,0.0,1.0,0.0,0.5,0.0,0,-41,1,1
q061,hotpot,2026,DeepSets,1024,P2,0.0,1.0,0.0,0.5,0.0,-2,-418,1,1
q061,hotpot,2026,H4,1024,P2,1.0,1.0,0.0,0.0,0.0,-2,-367,1,1
q027,hotpot,2026,H1,1024,P2,0.0,1.0,1.0,0.5,1.0,0,146,1,1
q027,hotpot,2026,H2,1024,P2,0.0,0.0,0.0,0.0,0.0,0,12,1,1
q027,hotpot,2026,DeepSets,1024,P2,0.0,1.0,1.0,0.5,1.0,0,-53,1,1
q027,hotpot,2026,H4,1024,P2,0.0,1.0,1.0,0.5,1.0,0,55,1,1
q053,hotpot,2026,H1,1024,P2,1.0,1.0,0.0,0.0,0.0,0,109,1,1
q053,hotpot,2026,H2,1024,P2,0.0,1.0,1.0,0.5,1.0,0,-147,1,1
q053,hotpot,2026,DeepSets,1024,P2,1.0,1.0,0.0,0.0,0.0,0,-57,1,1
q053,hotpot,2026,H4,1024,P2,1.0,1.0,0.0,0.0,0.0,0,-122,1,1
q004,hotpot,2026,H1,1024,P2,1.0,1.0,0.0,0.0,0.0,0,0,0,0
q004,hotpot,2026,H2,1024,P2,1.0,1.0,0.0,0.0,0.0,0,-258,1,1
q004,hotpot,2026,DeepSets,1024,P2,1.0,1.0,0.0,0.0,0.0,0,-203,1,1
q004,hotpot,2026,H4,1024,P2,1.0,1.0,0.0,0.0,0.0,0,-9,1,1
q043,hotpot,2026,H1,1024,P2,1.0,1.0,0.0,0.0,0.0,-3,-213,1,1
q043,hotpot,2026,H2,1024,P2,1.0,1.0,0.0,0.0,0.0,0,63,1,1
q043,hotpot,2026,DeepSets,1024,P2,1.0,1.0,0.0,0.0,0.0,0,-38,1,1
q043,hotpot,2026,H4,1024,P2,1.0,1.0,0.0,0.0,0.0,0,73,1,1
q013,hotpot,2026,H1,1024,P2,1.0,1.0,0.0,0.0,0.0,0,-100,1,1
q013,hotpot,2026,H2,1024,P2,1.0,1.0,0.0,0.0,0.0,0,-245,1,1
q013,hotpot,2026,DeepSets,1024,P2,1.0,1.0,0.0,0.0,0.0,0,-227,1,1
q013,hotpot,2026,H4,1024,P2,1.0,1.0,0.0,0.0,0.0,0,-130,1,1
q008,hotpot,2026,H1,1024,P2,1.0,1.0,0.0,0.0,0.0,0,-32,1,1
q008,hotpot,2026,H2,1024,P2,1.0,1.0,0.0,0.0,0.0,0,-10,1,1
q008,hotpot,2026,DeepSets,1024,P2,1.0,1.0,0.0,0.0,0.0,0,-28,1,1
q008,hotpot,2026,H4,1024,P2,1.0,1.0,0.0,0.0,0.0,0,-27,1,1
q007,hotpot,2026,H1,1024,P2,0.0,0.0,0.0,0.0,0.0,-3,-553,1,1
q007,hotpot,2026,H2,1024,P2,0.0,0.0,0.0,0.0,0.0,0,-198,1,1
q007,hotpot,2026,DeepSets,1024,P2,0.0,0.0,0.0,0.0,0.0,-3,-549,1,1
q007,hotpot,2026,H4,1024,P2,0.0,0.0,0.0,0.0,0.0,-3,-553,1,1
q031,hotpot,2026,H1,1024,P2,0.0,0.0,0.0,0.0,0.0,-3,-390,1,1
q031,hotpot,2026,H2,1024,P2,0.0,0.0,0.0,0.0,0.0,-2,-276,1,1
q031,hotpot,2026,DeepSets,1024,P2,0.0,0.0,0.0,0.0,0.0,-3,-379,1,1
q031,hotpot,2026,H4,1024,P2,0.0,0.0,0.0,0.0,0.0,-3,-427,1,1
q023,hotpot,2026,H1,1024,P2,0.0,0.0,0.0,0.0,0.0,-2,-383,1,1
q023,hotpot,2026,H2,1024,P2,0.0,0.0,0.0,0.0,0.0,0,-217,1,1
q023,hotpot,2026,DeepSets,1024,P2,0.0,0.0,0.0,0.0,0.0,0,-23,1,1
q023,hotpot,2026,H4,1024,P2,0.0,0.0,0.0,0.0,0.0,0,-79,1,1
q022,hotpot,2026,H1,1024,P2,1.0,1.0,-0.09523809523809512,0.0,0.0,-3,-431,1,1
q022,hotpot,2026,H2,1024,P2,1.0,1.0,0.0,0.0,0.0,0,-242,1,1
q022,hotpot,2026,DeepSets,1024,P2,0.0,1.0,0.09523809523809512,0.6666666666666667,0.0,0,-174,1,1
q022,hotpot,2026,H4,1024,P2,1.0,1.0,0.0,0.0,0.0,0,23,1,1
q033,hotpot,2026,H1,1024,P2,1.0,1.0,0.4444444444444445,0.0,0.0,0,60,1,1
q033,hotpot,2026,H2,1024,P2,1.0,1.0,0.0,0.0,0.0,0,-36,1,1
q033,hotpot,2026,DeepSets,1024,P2,1.0,1.0,-0.5,0.0,0.0,-2,-289,1,1
q033,hotpot,2026,H4,1024,P2,1.0,1.0,0.0,0.0,0.0,0,-65,1,1
q030,hotpot,2026,H1,1024,P2,1.0,1.0,0.0,0.0,0.0,0,-28,1,1
q030,hotpot,2026,H2,1024,P2,1.0,1.0,0.0,0.0,0.0,0,76,1,1
q030,hotpot,2026,DeepSets,1024,P2,0.0,1.0,0.0,0.5,0.0,0,-72,1,1
q030,hotpot,2026,H4,1024,P2,1.0,1.0,0.0,0.0,0.0,0,0,1,1
q112,musique,2026,H1,1024,P2,0.0,0.0,0.0,0.3333333333333333,0.0,0,-149,1,1
q112,musique,2026,H2,1024,P2,0.0,0.0,0.0,0.0,0.0,0,-141,1,1
q112,musique,2026,DeepSets,1024,P2,0.0,0.0,0.0,0.3333333333333333,0.0,-1,-445,1,1
q112,musique,2026,H4,1024,P2,0.0,0.0,0.0,0.3333333333333333,0.0,0,-94,1,1
q124,musique,2026,H1,1024,P2,0.0,0.0,0.0,0.0,0.0,-1,-449,1,1
q124,musique,2026,H2,1024,P2,0.0,0.0,0.0,0.0,0.0,0,-309,1,1
q124,musique,2026,DeepSets,1024,P2,0.0,0.0,-1.0,-0.25,-1.0,-2,-452,1,1
q124,musique,2026,H4,1024,P2,0.0,0.0,0.0,0.25,0.0,-1,-44,1,1
q085,musique,2026,H1,1024,P2,1.0,1.0,0.0,0.0,0.0,-2,-93,1,1
q085,musique,2026,H2,1024,P2,1.0,1.0,0.0,0.0,0.0,0,-185,1,1
q085,musique,2026,DeepSets,1024,P2,1.0,1.0,1.0,0.0,1.0,-2,-277,1,1
q085,musique,2026,H4,1024,P2,1.0,1.0,0.0,0.0,0.0,0,-111,1,1
q120,musique,2026,H1,1024,P2,0.0,0.0,0.0,0.3333333333333333,0.0,0,-45,1,1
q120,musique,2026,H2,1024,P2,0.0,0.0,0.0,0.0,0.0,0,-18,1,1
q120,musique,2026,DeepSets,1024,P2,0.0,0.0,0.0,0.3333333333333333,0.0,0,-75,1,1
q120,musique,2026,H4,1024,P2,0.0,0.0,0.0,0.0,0.0,0,-33,1,1
q110,musique,2026,H1,1024,P2,0.0,0.0,0.0,0.0,0.0,-2,-555,1,1
q110,musique,2026,H2,1024,P2,0.0,0.0,0.0,0.0,0.0,-2,-381,1,1
q110,musique,2026,DeepSets,1024,P2,0.0,0.0,0.0,0.0,0.0,-3,-558,1,1
q110,musique,2026,H4,1024,P2,0.0,0.0,0.0,0.0,0.0,-1,-280,1,1
q102,musique,2026,H1,1024,P2,0.0,0.0,0.0,-0.3333333333333333,0.0,0,224,1,1
q102,musique,2026,H2,1024,P2,0.0,0.0,0.0,-0.3333333333333333,0.0,0,-244,1,1
q102,musique,2026,DeepSets,1024,P2,0.0,0.0,0.0,-0.3333333333333333,0.0,-2,-175,1,1
q102,musique,2026,H4,1024,P2,0.0,0.0,0.0,-0.3333333333333333,0.0,-1,22,1,1
q117,musique,2026,H1,1024,P2,0.0,0.0,0.0,0.0,0.0,0,12,1,1
q117,musique,2026,H2,1024,P2,0.0,0.0,0.0,0.0,0.0,0,-50,1,1
q117,musique,2026,DeepSets,1024,P2,0.0,0.0,0.0,0.0,0.0,-3,-425,1,1
q117,musique,2026,H4,1024,P2,0.0,0.0,0.0,0.0,0.0,0,-77,1,1
q074,musique,2026,H1,1024,P2,0.0,0.0,0.0,0.0,0.0,1,287,1,1
q074,musique,2026,H2,1024,P2,0.0,0.0,0.0,0.0,0.0,0,-270,1,1
q074,musique,2026,DeepSets,1024,P2,0.0,0.0,0.0,0.0,0.0,0,-253,1,1
q074,musique,2026,H4,1024,P2,0.0,0.0,0.0,0.0,0.0,0,-55,1,1
q126,musique,2026,H1,1024,P2,0.0,0.0,0.0,0.25,0.0,0,-352,1,1
q126,musique,2026,H2,1024,P2,0.0,0.0,0.0,0.25,0.0,0,-369,1,1
q126,musique,2026,DeepSets,1024,P2,0.0,0.0,0.0,0.25,0.0,-1,-431,1,1
q126,musique,2026,H4,1024,P2,0.0,0.0,-0.6666666666666666,0.0,0.0,-1,-150,1,1
q095,musique,2026,H1,1024,P2,1.0,1.0,-1.0,0.0,-1.0,-1,-204,1,1
q095,musique,2026,H2,1024,P2,1.0,1.0,-1.0,0.0,-1.0,0,-84,1,1
q095,musique,2026,DeepSets,1024,P2,1.0,1.0,0.0,0.0,0.0,-2,-372,1,1
q095,musique,2026,H4,1024,P2,1.0,1.0,-1.0,0.0,-1.0,-1,-117,1,1
q113,musique,2026,H1,1024,P2,0.0,0.0,0.0,0.0,0.0,-1,-233,1,1
q113,musique,2026,H2,1024,P2,0.0,0.0,0.0,0.0,0.0,-1,-247,1,1
q113,musique,2026,DeepSets,1024,P2,0.0,0.0,0.0,0.0,0.0,-2,-454,1,1
q113,musique,2026,H4,1024,P2,0.0,0.0,0.0,0.0,0.0,0,-180,1,1
q092,musique,2026,H1,1024,P2,0.0,0.0,0.0,0.0,0.0,0,-20,1,1
q092,musique,2026,H2,1024,P2,0.0,0.0,-1.0,0.0,-1.0,1,-35,1,1
q092,musique,2026,DeepSets,1024,P2,0.0,0.0,-1.0,0.0,-1.0,0,-2,1,1
q092,musique,2026,H4,1024,P2,0.0,0.0,0.0,0.0,0.0,2,-31,1,1
q097,musique,2026,H1,1024,P2,1.0,1.0,0.0,0.0,0.0,-1,-204,1,1
q097,musique,2026,H2,1024,P2,1.0,1.0,0.0,0.0,0.0,0,-325,1,1
q097,musique,2026,DeepSets,1024,P2,0.0,1.0,1.0,0.33333333333333337,1.0,-2,-680,1,1
q097,musique,2026,H4,1024,P2,1.0,1.0,-1.0,0.0,-1.0,0,-173,1,1
q096,musique,2026,H1,1024,P2,0.0,0.0,0.0,0.0,0.0,-3,-380,1,1
q096,musique,2026,H2,1024,P2,0.0,0.0,0.0,0.0,0.0,-1,12,1,1
q096,musique,2026,DeepSets,1024,P2,0.0,0.0,0.0,0.0,0.0,-3,-446,1,1
q096,musique,2026,H4,1024,P2,0.0,0.0,0.0,0.0,0.0,0,36,1,1
q070,musique,2026,H1,1024,P2,1.0,1.0,0.0,0.0,0.0,-2,-350,1,1
q070,musique,2026,H2,1024,P2,1.0,1.0,0.0,0.0,0.0,0,-60,1,1
q070,musique,2026,DeepSets,1024,P2,1.0,1.0,0.0,0.0,0.0,0,-290,1,1
q070,musique,2026,H4,1024,P2,1.0,1.0,-1.0,0.0,-1.0,0,-50,1,1
q094,musique,2026,H1,1024,P2,0.0,0.0,0.0,0.0,0.0,-3,-338,1,1
q094,musique,2026,H2,1024,P2,0.0,0.0,0.0,0.0,0.0,-2,-426,1,1
q094,musique,2026,DeepSets,1024,P2,0.0,0.0,0.0,0.0,0.0,-3,-444,1,1
q094,musique,2026,H4,1024,P2,0.0,0.0,0.0,0.0,0.0,-3,-351,1,1
q108,musique,2026,H1,1024,P2,0.0,0.0,-0.22222222222222224,0.0,0.0,0,-383,1,1
q108,musique,2026,H2,1024,P2,0.0,0.0,-0.28571428571428575,0.0,0.0,0,-326,1,1
q108,musique,2026,DeepSets,1024,P2,0.0,0.0,0.0,0.0,0.0,-1,-352,1,1
q108,musique,2026,H4,1024,P2,0.0,0.0,-0.28571428571428575,0.0,0.0,-1,-403,1,1
q109,musique,2026,H1,1024,P2,0.0,0.0,0.0,0.0,0.0,0,-414,1,1
q109,musique,2026,H2,1024,P2,0.0,0.0,0.0,0.0,0.0,0,-173,1,1
q109,musique,2026,DeepSets,1024,P2,0.0,0.0,0.0,0.0,0.0,-1,-379,1,1
q109,musique,2026,H4,1024,P2,0.0,0.0,0.0,0.0,0.0,-1,-177,1,1
q114,musique,2026,H1,1024,P2,0.0,0.0,0.0,0.3333333333333333,0.0,0,40,1,1
q114,musique,2026,H2,1024,P2,0.0,0.0,0.0,0.0,0.0,0,70,1,1
q114,musique,2026,DeepSets,1024,P2,0.0,0.0,0.0,0.0,0.0,-2,-300,1,1
q114,musique,2026,H4,1024,P2,0.0,0.0,0.0,0.0,0.0,-1,-117,1,1
q083,musique,2026,H1,1024,P2,0.0,0.0,0.0,0.0,0.0,-2,-254,1,1
q083,musique,2026,H2,1024,P2,0.0,0.0,-0.4,0.0,0.0,-2,-184,1,1
q083,musique,2026,DeepSets,1024,P2,1.0,0.0,-1.0,-0.5,-1.0,-1,-441,1,1
q083,musique,2026,H4,1024,P2,0.0,0.0,0.0,0.0,0.0,0,-8,1,1
q090,musique,2026,H1,1024,P2,0.0,0.0,0.0,0.0,0.0,-1,-171,1,1
q090,musique,2026,H2,1024,P2,0.0,0.0,0.0,0.0,0.0,0,-205,1,1
q090,musique,2026,DeepSets,1024,P2,0.0,0.0,0.5,0.5,0.0,-1,-164,1,1
q090,musique,2026,H4,1024,P2,0.0,0.0,-0.5,0.0,0.0,0,39,1,1
q080,musique,2026,H1,1024,P2,1.0,1.0,0.0,0.0,0.0,-3,-361,1,1
q080,musique,2026,H2,1024,P2,1.0,0.0,0.0,-0.5,0.0,-3,-426,1,1
q080,musique,2026,DeepSets,1024,P2,0.0,1.0,0.0,0.5,0.0,-3,-503,1,1
q080,musique,2026,H4,1024,P2,1.0,1.0,0.0,0.0,0.0,-3,-474,1,1
q098,musique,2026,H1,1024,P2,0.0,0.0,-1.0,-0.3333333333333333,-1.0,-1,-509,1,1
q098,musique,2026,H2,1024,P2,0.0,0.0,0.0,-0.3333333333333333,0.0,1,-46,1,1
q098,musique,2026,DeepSets,1024,P2,0.0,0.0,-1.0,0.0,-1.0,-2,-509,1,1
q098,musique,2026,H4,1024,P2,0.0,0.0,-0.5,-0.3333333333333333,0.0,0,-109,1,1
q107,musique,2026,H1,1024,P2,0.0,0.0,0.0,0.0,0.0,0,-18,1,1
q107,musique,2026,H2,1024,P2,0.0,0.0,0.0,0.3333333333333333,0.0,0,-60,1,1
q107,musique,2026,DeepSets,1024,P2,0.0,0.0,0.0,0.0,0.0,0,0,1,1
q107,musique,2026,H4,1024,P2,0.0,0.0,0.0,0.0,0.0,0,-60,1,1
q119,musique,2026,H1,1024,P2,0.0,0.0,0.0,0.3333333333333333,0.0,0,33,1,1
q119,musique,2026,H2,1024,P2,0.0,0.0,0.0,0.0,0.0,0,-24,1,1
q119,musique,2026,DeepSets,1024,P2,0.0,0.0,0.0,0.3333333333333333,0.0,-1,-203,1,1
q119,musique,2026,H4,1024,P2,0.0,0.0,0.0,0.0,0.0,0,-70,1,1
q075,musique,2026,H1,1024,P2,1.0,1.0,-1.0,0.0,-1.0,-2,-307,1,1
q075,musique,2026,H2,1024,P2,1.0,1.0,0.0,0.0,0.0,0,-109,1,1
q075,musique,2026,DeepSets,1024,P2,1.0,1.0,1.0,0.0,1.0,-2,-519,1,1
q075,musique,2026,H4,1024,P2,1.0,1.0,-1.0,0.0,-1.0,0,-78,1,1
q122,musique,2026,H1,1024,P2,0.0,0.0,0.0,0.0,0.0,-1,-152,1,1
q122,musique,2026,H2,1024,P2,0.0,0.0,0.0,0.0,0.0,0,-98,1,1
q122,musique,2026,DeepSets,1024,P2,0.0,0.0,0.0,0.0,0.0,-2,-511,1,1
q122,musique,2026,H4,1024,P2,0.0,0.0,0.0,0.0,0.0,-1,-369,1,1
q100,musique,2026,H1,1024,P2,0.0,0.0,0.0,0.0,0.0,0,-223,1,1
q100,musique,2026,H2,1024,P2,0.0,0.0,0.0,0.0,0.0,1,-287,1,1
q100,musique,2026,DeepSets,1024,P2,0.0,0.0,0.0,0.3333333333333333,0.0,-1,-422,1,1
q100,musique,2026,H4,1024,P2,0.0,0.0,0.0,0.0,0.0,-1,-103,1,1
q082,musique,2026,H1,1024,P2,1.0,1.0,-0.6666666666666666,0.0,0.0,1,38,1,1
q082,musique,2026,H2,1024,P2,1.0,1.0,0.0,0.0,0.0,0,-207,1,1
q082,musique,2026,DeepSets,1024,P2,1.0,1.0,-0.6666666666666666,0.0,0.0,0,-382,1,1
q082,musique,2026,H4,1024,P2,1.0,1.0,0.0,0.0,0.0,0,-189,1,1
q076,musique,2026,H1,1024,P2,1.0,0.0,-1.0,-1.0,-1.0,0,-54,1,1
q076,musique,2026,H2,1024,P2,0.0,0.0,0.0,-0.5,0.0,0,-71,1,1
q076,musique,2026,DeepSets,1024,P2,0.0,0.0,0.0,-0.5,0.0,-3,-250,1,1
q076,musique,2026,H4,1024,P2,0.0,0.0,0.0,0.5,0.0,0,-9,1,1
q099,musique,2026,H1,1024,P2,0.0,0.0,0.0,0.0,0.0,-2,-378,1,1
q099,musique,2026,H2,1024,P2,0.0,0.0,0.0,0.0,0.0,0,-135,1,1
q099,musique,2026,DeepSets,1024,P2,0.0,0.0,0.0,0.0,0.0,0,-175,1,1
q099,musique,2026,H4,1024,P2,0.0,0.0,0.0,-0.3333333333333333,0.0,1,-208,1,1
q077,musique,2026,H1,1024,P2,0.0,0.0,0.0,-0.5,0.0,-2,-124,1,1
q077,musique,2026,H2,1024,P2,1.0,0.0,-1.0,-1.0,-1.0,0,67,1,1
q077,musique,2026,DeepSets,1024,P2,0.0,0.0,0.0,0.0,0.0,-2,-116,1,1
q077,musique,2026,H4,1024,P2,0.0,0.0,0.0,0.0,0.0,0,248,1,1
q071,musique,2026,H1,1024,P2,0.0,0.0,0.0,0.0,0.0,0,-317,1,1
q071,musique,2026,H2,1024,P2,0.0,0.0,0.0,0.0,0.0,-2,-303,1,1
q071,musique,2026,DeepSets,1024,P2,0.0,0.0,-0.5,0.0,0.0,-3,-585,1,1
q071,musique,2026,H4,1024,P2,0.0,0.0,0.5,0.0,0.0,-1,-149,1,1
q093,musique,2026,H1,1024,P2,0.0,1.0,1.0,0.5,1.0,0,-35,1,1
q093,musique,2026,H2,1024,P2,0.0,1.0,1.0,0.5,1.0,0,-1,1,1
q093,musique,2026,DeepSets,1024,P2,0.0,0.0,0.0,0.0,0.0,-2,-309,1,1
q093,musique,2026,H4,1024,P2,0.0,0.0,0.0,0.0,0.0,-1,-266,1,1
q065,musique,2026,H1,1024,P2,1.0,1.0,0.0,0.0,0.0,0,-90,1,1
q065,musique,2026,H2,1024,P2,1.0,1.0,0.0,0.0,0.0,0,-132,1,1
q065,musique,2026,DeepSets,1024,P2,1.0,1.0,0.0,0.0,0.0,-1,-478,1,1
q065,musique,2026,H4,1024,P2,1.0,1.0,0.0,0.0,0.0,0,-191,1,1
q123,musique,2026,H1,1024,P2,0.0,0.0,1.0,0.0,1.0,0,147,1,1
q123,musique,2026,H2,1024,P2,0.0,0.0,1.0,0.0,1.0,-1,-73,1,1
q123,musique,2026,DeepSets,1024,P2,0.0,0.0,0.0,0.0,0.0,-3,-516,1,1
q123,musique,2026,H4,1024,P2,0.0,0.0,0.0,0.0,0.0,0,-89,1,1
q068,musique,2026,H1,1024,P2,0.0,0.0,0.0,0.0,0.0,0,-106,1,1
q068,musique,2026,H2,1024,P2,1.0,0.0,0.0,-0.5,0.0,0,-287,1,1
q068,musique,2026,DeepSets,1024,P2,0.0,0.0,0.0,0.0,0.0,-2,-543,1,1
q068,musique,2026,H4,1024,P2,1.0,0.0,0.0,-0.5,0.0,0,-68,1,1
q103,musique,2026,H1,1024,P2,0.0,0.0,0.0,0.0,0.0,0,-4,1,1
q103,musique,2026,H2,1024,P2,0.0,0.0,0.0,0.0,0.0,0,-6,1,1
q103,musique,2026,DeepSets,1024,P2,0.0,0.0,0.0,0.0,0.0,-2,-117,1,1
q103,musique,2026,H4,1024,P2,0.0,0.0,0.0,0.0,0.0,0,6,1,1
q066,musique,2026,H1,1024,P2,0.0,0.0,0.0,0.0,0.0,-2,-337,1,1
q066,musique,2026,H2,1024,P2,0.0,0.0,0.0,0.0,0.0,0,-153,1,1
q066,musique,2026,DeepSets,1024,P2,0.0,0.0,0.0,0.0,0.0,-3,-481,1,1
q066,musique,2026,H4,1024,P2,0.0,0.0,0.0,0.0,0.0,-2,-484,1,1
q078,musique,2026,H1,1024,P2,0.0,0.0,0.0,0.0,0.0,1,-112,1,1
q078,musique,2026,H2,1024,P2,0.0,0.0,0.0,0.0,0.0,0,93,1,1
q078,musique,2026,DeepSets,1024,P2,0.0,0.0,0.0,0.0,0.0,-2,-428,1,1
q078,musique,2026,H4,1024,P2,0.0,0.0,0.0,0.0,0.0,0,-339,1,1
q121,musique,2026,H1,1024,P2,0.0,0.0,0.0,0.0,0.0,0,-110,1,1
q121,musique,2026,H2,1024,P2,0.0,0.0,0.0,0.0,0.0,0,-105,1,1
q121,musique,2026,DeepSets,1024,P2,0.0,0.0,0.0,0.0,0.0,-1,-163,1,1
q121,musique,2026,H4,1024,P2,0.0,0.0,0.0,0.0,0.0,0,8,1,1
q091,musique,2026,H1,1024,P2,0.0,0.0,0.0,0.0,0.0,0,-200,1,1
q091,musique,2026,H2,1024,P2,0.0,0.0,0.0,0.0,0.0,0,-355,1,1
q091,musique,2026,DeepSets,1024,P2,0.0,0.0,0.0,0.0,0.0,0,-334,1,1
q091,musique,2026,H4,1024,P2,0.0,0.0,0.0,0.0,0.0,0,-69,1,1
q127,musique,2026,H1,1024,P2,0.0,0.0,1.0,0.25,1.0,0,9,1,1
q127,musique,2026,H2,1024,P2,0.0,0.0,1.0,0.25,1.0,0,0,1,1
q127,musique,2026,DeepSets,1024,P2,0.0,0.0,0.0,0.0,0.0,-1,-60,1,1
q127,musique,2026,H4,1024,P2,0.0,0.0,1.0,0.25,1.0,-1,-16,1,1
q081,musique,2026,H1,1024,P2,0.0,0.0,-1.0,0.0,-1.0,-2,-439,1,1
q081,musique,2026,H2,1024,P2,0.0,0.0,0.0,0.0,0.0,0,-7,1,1
q081,musique,2026,DeepSets,1024,P2,0.0,0.0,0.0,0.0,0.0,-2,-417,1,1
q081,musique,2026,H4,1024,P2,0.0,0.0,0.0,0.0,0.0,0,-61,1,1
q118,musique,2026,H1,1024,P2,0.0,0.0,1.0,-0.3333333333333333,1.0,0,308,1,1
q118,musique,2026,H2,1024,P2,0.0,0.0,0.0,0.0,0.0,0,-138,1,1
q118,musique,2026,DeepSets,1024,P2,0.0,0.0,0.0,0.0,0.0,-1,-354,1,1
q118,musique,2026,H4,1024,P2,0.0,0.0,1.0,-0.3333333333333333,1.0,-1,-16,1,1
q084,musique,2026,H1,1024,P2,0.0,1.0,1.0,0.5,1.0,-1,-29,1,1
q084,musique,2026,H2,1024,P2,1.0,1.0,-1.0,0.0,-1.0,1,-71,1,1
q084,musique,2026,DeepSets,1024,P2,1.0,1.0,-1.0,0.0,-1.0,-2,-264,1,1
q084,musique,2026,H4,1024,P2,1.0,1.0,0.0,0.0,0.0,0,-43,1,1
q101,musique,2026,H1,1024,P2,0.0,0.0,0.0,0.3333333333333333,0.0,-1,-114,1,1
q101,musique,2026,H2,1024,P2,0.0,0.0,1.0,0.0,1.0,0,-46,1,1
q101,musique,2026,DeepSets,1024,P2,0.0,0.0,0.0,0.0,0.0,-2,-339,1,1
q101,musique,2026,H4,1024,P2,0.0,0.0,-1.0,0.0,-1.0,-1,-163,1,1
q067,musique,2026,H1,1024,P2,0.0,0.0,-0.8571428571428572,0.0,-1.0,-2,-277,1,1
q067,musique,2026,H2,1024,P2,0.0,0.0,0.0,0.0,0.0,-1,-99,1,1
q067,musique,2026,DeepSets,1024,P2,0.0,0.0,0.0,0.0,0.0,-1,-431,1,1
q067,musique,2026,H4,1024,P2,0.0,0.0,0.0,0.0,0.0,-1,-161,1,1
q125,musique,2026,H1,1024,P2,0.0,0.0,0.0,0.25,0.0,-1,-154,1,1
q125,musique,2026,H2,1024,P2,0.0,0.0,0.0,0.0,0.0,0,-69,1,1
q125,musique,2026,DeepSets,1024,P2,0.0,0.0,0.0,0.0,0.0,-1,-478,1,1
q125,musique,2026,H4,1024,P2,0.0,0.0,0.0,0.0,0.0,0,-6,1,1
q128,musique,2026,H1,1024,P2,0.0,0.0,1.0,0.25,1.0,-1,-497,1,1
q128,musique,2026,H2,1024,P2,0.0,0.0,0.0,0.0,0.0,0,-92,1,1
q128,musique,2026,DeepSets,1024,P2,0.0,0.0,0.0,0.0,0.0,-2,-584,1,1
q128,musique,2026,H4,1024,P2,0.0,0.0,0.0,0.0,0.0,-1,-323,1,1
q073,musique,2026,H1,1024,P2,0.0,0.0,0.0,0.0,0.0,0,-123,1,1
q073,musique,2026,H2,1024,P2,0.0,0.0,0.0,0.0,0.0,0,-59,1,1
q073,musique,2026,DeepSets,1024,P2,0.0,0.0,0.0,0.0,0.0,0,-92,1,1
q073,musique,2026,H4,1024,P2,0.0,0.0,0.0,0.0,0.0,0,-151,1,1
q089,musique,2026,H1,1024,P2,0.0,0.0,0.0,0.0,0.0,-2,-263,1,1
q089,musique,2026,H2,1024,P2,0.0,0.0,0.0,0.0,0.0,0,-58,1,1
q089,musique,2026,DeepSets,1024,P2,0.0,0.0,0.0,0.0,0.0,-2,-467,1,1
q089,musique,2026,H4,1024,P2,0.0,0.0,0.0,0.0,0.0,0,128,1,1
q115,musique,2026,H1,1024,P2,0.0,0.0,0.0,0.0,0.0,0,-282,1,1
q115,musique,2026,H2,1024,P2,0.0,0.0,0.0,0.3333333333333333,0.0,1,-10,1,1
q115,musique,2026,DeepSets,1024,P2,0.0,0.0,0.0,0.0,0.0,-1,-146,1,1
q115,musique,2026,H4,1024,P2,0.0,0.0,0.0,0.0,0.0,-1,-14,1,1
q072,musique,2026,H1,1024,P2,0.0,0.0,-0.6666666666666666,0.0,0.0,-1,-498,1,1
q072,musique,2026,H2,1024,P2,0.0,0.0,-0.6666666666666666,0.0,0.0,-1,-369,1,1
q072,musique,2026,DeepSets,1024,P2,0.0,0.0,0.0,0.0,0.0,-1,-395,1,1
q072,musique,2026,H4,1024,P2,0.0,0.0,0.0,0.0,0.0,0,-253,1,1
q069,musique,2026,H1,1024,P2,0.0,0.0,0.0,0.0,0.0,1,-72,1,1
q069,musique,2026,H2,1024,P2,0.0,0.0,0.0,0.0,0.0,0,79,1,1
q069,musique,2026,DeepSets,1024,P2,0.0,0.0,0.0,0.0,0.0,-2,-246,1,1
q069,musique,2026,H4,1024,P2,0.0,0.0,0.0,0.0,0.0,0,374,1,1
q105,musique,2026,H1,1024,P2,0.0,0.0,0.0,0.3333333333333333,0.0,-1,-126,1,1
q105,musique,2026,H2,1024,P2,0.0,0.0,0.0,-0.6666666666666666,0.0,0,58,1,1
q105,musique,2026,DeepSets,1024,P2,0.0,0.0,0.0,0.0,0.0,-2,-160,1,1
q105,musique,2026,H4,1024,P2,0.0,0.0,0.0,0.0,0.0,0,-207,1,1
q111,musique,2026,H1,1024,P2,0.0,0.0,0.0,0.0,0.0,0,-17,1,1
q111,musique,2026,H2,1024,P2,0.0,0.0,0.0,0.0,0.0,0,-93,1,1
q111,musique,2026,DeepSets,1024,P2,0.0,0.0,1.0,0.0,1.0,-3,-355,1,1
q111,musique,2026,H4,1024,P2,0.0,0.0,0.33333333333333337,0.0,1.0,0,46,1,1
q086,musique,2026,H1,1024,P2,1.0,0.0,0.0,-0.5,0.0,-1,9,1,1
q086,musique,2026,H2,1024,P2,1.0,0.0,0.0,-0.5,0.0,0,-44,1,1
q086,musique,2026,DeepSets,1024,P2,1.0,0.0,0.0,-0.5,0.0,-2,-358,1,1
q086,musique,2026,H4,1024,P2,1.0,0.0,0.0,-0.5,0.0,0,7,1,1
q088,musique,2026,H1,1024,P2,0.0,0.0,0.0,0.0,0.0,1,-162,1,1
q088,musique,2026,H2,1024,P2,0.0,0.0,0.0,0.0,0.0,-1,-469,1,1
q088,musique,2026,DeepSets,1024,P2,0.0,0.0,0.0,0.0,0.0,0,-400,1,1
q088,musique,2026,H4,1024,P2,0.0,0.0,0.0,0.0,0.0,1,-105,1,1
q079,musique,2026,H1,1024,P2,1.0,1.0,0.0,0.0,0.0,-1,-284,1,1
q079,musique,2026,H2,1024,P2,1.0,1.0,0.0,0.0,0.0,1,-23,1,1
q079,musique,2026,DeepSets,1024,P2,0.0,1.0,1.0,0.5,1.0,-2,-272,1,1
q079,musique,2026,H4,1024,P2,1.0,1.0,0.0,0.0,0.0,0,-24,1,1
q104,musique,2026,H1,1024,P2,0.0,0.0,-0.5,0.0,0.0,1,-585,1,1
q104,musique,2026,H2,1024,P2,0.0,0.0,0.0,0.0,0.0,-1,-619,1,1
q104,musique,2026,DeepSets,1024,P2,0.0,0.0,0.0,-0.3333333333333333,0.0,-1,-465,1,1
q104,musique,2026,H4,1024,P2,0.0,0.0,0.0,0.0,0.0,1,1,1,1
q116,musique,2026,H1,1024,P2,0.0,0.0,0.0,0.0,0.0,-2,-352,1,1
q116,musique,2026,H2,1024,P2,0.0,0.0,0.0,0.0,0.0,0,198,1,1
q116,musique,2026,DeepSets,1024,P2,0.0,0.0,0.0,0.0,0.0,-2,-559,1,1
q116,musique,2026,H4,1024,P2,0.0,0.0,0.0,0.0,0.0,-1,-48,1,1
q087,musique,2026,H1,1024,P2,0.0,1.0,0.3157894736842105,0.5,0.0,-1,-154,1,1
q087,musique,2026,H2,1024,P2,0.0,0.0,0.0,0.0,0.0,0,-134,1,1
q087,musique,2026,DeepSets,1024,P2,0.0,0.0,0.0,0.0,0.0,-2,-508,1,1
q087,musique,2026,H4,1024,P2,0.0,0.0,0.0,0.0,0.0,0,145,1,1
q106,musique,2026,H1,1024,P2,0.0,0.0,-1.0,0.0,-1.0,1,277,1,1
q106,musique,2026,H2,1024,P2,0.0,0.0,0.0,0.0,0.0,0,108,1,1
q106,musique,2026,DeepSets,1024,P2,0.0,0.0,-1.0,0.0,-1.0,-1,-154,1,1
q106,musique,2026,H4,1024,P2,0.0,0.0,0.0,0.0,0.0,-1,-94,1,1
