model,index,role,dataset,condition,em,f1,input_tokens,output_tokens,support_all_visible,seconds
1.5b_attempted_fallback,0,D0_DEV,hotpot,SUPPLIED_SUPPORT,1.0,1.0,265,8,True,0.6311449999993783
1.5b_attempted_fallback,0,D0_DEV,hotpot,NO_RETRIEVAL,0.0,0.0,64,2,False,0.07627959999808809
1.5b_attempted_fallback,1,D0_DEV,hotpot,SUPPLIED_SUPPORT,1.0,1.0,131,3,True,0.10193310000613565
1.5b_attempted_fallback,1,D0_DEV,hotpot,NO_RETRIEVAL,0.0,0.0,62,2,False,0.06806379999761702
1.5b_attempted_fallback,2,D0_DEV,hotpot,SUPPLIED_SUPPORT,0.0,0.0,233,2,True,0.07553449999977602
1.5b_attempted_fallback,2,D0_DEV,hotpot,NO_RETRIEVAL,0.0,0.0,72,2,False,0.0692057999985991
1.5b_attempted_fallback,3,D0_DEV,hotpot,SUPPLIED_SUPPORT,0.0,0.0,370,2,True,0.09085169999889331
1.5b_attempted_fallback,3,D0_DEV,hotpot,NO_RETRIEVAL,0.0,0.0,65,2,False,0.06644770000275457
1.5b_attempted_fallback,4,D0_DEV,hotpot,SUPPLIED_SUPPORT,0.0,0.0,243,2,True,0.07457679999788525
1.5b_attempted_fallback,4,D0_DEV,hotpot,NO_RETRIEVAL,0.0,0.0,74,32,False,0.9757179000007454
1.5b_attempted_fallback,5,D0_DEV,hotpot,SUPPLIED_SUPPORT,1.0,1.0,164,11,True,0.3419066999995266
1.5b_attempted_fallback,5,D0_DEV,hotpot,NO_RETRIEVAL,0.0,0.0,63,32,False,0.9666488000002573
1.5b_attempted_fallback,6,D0_DEV,hotpot,SUPPLIED_SUPPORT,0.0,0.0,222,2,True,0.07665299999644049
1.5b_attempted_fallback,6,D0_DEV,hotpot,NO_RETRIEVAL,0.0,0.0,67,2,False,0.06900540000060573
1.5b_attempted_fallback,7,D0_DEV,hotpot,SUPPLIED_SUPPORT,1.0,1.0,287,4,True,0.14361000000644708
1.5b_attempted_fallback,7,D0_DEV,hotpot,NO_RETRIEVAL,0.0,0.0,62,2,False,0.06563299999834271
1.5b_attempted_fallback,8,D0_CHECK,hotpot,SUPPLIED_SUPPORT,1.0,1.0,228,5,True,0.16329269999550888
1.5b_attempted_fallback,8,D0_CHECK,hotpot,NO_RETRIEVAL,0.0,0.0,57,32,False,0.9816953999979887
1.5b_attempted_fallback,9,D0_CHECK,hotpot,SUPPLIED_SUPPORT,1.0,1.0,256,3,True,0.10471839999809163
1.5b_attempted_fallback,9,D0_CHECK,hotpot,NO_RETRIEVAL,0.0,0.0,64,32,False,0.9591657999990275
1.5b_attempted_fallback,10,D0_CHECK,hotpot,SUPPLIED_SUPPORT,0.0,0.0,270,2,True,0.0848861999984365
1.5b_attempted_fallback,10,D0_CHECK,hotpot,NO_RETRIEVAL,0.0,0.0,68,2,False,0.06635029999597464
1.5b_attempted_fallback,11,D0_CHECK,hotpot,SUPPLIED_SUPPORT,0.0,0.0,241,2,True,0.07457099999737693
1.5b_attempted_fallback,11,D0_CHECK,hotpot,NO_RETRIEVAL,0.0,0.0,66,2,False,0.0674734999993234
1.5b_attempted_fallback,12,D0_CHECK,hotpot,SUPPLIED_SUPPORT,0.0,0.0,266,2,True,0.0857931999998982
1.5b_attempted_fallback,12,D0_CHECK,hotpot,NO_RETRIEVAL,0.0,0.0,75,2,False,0.06934490000276128
1.5b_attempted_fallback,13,D0_CHECK,hotpot,SUPPLIED_SUPPORT,0.0,0.0,183,2,True,0.07484639999893261
1.5b_attempted_fallback,13,D0_CHECK,hotpot,NO_RETRIEVAL,0.0,0.0,70,2,False,0.07081420000031358
1.5b_attempted_fallback,14,D0_CHECK,hotpot,SUPPLIED_SUPPORT,0.0,0.0,259,2,True,0.08674829999654321
1.5b_attempted_fallback,14,D0_CHECK,hotpot,NO_RETRIEVAL,0.0,0.0,106,2,False,0.07075569999869913
1.5b_attempted_fallback,15,D0_CHECK,hotpot,SUPPLIED_SUPPORT,0.0,0.0,335,2,True,0.09362230000260752
1.5b_attempted_fallback,15,D0_CHECK,hotpot,NO_RETRIEVAL,0.0,0.0,113,2,False,0.0706449999997858
1.5b_attempted_fallback,16,D0_DEV,musique,SUPPLIED_SUPPORT,1.0,1.0,189,7,True,0.2251269000043976
1.5b_attempted_fallback,16,D0_DEV,musique,NO_RETRIEVAL,0.0,0.0,59,2,False,0.06883319999906234
1.5b_attempted_fallback,17,D0_DEV,musique,SUPPLIED_SUPPORT,0.0,0.0,396,2,True,0.10361949999787612
1.5b_attempted_fallback,17,D0_DEV,musique,NO_RETRIEVAL,0.0,0.11764705882352942,59,32,False,1.0148908999981359
1.5b_attempted_fallback,18,D0_DEV,musique,SUPPLIED_SUPPORT,0.0,0.0,324,2,True,0.09188609999546316
1.5b_attempted_fallback,18,D0_DEV,musique,NO_RETRIEVAL,0.0,0.0,57,2,False,0.06805099999473896
1.5b_attempted_fallback,19,D0_DEV,musique,SUPPLIED_SUPPORT,0.0,0.0,362,2,True,0.09149850000540027
1.5b_attempted_fallback,19,D0_DEV,musique,NO_RETRIEVAL,0.0,0.0,57,32,False,0.9939125999953831
1.5b_attempted_fallback,20,D0_DEV,musique,SUPPLIED_SUPPORT,0.0,0.0,316,2,True,0.08779860000504414
1.5b_attempted_fallback,20,D0_DEV,musique,NO_RETRIEVAL,0.0,0.0,56,2,False,0.06657080000150017
1.5b_attempted_fallback,21,D0_DEV,musique,SUPPLIED_SUPPORT,1.0,1.0,365,12,True,0.3957072999983211
1.5b_attempted_fallback,21,D0_DEV,musique,NO_RETRIEVAL,0.0,0.0,60,2,False,0.0717307000013534
1.5b_attempted_fallback,22,D0_DEV,musique,SUPPLIED_SUPPORT,0.0,0.0,171,2,True,0.07107779999932973
1.5b_attempted_fallback,22,D0_DEV,musique,NO_RETRIEVAL,0.0,0.0,59,32,False,0.9818596000040998
1.5b_attempted_fallback,23,D0_DEV,musique,SUPPLIED_SUPPORT,0.0,0.0,243,2,True,0.07747380000364501
1.5b_attempted_fallback,23,D0_DEV,musique,NO_RETRIEVAL,0.0,0.0,64,2,False,0.06820100000186358
1.5b_attempted_fallback,24,D0_CHECK,musique,SUPPLIED_SUPPORT,0.0,0.0,227,2,True,0.07547599999816157
1.5b_attempted_fallback,24,D0_CHECK,musique,NO_RETRIEVAL,0.0,0.07142857142857144,58,32,False,0.9923837000023923
1.5b_attempted_fallback,25,D0_CHECK,musique,SUPPLIED_SUPPORT,0.0,0.0,344,2,True,0.09401770000113174
1.5b_attempted_fallback,25,D0_CHECK,musique,NO_RETRIEVAL,0.0,0.07407407407407408,59,32,False,1.000084400002379
1.5b_attempted_fallback,26,D0_CHECK,musique,SUPPLIED_SUPPORT,1.0,1.0,339,5,True,0.1913868000046932
1.5b_attempted_fallback,26,D0_CHECK,musique,NO_RETRIEVAL,0.0,0.0,57,2,False,0.06880899999669055
1.5b_attempted_fallback,27,D0_CHECK,musique,SUPPLIED_SUPPORT,0.0,0.0,396,5,True,0.19438200000149664
1.5b_attempted_fallback,27,D0_CHECK,musique,NO_RETRIEVAL,0.0,0.0,61,32,False,1.0119016000026022
1.5b_attempted_fallback,28,D0_CHECK,musique,SUPPLIED_SUPPORT,0.0,0.0,378,2,True,0.10400279999885242
1.5b_attempted_fallback,28,D0_CHECK,musique,NO_RETRIEVAL,0.0,0.0,58,32,False,1.1897188000002643
1.5b_attempted_fallback,29,D0_CHECK,musique,SUPPLIED_SUPPORT,0.0,0.0,228,2,True,0.08142919999954756
1.5b_attempted_fallback,29,D0_CHECK,musique,NO_RETRIEVAL,0.0,0.0,63,2,False,0.09301670000422746
1.5b_attempted_fallback,30,D0_CHECK,musique,SUPPLIED_SUPPORT,0.0,0.0,228,2,True,0.0888898000048357
1.5b_attempted_fallback,30,D0_CHECK,musique,NO_RETRIEVAL,0.0,0.0,58,2,False,0.07608040000195615
1.5b_attempted_fallback,31,D0_CHECK,musique,SUPPLIED_SUPPORT,1.0,1.0,284,3,True,0.14955280000140192
1.5b_attempted_fallback,31,D0_CHECK,musique,NO_RETRIEVAL,0.0,0.0,61,2,False,0.10773509999853559
3b_preferred,0,D0_DEV,hotpot,SUPPLIED_SUPPORT,1.0,1.0,265,7,True,0.7234429999953136
3b_preferred,0,D0_DEV,hotpot,NO_RETRIEVAL,0.0,0.0,64,32,False,1.2842075000007753
3b_preferred,1,D0_DEV,hotpot,SUPPLIED_SUPPORT,1.0,1.0,131,3,True,0.14900730000226758
3b_preferred,1,D0_DEV,hotpot,NO_RETRIEVAL,0.0,0.0,62,28,False,1.1262010999998893
3b_preferred,2,D0_DEV,hotpot,SUPPLIED_SUPPORT,0.0,0.5,233,19,True,0.805015199999616
3b_preferred,2,D0_DEV,hotpot,NO_RETRIEVAL,0.0,0.0,72,32,False,1.288102999998955
3b_preferred,3,D0_DEV,hotpot,SUPPLIED_SUPPORT,0.0,0.0,370,32,True,1.3336993999982951
3b_preferred,3,D0_DEV,hotpot,NO_RETRIEVAL,0.0,0.0,65,32,False,1.2662088999932166
3b_preferred,4,D0_DEV,hotpot,SUPPLIED_SUPPORT,0.0,0.0,243,2,True,0.11915150000277208
3b_preferred,4,D0_DEV,hotpot,NO_RETRIEVAL,0.0,0.0,74,2,False,0.08950100000220118
3b_preferred,5,D0_DEV,hotpot,SUPPLIED_SUPPORT,1.0,1.0,164,11,True,0.4613915000009001
3b_preferred,5,D0_DEV,hotpot,NO_RETRIEVAL,0.0,0.0,63,22,False,0.8789901999989524
3b_preferred,6,D0_DEV,hotpot,SUPPLIED_SUPPORT,1.0,1.0,222,7,True,0.32194699999672594
3b_preferred,6,D0_DEV,hotpot,NO_RETRIEVAL,0.0,0.23076923076923075,67,32,False,1.271613899996737
3b_preferred,7,D0_DEV,hotpot,SUPPLIED_SUPPORT,1.0,1.0,287,4,True,0.21440720000100555
3b_preferred,7,D0_DEV,hotpot,NO_RETRIEVAL,0.0,0.0,62,29,False,1.158992799995758
3b_preferred,8,D0_CHECK,hotpot,SUPPLIED_SUPPORT,1.0,1.0,228,5,True,0.23627110000234097
3b_preferred,8,D0_CHECK,hotpot,NO_RETRIEVAL,0.0,0.0,57,25,False,0.9834953000026871
3b_preferred,9,D0_CHECK,hotpot,SUPPLIED_SUPPORT,0.0,0.23529411764705882,256,25,True,1.0503191000025254
3b_preferred,9,D0_CHECK,hotpot,NO_RETRIEVAL,0.0,0.0,64,32,False,1.2879975000032573
3b_preferred,10,D0_CHECK,hotpot,SUPPLIED_SUPPORT,0.0,0.8,270,5,True,0.2590905999968527
3b_preferred,10,D0_CHECK,hotpot,NO_RETRIEVAL,0.0,0.0,68,32,False,1.2719470000010915
3b_preferred,11,D0_CHECK,hotpot,SUPPLIED_SUPPORT,0.0,0.0,241,4,True,0.20002709999971557
3b_preferred,11,D0_CHECK,hotpot,NO_RETRIEVAL,0.0,0.07692307692307691,66,32,False,1.282472400002007
3b_preferred,12,D0_CHECK,hotpot,SUPPLIED_SUPPORT,0.0,0.33333333333333337,266,18,True,0.7821060000060243
3b_preferred,12,D0_CHECK,hotpot,NO_RETRIEVAL,0.0,0.0,75,32,False,1.2712839000014355
3b_preferred,13,D0_CHECK,hotpot,SUPPLIED_SUPPORT,0.0,0.0,183,32,True,1.3118943000008585
3b_preferred,13,D0_CHECK,hotpot,NO_RETRIEVAL,0.0,0.0,70,32,False,1.2656678000057582
3b_preferred,14,D0_CHECK,hotpot,SUPPLIED_SUPPORT,1.0,1.0,259,5,True,0.25899670000217156
3b_preferred,14,D0_CHECK,hotpot,NO_RETRIEVAL,0.0,0.0,106,32,False,1.2973648000042886
3b_preferred,15,D0_CHECK,hotpot,SUPPLIED_SUPPORT,1.0,1.0,335,5,True,0.273447200001101
3b_preferred,15,D0_CHECK,hotpot,NO_RETRIEVAL,0.0,0.0,113,32,False,1.2785819999990053
3b_preferred,16,D0_DEV,musique,SUPPLIED_SUPPORT,1.0,1.0,189,7,True,0.3036793999999645
3b_preferred,16,D0_DEV,musique,NO_RETRIEVAL,0.0,0.0,59,25,False,1.0259869000001345
3b_preferred,17,D0_DEV,musique,SUPPLIED_SUPPORT,0.0,0.12121212121212123,396,32,True,1.4404964999994263
3b_preferred,17,D0_DEV,musique,NO_RETRIEVAL,0.0,0.20689655172413793,59,23,False,1.0062573999966844
3b_preferred,18,D0_DEV,musique,SUPPLIED_SUPPORT,0.0,0.6666666666666666,324,5,True,0.27171670000097947
3b_preferred,18,D0_DEV,musique,NO_RETRIEVAL,0.0,0.0,57,25,False,1.0162686000039685
3b_preferred,19,D0_DEV,musique,SUPPLIED_SUPPORT,1.0,1.0,362,11,True,0.5081143000061275
3b_preferred,19,D0_DEV,musique,NO_RETRIEVAL,0.0,0.0,57,2,False,0.08677979999629315
3b_preferred,20,D0_DEV,musique,SUPPLIED_SUPPORT,0.0,0.15384615384615385,316,32,True,1.330977099998563
3b_preferred,20,D0_DEV,musique,NO_RETRIEVAL,0.0,0.0,56,22,False,0.8911757000023499
3b_preferred,21,D0_DEV,musique,SUPPLIED_SUPPORT,0.0,0.0,365,32,True,1.3830887000003713
3b_preferred,21,D0_DEV,musique,NO_RETRIEVAL,0.0,0.0,60,2,False,0.08952770000178134
3b_preferred,22,D0_DEV,musique,SUPPLIED_SUPPORT,1.0,1.0,171,5,True,0.2360175999929197
3b_preferred,22,D0_DEV,musique,NO_RETRIEVAL,0.0,0.0,59,28,False,1.1788944999934756
3b_preferred,23,D0_DEV,musique,SUPPLIED_SUPPORT,1.0,1.0,243,9,True,0.43119519999891054
3b_preferred,23,D0_DEV,musique,NO_RETRIEVAL,0.0,0.0,64,29,False,1.238773700002639
3b_preferred,24,D0_CHECK,musique,SUPPLIED_SUPPORT,1.0,1.0,227,4,True,0.20683979999739677
3b_preferred,24,D0_CHECK,musique,NO_RETRIEVAL,0.0,0.0,58,28,False,1.1430689999979222
3b_preferred,25,D0_CHECK,musique,SUPPLIED_SUPPORT,0.0,0.0,344,32,True,1.3793898000003537
3b_preferred,25,D0_CHECK,musique,NO_RETRIEVAL,0.0,0.0,59,2,False,0.09000940000260016
3b_preferred,26,D0_CHECK,musique,SUPPLIED_SUPPORT,1.0,1.0,339,5,True,0.27859170000010636
3b_preferred,26,D0_CHECK,musique,NO_RETRIEVAL,0.0,0.0,57,24,False,0.9975953000030131
3b_preferred,27,D0_CHECK,musique,SUPPLIED_SUPPORT,0.0,0.0,396,5,True,0.29076789999817265
3b_preferred,27,D0_CHECK,musique,NO_RETRIEVAL,0.0,0.0,61,2,False,0.08785309999802848
3b_preferred,28,D0_CHECK,musique,SUPPLIED_SUPPORT,0.0,0.0,378,32,True,1.3703701999984332
3b_preferred,28,D0_CHECK,musique,NO_RETRIEVAL,0.0,0.0,58,23,False,1.0779699000049732
3b_preferred,29,D0_CHECK,musique,SUPPLIED_SUPPORT,0.0,0.23076923076923078,228,32,True,1.6210558000020683
3b_preferred,29,D0_CHECK,musique,NO_RETRIEVAL,0.0,0.0,63,30,False,1.501029799997923
3b_preferred,30,D0_CHECK,musique,SUPPLIED_SUPPORT,1.0,1.0,228,5,True,0.2693569999973988
3b_preferred,30,D0_CHECK,musique,NO_RETRIEVAL,0.0,0.10526315789473684,58,26,False,1.333584800006065
3b_preferred,31,D0_CHECK,musique,SUPPLIED_SUPPORT,0.0,0.17391304347826084,284,28,True,1.4144926000008127
3b_preferred,31,D0_CHECK,musique,NO_RETRIEVAL,0.0,0.17391304347826084,61,28,False,1.4160138000006555
