dataset,a,b,n_queries,delta_f1,lower_f1,upper_f1,delta_em,lower_em,upper_em,gain,same,harm
hotpot,H0,Dense20,200,-0.006310574229691878,-0.04341669292717086,0.030796892507002818,-0.005,-0.044999999999999984,0.034999999999999976,8,180,12
musique,H0,Dense20,200,0.012788998357963875,-0.00547670361247948,0.03526198686371101,0.025,0.0050000000000000044,0.05,7,189,4
equal_dataset_mean,H0,Dense20,400,0.0032392120641359986,-0.0174770668827876,0.024368576590118863,0.01,-0.012499999999999983,0.0325,15,369,16
hotpot,Dense40,Dense20,200,0.05205492680943346,0.00658081006596186,0.10018667717086842,0.045,-0.0050000000000000044,0.09499999999999997,20,168,12
musique,Dense40,Dense20,200,0.03465804597701149,0.003916666666666693,0.06841831896551724,0.045,0.015,0.08,12,183,5
equal_dataset_mean,Dense40,Dense20,400,0.043356486393222475,0.015719629444519722,0.07251595510631945,0.045,0.015000000000000013,0.07499999999999998,32,351,17
hotpot,R1_0.85,H0,200,0.005,0.0,0.015000000000000013,0.005,0.0,0.015000000000000013,1,199,0
musique,R1_0.85,H0,200,0.0,0.0,0.0,0.0,0.0,0.0,0,200,0
equal_dataset_mean,R1_0.85,H0,400,0.0025,0.0,0.007500000000000007,0.0025,0.0,0.007500000000000007,1,399,0
hotpot,R2_0.85,R1_0.85,200,0.0,0.0,0.0,0.0,0.0,0.0,0,200,0
musique,R2_0.85,R1_0.85,200,0.0006666666666666671,-0.002999999999999989,0.0050000000000000044,-0.005,-0.015,0.0,1,198,1
equal_dataset_mean,R2_0.85,R1_0.85,400,0.00033333333333333354,-0.0015000000000000013,0.0025000000000000022,-0.0025,-0.007500000000000007,0.0,1,398,1
hotpot,R2_0.85,Flat-R2_0.85,200,-0.02163492063492064,-0.05800039682539687,0.01300853174603175,-0.02,-0.06,0.015000000000000013,6,182,12
musique,R2_0.85,Flat-R2_0.85,200,0.007788998357963876,-0.013729002463054184,0.03154761904761905,0.01,-0.015,0.035,6,189,5
equal_dataset_mean,R2_0.85,Flat-R2_0.85,400,-0.006922961138478381,-0.028117405582922833,0.013805795019157152,-0.005,-0.027499999999999997,0.017500000000000016,12,371,17
hotpot,R2_0.85,KMeans-R2_0.85,200,-0.04422724089635855,-0.07845480567226895,-0.01257352941176476,-0.05,-0.08999999999999997,-0.015000000000000013,2,183,15
musique,R2_0.85,KMeans-R2_0.85,200,0.002333333333333334,-0.015333333333333324,0.022337499999999948,0.0,-0.020000000000000004,0.020000000000000004,3,193,4
equal_dataset_mean,R2_0.85,KMeans-R2_0.85,400,-0.02094695378151261,-0.040484125525210087,-0.002463550420168131,-0.025,-0.04500000000000004,-0.0050000000000000044,5,376,19
hotpot,R2_0.85,Dense20,200,-0.0013105742296918787,-0.03966828606442568,0.03672735469187678,0.0,-0.03999999999999998,0.03999999999999998,9,179,12
musique,R2_0.85,Dense20,200,0.013455665024630543,-0.004517241379310338,0.035601416256157606,0.02,0.0049999999999999906,0.04000000000000001,6,191,3
equal_dataset_mean,R2_0.85,Dense20,400,0.006072545397469332,-0.015209832898676683,0.027864098117695343,0.01,-0.012499999999999983,0.0325,15,370,15
hotpot,R2_0.85,Matched-MMR_0.85,200,-0.0013998599439775906,-0.039758070728291246,0.03668454131652659,0.0,-0.03999999999999998,0.03999999999999998,9,179,12
musique,R2_0.85,Matched-MMR_0.85,200,0.0033853383458646615,-0.019822321428571443,0.028501409774436055,0.01,-0.015,0.035,6,188,6
equal_dataset_mean,R2_0.85,Matched-MMR_0.85,400,0.0009927392009435353,-0.021753908208020083,0.02374117923485177,0.005,-0.017500000000000016,0.027500000000000024,15,367,18
hotpot,R2_0.85,H0,200,0.005,0.0,0.015000000000000013,0.005,0.0,0.015000000000000013,1,199,0
musique,R2_0.85,H0,200,0.0006666666666666671,-0.002999999999999989,0.0050000000000000044,-0.005,-0.015,0.0,1,198,1
equal_dataset_mean,R2_0.85,H0,400,0.002833333333333333,-0.0010000000000000009,0.009166666666666656,0.0,-0.007500000000000007,0.007500000000000007,2,397,1
hotpot,R2_0.85,Dense40,200,-0.053365501039125324,-0.09853109130749078,-0.011672739902412526,-0.045,-0.09000000000000002,0.0,9,172,19
musique,R2_0.85,Dense40,200,-0.02120238095238095,-0.0579047619047619,0.012999999999999998,-0.025,-0.06000000000000001,0.009999999999999995,9,179,12
equal_dataset_mean,R2_0.85,Dense40,400,-0.03728394099575314,-0.06590260741393339,-0.009700483983916156,-0.035,-0.06499999999999997,-0.007500000000000007,18,351,31
hotpot,R1_0.70,H0,200,0.005,0.0,0.015000000000000013,0.005,0.0,0.015000000000000013,1,199,0
musique,R1_0.70,H0,200,0.0,0.0,0.0,0.0,0.0,0.0,0,200,0
equal_dataset_mean,R1_0.70,H0,400,0.0025,0.0,0.007500000000000007,0.0025,0.0,0.007500000000000007,1,399,0
hotpot,R2_0.70,R1_0.70,200,0.0,0.0,0.0,0.0,0.0,0.0,0,200,0
musique,R2_0.70,R1_0.70,200,0.0006666666666666671,-0.002999999999999989,0.0050000000000000044,-0.005,-0.015,0.0,1,198,1
equal_dataset_mean,R2_0.70,R1_0.70,400,0.00033333333333333354,-0.0015000000000000013,0.0025000000000000022,-0.0025,-0.007500000000000007,0.0,1,398,1
hotpot,R2_0.70,Flat-R2_0.70,200,-0.026634920634920636,-0.06130297619047619,0.006142857142857118,-0.025,-0.06,0.010000000000000009,5,183,12
musique,R2_0.70,Flat-R2_0.70,200,0.010547619047619049,-0.010119047619047625,0.03392857142857143,0.01,-0.015,0.035,6,190,4
equal_dataset_mean,R2_0.70,Flat-R2_0.70,400,-0.008043650793650796,-0.02834196428571428,0.01169871031746027,-0.0075,-0.02999999999999997,0.012500000000000011,11,373,16
hotpot,R2_0.70,KMeans-R2_0.70,200,-0.04422724089635855,-0.07845480567226895,-0.01257352941176476,-0.05,-0.08999999999999997,-0.015000000000000013,2,183,15
musique,R2_0.70,KMeans-R2_0.70,200,0.002333333333333334,-0.015333333333333324,0.022337499999999948,0.0,-0.020000000000000004,0.020000000000000004,3,193,4
equal_dataset_mean,R2_0.70,KMeans-R2_0.70,400,-0.02094695378151261,-0.040484125525210087,-0.002463550420168131,-0.025,-0.04500000000000004,-0.0050000000000000044,5,376,19
hotpot,R2_0.70,Dense20,200,-0.0013105742296918787,-0.03966828606442568,0.03672735469187678,0.0,-0.03999999999999998,0.03999999999999998,9,179,12
musique,R2_0.70,Dense20,200,0.013455665024630543,-0.004517241379310338,0.035601416256157606,0.02,0.0049999999999999906,0.04000000000000001,6,191,3
equal_dataset_mean,R2_0.70,Dense20,400,0.006072545397469332,-0.015209832898676683,0.027864098117695343,0.01,-0.012499999999999983,0.0325,15,370,15
hotpot,R2_0.70,Matched-MMR_0.70,200,-0.001376050420168069,-0.041043785014005636,0.037375017507002777,-0.005,-0.04999999999999999,0.03500000000000003,10,177,13
musique,R2_0.70,Matched-MMR_0.70,200,0.01680200501253133,-0.0044436090225563885,0.04155717418546366,0.015,-0.0050000000000000044,0.039999999999999994,7,190,3
equal_dataset_mean,R2_0.70,Matched-MMR_0.70,400,0.007712977296181629,-0.014596411064425783,0.030259029927760528,0.005,-0.017500000000000016,0.03,17,367,16
hotpot,R2_0.70,H0,200,0.005,0.0,0.015000000000000013,0.005,0.0,0.015000000000000013,1,199,0
musique,R2_0.70,H0,200,0.0006666666666666671,-0.002999999999999989,0.0050000000000000044,-0.005,-0.015,0.0,1,198,1
equal_dataset_mean,R2_0.70,H0,400,0.002833333333333333,-0.0010000000000000009,0.009166666666666656,0.0,-0.007500000000000007,0.007500000000000007,2,397,1
hotpot,R2_0.70,Dense40,200,-0.053365501039125324,-0.09853109130749078,-0.011672739902412526,-0.045,-0.09000000000000002,0.0,9,172,19
musique,R2_0.70,Dense40,200,-0.02120238095238095,-0.0579047619047619,0.012999999999999998,-0.025,-0.06000000000000001,0.009999999999999995,9,179,12
equal_dataset_mean,R2_0.70,Dense40,400,-0.03728394099575314,-0.06590260741393339,-0.009700483983916156,-0.035,-0.06499999999999997,-0.007500000000000007,18,351,31
