dataset,method,n_queries,answer_em,answer_f1,f1_lower,f1_upper,em_lower,em_upper,support_er,support_cr,visible_er,tokens,visible_entries,omitted_entries,partial_truncation,new_entries,promotions,evictions,selection_seconds,shared_h0_reconstruction_seconds,proposals,generation_call_seconds,actual_generation_seconds,cache_hit,changed_from_h0,changed_members_from_h0,facet_count,tokens_p50,tokens_p95,tokens_max
hotpot,Dense20,200,0.42,0.4517797619047619,0.3844248511904762,0.5193467261904762,0.35,0.49,0.86125,0.7,0.86125,903.445,19.875,0.0,0.0,0.0,0.0,0.0,0.0,0.001607066000001396,0.0,0.29347782749997803,0.29347782749997803,0.0,0.64,0.475,9.375,895.5,1157.1,1576
hotpot,Dense40,200,0.465,0.5038346887141953,0.4367525458570525,0.5707629901960785,0.395,0.535,0.9704166666666666,0.93,0.9704166666666666,1568.755,35.805,0.0,0.0,15.93,0.0,0.0,0.0,0.001607066000001396,0.0,0.5159348739999541,0.5117504974999565,0.02,0.99,0.98,9.79,1625.0,2035.1499999999999,2499
hotpot,H0,200,0.415,0.4454691876750701,0.37675490196078437,0.5133540616246499,0.345,0.485,0.8958333333333335,0.77,0.8958333333333335,906.61,19.875,0.0,0.0,0.97,0.99,0.97,0.001607066000001396,0.001607066000001396,2.385,0.29324052550000945,0.18556729450001966,0.36,0.0,0.0,9.58,901.0,1157.1,1576
hotpot,R1_0.85,200,0.42,0.4504691876750701,0.3820882352941176,0.518259068627451,0.35,0.49,0.8983333333333334,0.775,0.8983333333333334,906.865,19.875,0.0,0.0,0.97,0.99,0.97,6.597750001674285e-05,0.001607066000001396,2.385,0.2932536160000063,0.005482026999998197,0.975,0.025,0.025,9.605,901.0,1157.1,1576
hotpot,R1_0.70,200,0.42,0.4504691876750701,0.3820882352941176,0.518259068627451,0.35,0.49,0.8983333333333334,0.775,0.8983333333333334,906.865,19.875,0.0,0.0,0.97,0.99,0.97,6.002749998515355e-05,0.001607066000001396,2.385,0.2932536160000063,0.0,1.0,0.025,0.025,9.605,901.0,1157.1,1576
hotpot,R2_0.85,200,0.42,0.4504691876750701,0.3820882352941176,0.518259068627451,0.35,0.49,0.8995833333333334,0.775,0.8995833333333334,906.815,19.875,0.0,0.0,0.97,0.99,0.97,0.00025065599999834375,0.001607066000001396,2.385,0.2931612150000092,0.005329710000000887,0.99,0.035,0.035,9.615,901.0,1157.1,1576
hotpot,R2_0.70,200,0.42,0.4504691876750701,0.3820882352941176,0.518259068627451,0.35,0.49,0.8995833333333334,0.775,0.8995833333333334,906.815,19.875,0.0,0.0,0.97,0.99,0.97,0.00024145849999513303,0.001607066000001396,2.385,0.2931612150000092,0.0,1.0,0.035,0.035,9.615,901.0,1157.1,1576
hotpot,Flat-R2_0.85,200,0.44,0.47210410830999067,0.4042456582633053,0.5399473389355742,0.37,0.51,0.88875,0.755,0.88875,906.4,19.875,0.0,0.0,0.23,3.675,0.23,0.0006706645000167555,0.001607066000001396,23.93,0.2937587009999879,0.05899023400000715,0.805,0.66,0.495,9.705,896.5,1157.1,1576
hotpot,Flat-R2_0.70,200,0.445,0.47710410830999067,0.4090145308123249,0.5443052754435107,0.375,0.515,0.89375,0.765,0.89375,907.59,19.875,0.0,0.0,0.29,3.615,0.29,0.0006659790000367138,0.001607066000001396,23.93,0.29352620649999606,0.015752496000000064,0.94,0.675,0.51,9.78,898.5,1157.1,1576
hotpot,KMeans-R2_0.85,200,0.47,0.4946964285714286,0.4261004464285714,0.5632625,0.4,0.54,0.8925,0.76,0.8925,907.88,19.875,0.0,0.0,0.93,0.975,0.93,0.001237087500007874,0.001607066000001396,2.45,0.29163986399997155,0.15196180099998854,0.48,0.685,0.535,9.65,901.5,1157.1,1576
hotpot,KMeans-R2_0.70,200,0.47,0.4946964285714286,0.4261004464285714,0.5632625,0.4,0.54,0.8925,0.76,0.8925,907.88,19.875,0.0,0.0,0.93,0.975,0.93,0.0012308860000257481,0.001607066000001396,2.45,0.29163986399997155,0.0,1.0,0.685,0.535,9.65,901.5,1157.1,1576
hotpot,Matched-MMR_0.85,200,0.42,0.45186904761904756,0.38442708333333336,0.5193467261904762,0.35,0.49,0.86125,0.7,0.86125,903.445,19.875,0.0,0.0,0.0,3.905,0.0,0.0008847240000068268,0.001607066000001396,23.93,0.29136779899999055,0.07817613550000715,0.715,0.725,0.475,9.375,895.5,1157.1,1576
hotpot,Matched-MMR_0.70,200,0.425,0.4518452380952381,0.38409523809523805,0.5193017857142856,0.355,0.495,0.86125,0.7,0.86125,903.28,19.875,0.0,0.0,0.035,3.87,0.035,0.0008960835000243606,0.001607066000001396,23.93,0.29702725500001637,0.16529271300001255,0.45,0.845,0.485,9.375,895.0,1157.1,1576
musique,Dense20,200,0.06,0.0958776683087028,0.05961837027914614,0.13614285714285715,0.03,0.095,0.8154166666666666,0.605,0.8154166666666666,881.72,20.0,0.0,0.0,0.0,0.0,0.0,0.0,0.003000211499975194,0.0,0.2675399645000152,0.2675399645000152,0.0,0.82,0.735,5.72,858.5,1223.5499999999995,1532
musique,Dense40,200,0.105,0.13053571428571428,0.08773720238095238,0.17761904761904762,0.065,0.15,0.9125,0.795,0.9125,1697.49,39.935,0.0,0.0,19.935,0.0,0.0,0.0,0.003000211499975194,0.0,0.5205270610000343,0.5205270610000343,0.0,1.0,1.0,6.53,1643.5,2128.5,2716
musique,H0,200,0.085,0.10866666666666668,0.06966666666666667,0.15083749999999993,0.05,0.125,0.84625,0.65,0.84625,883.175,20.0,0.0,0.0,1.765,0.735,1.765,0.003000211499975194,0.003000211499975194,3.24,0.24967075449998902,0.20665006899999297,0.18,0.0,0.0,6.17,855.5,1212.05,1458
musique,R1_0.85,200,0.085,0.10866666666666668,0.06966666666666667,0.15083749999999993,0.05,0.125,0.84625,0.65,0.84625,883.965,20.0,0.0,0.0,1.765,0.735,1.765,9.015749999889522e-05,0.003000211499975194,3.24,0.24978344549999748,0.015595919500010496,0.935,0.065,0.065,6.24,855.5,1212.05,1477
musique,R1_0.70,200,0.085,0.10866666666666668,0.06966666666666667,0.15083749999999993,0.05,0.125,0.84625,0.65,0.84625,884.38,20.0,0.0,0.0,1.765,0.735,1.765,8.380500001749169e-05,0.003000211499975194,3.24,0.249861206999999,0.0009959664999996676,0.995,0.065,0.065,6.245,858.0,1212.05,1477
musique,R2_0.85,200,0.08,0.10933333333333334,0.07033333333333333,0.15133749999999993,0.045,0.12,0.84625,0.65,0.84625,883.865,20.0,0.0,0.0,1.765,0.735,1.765,0.0005385419999993246,0.003000211499975194,3.24,0.2509860024999898,0.012357531999991806,0.95,0.11,0.11,6.29,856.5,1200.6499999999999,1477
musique,R2_0.70,200,0.08,0.10933333333333334,0.07033333333333333,0.15133749999999993,0.045,0.12,0.84625,0.65,0.84625,884.28,20.0,0.0,0.0,1.765,0.735,1.765,0.0005263725000259001,0.003000211499975194,3.24,0.25106376399999136,0.0,1.0,0.11,0.11,6.295,858.0,1200.6499999999999,1477
musique,Flat-R2_0.85,200,0.07,0.10154433497536947,0.0634673234811166,0.14218325123152706,0.035,0.105,0.85125,0.655,0.85125,890.285,20.0,0.0,0.0,0.725,3.215,0.725,0.0011992065000322328,0.003000211499975194,42.045,0.27134678899998105,0.1339178919999722,0.485,0.86,0.775,6.605,863.5,1253.1499999999999,1537
musique,Flat-R2_0.70,200,0.07,0.0987857142857143,0.060998809523809525,0.13940595238095235,0.035,0.105,0.8566666666666667,0.665,0.8566666666666667,892.68,20.0,0.0,0.0,0.9,3.04,0.9,0.0012533755000049495,0.003000211499975194,42.045,0.26653370449996144,0.04159278599998288,0.825,0.875,0.785,6.8,867.0,1253.1499999999999,1537
musique,KMeans-R2_0.85,200,0.08,0.10700000000000001,0.06849999999999999,0.14883333333333332,0.045,0.12,0.8341666666666666,0.62,0.8341666666666666,888.74,20.0,0.0,0.0,1.815,0.65,1.815,0.0022175190000189105,0.003000211499975194,3.49,0.2593975629999795,0.19514334249997772,0.255,0.865,0.795,6.29,861.5,1215.0999999999992,1532
musique,KMeans-R2_0.70,200,0.08,0.10700000000000001,0.06849999999999999,0.14883333333333332,0.045,0.12,0.8341666666666666,0.62,0.8341666666666666,888.6,20.0,0.0,0.0,1.815,0.65,1.815,0.0022036304999846833,0.003000211499975194,3.49,0.2595232174999728,0.004700685499997235,0.985,0.865,0.795,6.305,861.5,1215.0999999999992,1532
musique,Matched-MMR_0.85,200,0.07,0.10594799498746867,0.0674952067669173,0.14701953320802005,0.035,0.105,0.8154166666666666,0.605,0.8154166666666666,881.725,20.0,0.0,0.0,0.005,3.935,0.005,0.0016699850000259176,0.003000211499975194,42.045,0.2690199410000059,0.1852055689999861,0.34,0.93,0.735,5.725,858.5,1223.5499999999995,1532
musique,Matched-MMR_0.70,200,0.065,0.092531328320802,0.0567359022556391,0.13149223057644108,0.035,0.1,0.8266666666666667,0.625,0.8266666666666667,881.76,20.0,0.0,0.0,0.255,3.685,0.255,0.0016718829999808804,0.003000211499975194,42.045,0.25535245749998015,0.19933143849997578,0.21,0.96,0.77,5.795,857.0,1222.1999999999998,1532
equal_dataset_mean,Dense20,400,0.24,0.27382871510673235,0.2354847444581281,0.3127073994252873,0.20249999999999999,0.2775,0.8383333333333333,0.6525,0.8383333333333333,892.5825,19.9375,0.0,0.0,0.0,0.0,0.0,0.0,0.0023036387499882948,0.0,0.2805088959999966,0.2805088959999966,0.0,0.73,0.605,7.547499999999999,877.0,1190.3249999999998,1554.0
equal_dataset_mean,Dense40,400,0.28500000000000003,0.3171852014999549,0.27692298217674166,0.3582303396358544,0.245,0.3275,0.9414583333333333,0.8625,0.9414583333333333,1633.1225,37.870000000000005,0.0,0.0,17.932499999999997,0.0,0.0,0.0,0.0023036387499882948,0.0,0.5182309674999942,0.5161387792499954,0.01,0.995,0.99,8.16,1634.25,2081.825,2607.5
equal_dataset_mean,H0,400,0.25,0.27706792717086837,0.23794466036414566,0.31725021008403365,0.2125,0.29,0.8710416666666667,0.71,0.8710416666666667,894.8924999999999,19.9375,0.0,0.0,1.3675,0.8625,1.3675,0.0023036387499882948,0.0023036387499882948,2.8125,0.2714556399999992,0.19610868175000631,0.27,0.0,0.0,7.875,878.25,1184.5749999999998,1517.0
equal_dataset_mean,R1_0.85,400,0.2525,0.2795679271708683,0.24041628151260505,0.3200005952380952,0.21493750000000006,0.2925,0.8722916666666667,0.7125,0.8722916666666667,895.415,19.9375,0.0,0.0,1.3675,0.8625,1.3675,7.806750000781903e-05,0.0023036387499882948,2.8125,0.2715185307500019,0.010538973250004347,0.9550000000000001,0.045,0.045,7.9225,878.25,1184.5749999999998,1526.5
equal_dataset_mean,R1_0.70,400,0.2525,0.2795679271708683,0.24041628151260505,0.3200005952380952,0.21493750000000006,0.2925,0.8722916666666667,0.7125,0.8722916666666667,895.6225,19.9375,0.0,0.0,1.3675,0.8625,1.3675,7.191625000132262e-05,0.0023036387499882948,2.8125,0.2715574115000027,0.0004979832499998338,0.9975,0.045,0.045,7.925000000000001,879.5,1184.5749999999998,1526.5
equal_dataset_mean,R2_0.85,400,0.25,0.27990126050420167,0.24077552521008405,0.3201919642857143,0.2125,0.29,0.8729166666666667,0.7125,0.8729166666666667,895.34,19.9375,0.0,0.0,1.3675,0.8625,1.3675,0.0003945989999988342,0.0023036387499882948,2.8125,0.27207360874999953,0.008843620999996346,0.97,0.07250000000000001,0.07250000000000001,7.952500000000001,878.75,1178.875,1526.5
equal_dataset_mean,R2_0.70,400,0.25,0.27990126050420167,0.24077552521008405,0.3201919642857143,0.2125,0.29,0.8729166666666667,0.7125,0.8729166666666667,895.5475,19.9375,0.0,0.0,1.3675,0.8625,1.3675,0.0003839155000105166,0.0023036387499882948,2.8125,0.2721124895000003,0.0,1.0,0.07250000000000001,0.07250000000000001,7.955,879.5,1178.875,1526.5
equal_dataset_mean,Flat-R2_0.85,400,0.255,0.28682422164268007,0.24849083196496988,0.32619224983096684,0.2175,0.295,0.87,0.7050000000000001,0.87,898.3425,19.9375,0.0,0.0,0.4775,3.445,0.4775,0.0009349355000244942,0.0023036387499882948,32.9875,0.2825527449999845,0.09645406299998968,0.645,0.76,0.635,8.155000000000001,880.0,1205.125,1556.5
equal_dataset_mean,Flat-R2_0.70,400,0.2575,0.2879449112978525,0.24934345238095237,0.3274285422502334,0.21750000000000003,0.2975,0.8752083333333334,0.7150000000000001,0.8752083333333334,900.135,19.9375,0.0,0.0,0.595,3.3275,0.595,0.0009596772500208317,0.0023036387499882948,32.9875,0.2800299554999788,0.02867264099999147,0.8825,0.775,0.6475,8.29,882.75,1205.125,1556.5
equal_dataset_mean,KMeans-R2_0.85,400,0.27499999999999997,0.3008482142857143,0.2613704613095238,0.34059553571428575,0.23500000000000001,0.315,0.8633333333333333,0.69,0.8633333333333333,898.31,19.9375,0.0,0.0,1.3725,0.8125,1.3725,0.0017273032500133923,0.0023036387499882948,2.97,0.27551871349997553,0.17355257174998312,0.3675,0.775,0.665,7.970000000000001,881.5,1186.0999999999995,1554.0
equal_dataset_mean,KMeans-R2_0.70,400,0.27499999999999997,0.3008482142857143,0.2613704613095238,0.34059553571428575,0.23500000000000001,0.315,0.8633333333333333,0.69,0.8633333333333333,898.24,19.9375,0.0,0.0,1.3725,0.8125,1.3725,0.0017172582500052157,0.0023036387499882948,2.97,0.2755815407499722,0.0023503427499986175,0.9924999999999999,0.775,0.665,7.9775,881.5,1186.0999999999995,1554.0
equal_dataset_mean,Matched-MMR_0.85,400,0.245,0.27890852130325816,0.24002929981203008,0.3182525140977443,0.2075,0.28250000000000003,0.8383333333333333,0.6525,0.8383333333333333,892.585,19.9375,0.0,0.0,0.0025,3.92,0.0025,0.0012773545000163721,0.0023036387499882948,32.9875,0.28019386999999824,0.13169085224999663,0.5275,0.8275,0.605,7.55,877.0,1190.3249999999998,1554.0
equal_dataset_mean,Matched-MMR_0.70,400,0.245,0.27218828320802,0.23379761904761906,0.3108995927318295,0.2075,0.28250000000000003,0.8439583333333334,0.6625,0.8439583333333334,892.52,19.9375,0.0,0.0,0.14500000000000002,3.7775,0.14500000000000002,0.0012839832500026204,0.0023036387499882948,32.9875,0.27618985624999826,0.18231207574999417,0.33,0.9025,0.6275,7.585,876.0,1189.6499999999999,1554.0
