dataset,seed,model,transition,f1_direction,n,N
equal64+64,1729,DeepSets,00,gain,1,128
equal64+64,1729,DeepSets,00,same,61,128
equal64+64,1729,DeepSets,00,harm,4,128
equal64+64,1729,DeepSets,01,gain,4,128
equal64+64,1729,DeepSets,01,same,4,128
equal64+64,1729,DeepSets,01,harm,0,128
equal64+64,1729,DeepSets,10,gain,0,128
equal64+64,1729,DeepSets,10,same,2,128
equal64+64,1729,DeepSets,10,harm,0,128
equal64+64,1729,DeepSets,11,gain,3,128
equal64+64,1729,DeepSets,11,same,45,128
equal64+64,1729,DeepSets,11,harm,4,128
equal64+64,1729,H1,00,gain,5,128
equal64+64,1729,H1,00,same,54,128
equal64+64,1729,H1,00,harm,6,128
equal64+64,1729,H1,01,gain,6,128
equal64+64,1729,H1,01,same,6,128
equal64+64,1729,H1,01,harm,1,128
equal64+64,1729,H1,10,gain,0,128
equal64+64,1729,H1,10,same,2,128
equal64+64,1729,H1,10,harm,0,128
equal64+64,1729,H1,11,gain,3,128
equal64+64,1729,H1,11,same,41,128
equal64+64,1729,H1,11,harm,4,128
equal64+64,1729,H2,00,gain,4,128
equal64+64,1729,H2,00,same,63,128
equal64+64,1729,H2,00,harm,5,128
equal64+64,1729,H2,01,gain,5,128
equal64+64,1729,H2,01,same,4,128
equal64+64,1729,H2,01,harm,0,128
equal64+64,1729,H2,10,gain,0,128
equal64+64,1729,H2,10,same,0,128
equal64+64,1729,H2,10,harm,0,128
equal64+64,1729,H2,11,gain,3,128
equal64+64,1729,H2,11,same,39,128
equal64+64,1729,H2,11,harm,5,128
equal64+64,1729,H4,00,gain,5,128
equal64+64,1729,H4,00,same,57,128
equal64+64,1729,H4,00,harm,7,128
equal64+64,1729,H4,01,gain,2,128
equal64+64,1729,H4,01,same,2,128
equal64+64,1729,H4,01,harm,0,128
equal64+64,1729,H4,10,gain,0,128
equal64+64,1729,H4,10,same,2,128
equal64+64,1729,H4,10,harm,0,128
equal64+64,1729,H4,11,gain,3,128
equal64+64,1729,H4,11,same,43,128
equal64+64,1729,H4,11,harm,7,128
equal64+64,2026,DeepSets,00,gain,2,128
equal64+64,2026,DeepSets,00,same,60,128
equal64+64,2026,DeepSets,00,harm,8,128
equal64+64,2026,DeepSets,01,gain,5,128
equal64+64,2026,DeepSets,01,same,7,128
equal64+64,2026,DeepSets,01,harm,1,128
equal64+64,2026,DeepSets,10,gain,0,128
equal64+64,2026,DeepSets,10,same,1,128
equal64+64,2026,DeepSets,10,harm,1,128
equal64+64,2026,DeepSets,11,gain,3,128
equal64+64,2026,DeepSets,11,same,34,128
equal64+64,2026,DeepSets,11,harm,6,128
equal64+64,2026,H1,00,gain,6,128
equal64+64,2026,H1,00,same,56,128
equal64+64,2026,H1,00,harm,7,128
equal64+64,2026,H1,01,gain,7,128
equal64+64,2026,H1,01,same,3,128
equal64+64,2026,H1,01,harm,0,128
equal64+64,2026,H1,10,gain,0,128
equal64+64,2026,H1,10,same,1,128
equal64+64,2026,H1,10,harm,2,128
equal64+64,2026,H1,11,gain,1,128
equal64+64,2026,H1,11,same,39,128
equal64+64,2026,H1,11,harm,6,128
equal64+64,2026,H2,00,gain,3,128
equal64+64,2026,H2,00,same,59,128
equal64+64,2026,H2,00,harm,5,128
equal64+64,2026,H2,01,gain,5,128
equal64+64,2026,H2,01,same,3,128
equal64+64,2026,H2,01,harm,0,128
equal64+64,2026,H2,10,gain,1,128
equal64+64,2026,H2,10,same,5,128
equal64+64,2026,H2,10,harm,1,128
equal64+64,2026,H2,11,gain,2,128
equal64+64,2026,H2,11,same,39,128
equal64+64,2026,H2,11,harm,5,128
equal64+64,2026,H4,00,gain,4,128
equal64+64,2026,H4,00,same,59,128
equal64+64,2026,H4,00,harm,6,128
equal64+64,2026,H4,01,gain,2,128
equal64+64,2026,H4,01,same,4,128
equal64+64,2026,H4,01,harm,0,128
equal64+64,2026,H4,10,gain,0,128
equal64+64,2026,H4,10,same,2,128
equal64+64,2026,H4,10,harm,0,128
equal64+64,2026,H4,11,gain,2,128
equal64+64,2026,H4,11,same,42,128
equal64+64,2026,H4,11,harm,7,128
hotpot,1729,DeepSets,00,gain,1,64
hotpot,1729,DeepSets,00,same,16,64
hotpot,1729,DeepSets,00,harm,0,64
hotpot,1729,DeepSets,01,gain,2,64
hotpot,1729,DeepSets,01,same,3,64
hotpot,1729,DeepSets,01,harm,0,64
hotpot,1729,DeepSets,10,gain,0,64
hotpot,1729,DeepSets,10,same,0,64
hotpot,1729,DeepSets,10,harm,0,64
hotpot,1729,DeepSets,11,gain,1,64
hotpot,1729,DeepSets,11,same,38,64
hotpot,1729,DeepSets,11,harm,3,64
hotpot,1729,H1,00,gain,1,64
hotpot,1729,H1,00,same,15,64
hotpot,1729,H1,00,harm,1,64
hotpot,1729,H1,01,gain,3,64
hotpot,1729,H1,01,same,3,64
hotpot,1729,H1,01,harm,0,64
hotpot,1729,H1,10,gain,0,64
hotpot,1729,H1,10,same,1,64
hotpot,1729,H1,10,harm,0,64
hotpot,1729,H1,11,gain,2,64
hotpot,1729,H1,11,same,35,64
hotpot,1729,H1,11,harm,3,64
hotpot,1729,H2,00,gain,1,64
hotpot,1729,H2,00,same,18,64
hotpot,1729,H2,00,harm,1,64
hotpot,1729,H2,01,gain,3,64
hotpot,1729,H2,01,same,4,64
hotpot,1729,H2,01,harm,0,64
hotpot,1729,H2,10,gain,0,64
hotpot,1729,H2,10,same,0,64
hotpot,1729,H2,10,harm,0,64
hotpot,1729,H2,11,gain,2,64
hotpot,1729,H2,11,same,31,64
hotpot,1729,H2,11,harm,4,64
hotpot,1729,H4,00,gain,2,64
hotpot,1729,H4,00,same,15,64
hotpot,1729,H4,00,harm,2,64
hotpot,1729,H4,01,gain,1,64
hotpot,1729,H4,01,same,1,64
hotpot,1729,H4,01,harm,0,64
hotpot,1729,H4,10,gain,0,64
hotpot,1729,H4,10,same,1,64
hotpot,1729,H4,10,harm,0,64
hotpot,1729,H4,11,gain,1,64
hotpot,1729,H4,11,same,37,64
hotpot,1729,H4,11,harm,4,64
hotpot,2026,DeepSets,00,gain,0,64
hotpot,2026,DeepSets,00,same,15,64
hotpot,2026,DeepSets,00,harm,3,64
hotpot,2026,DeepSets,01,gain,3,64
hotpot,2026,DeepSets,01,same,6,64
hotpot,2026,DeepSets,01,harm,1,64
hotpot,2026,DeepSets,10,gain,0,64
hotpot,2026,DeepSets,10,same,0,64
hotpot,2026,DeepSets,10,harm,0,64
hotpot,2026,DeepSets,11,gain,1,64
hotpot,2026,DeepSets,11,same,31,64
hotpot,2026,DeepSets,11,harm,4,64
hotpot,2026,H1,00,gain,2,64
hotpot,2026,H1,00,same,17,64
hotpot,2026,H1,00,harm,0,64
hotpot,2026,H1,01,gain,4,64
hotpot,2026,H1,01,same,3,64
hotpot,2026,H1,01,harm,0,64
hotpot,2026,H1,10,gain,0,64
hotpot,2026,H1,10,same,0,64
hotpot,2026,H1,10,harm,1,64
hotpot,2026,H1,11,gain,1,64
hotpot,2026,H1,11,same,33,64
hotpot,2026,H1,11,harm,3,64
hotpot,2026,H2,00,gain,0,64
hotpot,2026,H2,00,same,16,64
hotpot,2026,H2,00,harm,1,64
hotpot,2026,H2,01,gain,4,64
hotpot,2026,H2,01,same,3,64
hotpot,2026,H2,01,harm,0,64
hotpot,2026,H2,10,gain,1,64
hotpot,2026,H2,10,same,2,64
hotpot,2026,H2,10,harm,0,64
hotpot,2026,H2,11,gain,2,64
hotpot,2026,H2,11,same,32,64
hotpot,2026,H2,11,harm,3,64
hotpot,2026,H4,00,gain,0,64
hotpot,2026,H4,00,same,16,64
hotpot,2026,H4,00,harm,1,64
hotpot,2026,H4,01,gain,2,64
hotpot,2026,H4,01,same,4,64
hotpot,2026,H4,01,harm,0,64
hotpot,2026,H4,10,gain,0,64
hotpot,2026,H4,10,same,0,64
hotpot,2026,H4,10,harm,0,64
hotpot,2026,H4,11,gain,2,64
hotpot,2026,H4,11,same,36,64
hotpot,2026,H4,11,harm,3,64
musique,1729,DeepSets,00,gain,0,64
musique,1729,DeepSets,00,same,45,64
musique,1729,DeepSets,00,harm,4,64
musique,1729,DeepSets,01,gain,2,64
musique,1729,DeepSets,01,same,1,64
musique,1729,DeepSets,01,harm,0,64
musique,1729,DeepSets,10,gain,0,64
musique,1729,DeepSets,10,same,2,64
musique,1729,DeepSets,10,harm,0,64
musique,1729,DeepSets,11,gain,2,64
musique,1729,DeepSets,11,same,7,64
musique,1729,DeepSets,11,harm,1,64
musique,1729,H1,00,gain,4,64
musique,1729,H1,00,same,39,64
musique,1729,H1,00,harm,5,64
musique,1729,H1,01,gain,3,64
musique,1729,H1,01,same,3,64
musique,1729,H1,01,harm,1,64
musique,1729,H1,10,gain,0,64
musique,1729,H1,10,same,1,64
musique,1729,H1,10,harm,0,64
musique,1729,H1,11,gain,1,64
musique,1729,H1,11,same,6,64
musique,1729,H1,11,harm,1,64
musique,1729,H2,00,gain,3,64
musique,1729,H2,00,same,45,64
musique,1729,H2,00,harm,4,64
musique,1729,H2,01,gain,2,64
musique,1729,H2,01,same,0,64
musique,1729,H2,01,harm,0,64
musique,1729,H2,10,gain,0,64
musique,1729,H2,10,same,0,64
musique,1729,H2,10,harm,0,64
musique,1729,H2,11,gain,1,64
musique,1729,H2,11,same,8,64
musique,1729,H2,11,harm,1,64
musique,1729,H4,00,gain,3,64
musique,1729,H4,00,same,42,64
musique,1729,H4,00,harm,5,64
musique,1729,H4,01,gain,1,64
musique,1729,H4,01,same,1,64
musique,1729,H4,01,harm,0,64
musique,1729,H4,10,gain,0,64
musique,1729,H4,10,same,1,64
musique,1729,H4,10,harm,0,64
musique,1729,H4,11,gain,2,64
musique,1729,H4,11,same,6,64
musique,1729,H4,11,harm,3,64
musique,2026,DeepSets,00,gain,2,64
musique,2026,DeepSets,00,same,45,64
musique,2026,DeepSets,00,harm,5,64
musique,2026,DeepSets,01,gain,2,64
musique,2026,DeepSets,01,same,1,64
musique,2026,DeepSets,01,harm,0,64
musique,2026,DeepSets,10,gain,0,64
musique,2026,DeepSets,10,same,1,64
musique,2026,DeepSets,10,harm,1,64
musique,2026,DeepSets,11,gain,2,64
musique,2026,DeepSets,11,same,3,64
musique,2026,DeepSets,11,harm,2,64
musique,2026,H1,00,gain,4,64
musique,2026,H1,00,same,39,64
musique,2026,H1,00,harm,7,64
musique,2026,H1,01,gain,3,64
musique,2026,H1,01,same,0,64
musique,2026,H1,01,harm,0,64
musique,2026,H1,10,gain,0,64
musique,2026,H1,10,same,1,64
musique,2026,H1,10,harm,1,64
musique,2026,H1,11,gain,0,64
musique,2026,H1,11,same,6,64
musique,2026,H1,11,harm,3,64
musique,2026,H2,00,gain,3,64
musique,2026,H2,00,same,43,64
musique,2026,H2,00,harm,4,64
musique,2026,H2,01,gain,1,64
musique,2026,H2,01,same,0,64
musique,2026,H2,01,harm,0,64
musique,2026,H2,10,gain,0,64
musique,2026,H2,10,same,3,64
musique,2026,H2,10,harm,1,64
musique,2026,H2,11,gain,0,64
musique,2026,H2,11,same,7,64
musique,2026,H2,11,harm,2,64
musique,2026,H4,00,gain,4,64
musique,2026,H4,00,same,43,64
musique,2026,H4,00,harm,5,64
musique,2026,H4,01,gain,0,64
musique,2026,H4,01,same,0,64
musique,2026,H4,01,harm,0,64
musique,2026,H4,10,gain,0,64
musique,2026,H4,10,same,2,64
musique,2026,H4,10,harm,0,64
musique,2026,H4,11,gain,0,64
musique,2026,H4,11,same,6,64
musique,2026,H4,11,harm,4,64
