dataset,grouping,mask,kind,stage,hits,targets,er,cr,queries,units,empty_pool_queries,annotated_member_units,query_annotated_fraction_sum,nonempty_pool_queries,added_targets_vs_g0,lost_targets_vs_g0,added_targets_vs_dense,lost_targets_vs_dense,changed_members_vs_g0_queries,units_added_vs_g0,units_lost_vs_g0,new_units_vs_dense,evicted_units_vs_dense,promotions,insertions,selected_groups,groups_added_vs_g0,groups_lost_vs_g0,query_mean_er,query_mean_cr,target_micro_coverage,mean_units,mean_annotated_fraction_nonempty,answer_f1,targets_only_rule_vs_matched,targets_only_matched_vs_rule,shared_units_with_matched
hotpot,GB,G0,COUNT_MATCHED_DENSE,final,420,484,173.58333333333331,143,200,3975,0,420,21.617647058823557,200,4,17,8,4,85,179,179,194,194,198,392,238,0,0,0.8679166666666666,0.715,0.8677685950413223,19.875,0.10808823529411779,NOT_GENERATED,,,
hotpot,GB,G0,COUNT_MATCHED_DENSE,proposal,21,484,7.916666666666666,0,200,477,71,21,6.223412698412699,129,8,33,10,405,125,352,352,,,,,,,,0.03958333333333333,0.0,0.04338842975206612,2.385,0.04824350929002092,NOT_GENERATED,,,
hotpot,GB,G0,RULE,final,433,484,179.16666666666666,154,200,3975,0,433,22.267647058823552,200,0,0,19,2,0,0,0,194,194,198,392,238,0,0,0.8958333333333333,0.77,0.8946280991735537,19.875,0.11133823529411777,NOT_GENERATED,17,4,3796
hotpot,GB,G0,RULE,pre,139,484,57.25000000000002,16,200,1635,59,139,20.92436879065443,141,0,0,35,312,0,0,0,,,,,,,,0.2862500000000001,0.08,0.2871900826446281,8.175,0.14839977865712362,NOT_GENERATED,,,
hotpot,GB,G0,RULE,proposal,46,484,17.916666666666668,0,200,477,71,46,15.873412698412697,129,0,0,21,391,0,0,0,,,,,,,,0.08958333333333333,0.0,0.09504132231404959,2.385,0.1230497108404085,NOT_GENERATED,33,8,125
hotpot,GB,G0,RULE,two,109,484,45.08333333333334,10,200,767,59,109,24.978968253968244,141,0,0,26,333,0,0,0,,,,,,,,0.2254166666666667,0.05,0.22520661157024793,3.835,0.17715580321963292,NOT_GENERATED,,,
hotpot,GB,G1,COUNT_MATCHED_DENSE,final,421,484,174.08333333333331,144,200,3975,0,421,21.667647058823558,200,5,17,9,4,104,218,218,231,231,208,439,283,49,4,0.8704166666666666,0.72,0.8698347107438017,19.875,0.10833823529411779,NOT_GENERATED,,,
hotpot,GB,G1,COUNT_MATCHED_DENSE,proposal,22,484,8.416666666666666,0,200,529,50,22,6.473412698412699,150,9,33,11,405,147,402,350,,,,,,,,0.042083333333333334,0.0,0.045454545454545456,2.645,0.04315608465608466,NOT_GENERATED,,,
hotpot,GB,G1,RULE,final,433,484,179.16666666666663,154,200,3975,0,433,22.26764705882356,200,1,1,19,2,23,45,45,231,231,208,439,283,49,4,0.8958333333333331,0.77,0.8946280991735537,19.875,0.1113382352941178,NOT_GENERATED,17,5,3759
hotpot,GB,G1,RULE,pre,141,484,57.83333333333336,16,200,1887,35,141,19.46537622619913,165,2,0,37,312,70,252,0,,,,,,,,0.2891666666666668,0.08,0.29132231404958675,9.435,0.11797197712847958,NOT_GENERATED,,,
hotpot,GB,G1,RULE,proposal,46,484,17.916666666666668,0,200,529,50,46,15.673412698412697,150,1,1,21,391,29,56,4,,,,,,,,0.08958333333333333,0.0,0.09504132231404959,2.645,0.10448941798941798,NOT_GENERATED,33,9,130
hotpot,GB,G1,RULE,two,109,484,45.08333333333334,10,200,864,35,109,24.263492063492052,165,1,1,26,333,36,112,15,,,,,,,,0.2254166666666667,0.05,0.22520661157024793,4.32,0.147051467051467,NOT_GENERATED,,,
hotpot,GB,G2,COUNT_MATCHED_DENSE,final,420,484,173.58333333333331,143,200,3975,0,420,21.617647058823557,200,4,17,8,4,86,182,182,197,197,199,396,239,1,0,0.8679166666666666,0.715,0.8677685950413223,19.875,0.10808823529411779,NOT_GENERATED,,,
hotpot,GB,G2,COUNT_MATCHED_DENSE,proposal,21,484,7.916666666666666,0,200,482,70,21,6.223412698412699,130,8,33,10,405,126,357,352,,,,,,,,0.03958333333333333,0.0,0.04338842975206612,2.41,0.04787240537240538,NOT_GENERATED,,,
hotpot,GB,G2,RULE,final,433,484,179.16666666666666,154,200,3975,0,433,22.267647058823552,200,0,0,19,2,1,3,3,197,197,199,396,239,1,0,0.8958333333333333,0.77,0.8946280991735537,19.875,0.11133823529411777,NOT_GENERATED,17,4,3793
hotpot,GB,G2,RULE,pre,139,484,57.25000000000002,16,200,1641,58,139,20.92436879065443,142,0,0,35,312,1,6,0,,,,,,,,0.2862500000000001,0.08,0.2871900826446281,8.205,0.14735470979334106,NOT_GENERATED,,,
hotpot,GB,G2,RULE,proposal,46,484,17.916666666666668,0,200,482,70,46,15.873412698412697,130,0,0,21,391,1,5,0,,,,,,,,0.08958333333333333,0.0,0.09504132231404959,2.41,0.12210317460317459,NOT_GENERATED,33,8,125
hotpot,GB,G2,RULE,two,109,484,45.08333333333334,10,200,773,58,109,24.978968253968244,142,0,0,26,333,1,6,0,,,,,,,,0.2254166666666667,0.05,0.22520661157024793,3.865,0.17590822714062143,NOT_GENERATED,,,
hotpot,GB,G3,COUNT_MATCHED_DENSE,final,421,484,174.08333333333331,144,200,3975,0,421,21.667647058823558,200,5,17,9,4,106,223,223,236,236,218,454,290,56,4,0.8704166666666666,0.72,0.8698347107438017,19.875,0.10833823529411779,NOT_GENERATED,,,
hotpot,GB,G3,COUNT_MATCHED_DENSE,proposal,22,484,8.416666666666666,0,200,545,46,22,6.473412698412699,154,9,33,11,405,151,418,350,,,,,,,,0.042083333333333334,0.0,0.045454545454545456,2.725,0.04203514739229025,NOT_GENERATED,,,
hotpot,GB,G3,RULE,final,433,484,179.16666666666663,154,200,3975,0,433,22.26764705882356,200,1,1,19,2,25,50,50,236,236,218,454,290,56,4,0.8958333333333331,0.77,0.8946280991735537,19.875,0.1113382352941178,NOT_GENERATED,17,5,3754
hotpot,GB,G3,RULE,pre,142,484,58.33333333333336,16,200,1917,31,142,19.608233369056272,169,3,0,37,311,74,282,0,,,,,,,,0.2916666666666668,0.08,0.29338842975206614,9.585,0.11602504952104303,NOT_GENERATED,,,
hotpot,GB,G3,RULE,proposal,47,484,18.416666666666668,0,200,545,46,47,15.923412698412696,154,2,1,21,390,33,72,4,,,,,,,,0.09208333333333334,0.0,0.09710743801652892,2.725,0.1033987837559266,NOT_GENERATED,34,9,132
hotpot,GB,G3,RULE,two,110,484,45.58333333333334,10,200,889,31,110,24.406349206349198,169,2,1,26,332,40,137,15,,,,,,,,0.2279166666666667,0.05,0.22727272727272727,4.445,0.14441626749319053,NOT_GENERATED,,,
hotpot,GB,G4,COUNT_MATCHED_DENSE,final,420,484,173.74999999999997,143,200,3975,0,420,21.617647058823557,200,5,18,9,5,107,227,227,240,240,222,462,293,59,4,0.8687499999999999,0.715,0.8677685950413223,19.875,0.10808823529411779,NOT_GENERATED,,,
hotpot,GB,G4,COUNT_MATCHED_DENSE,proposal,22,484,8.416666666666666,0,200,567,45,22,6.473412698412699,155,9,33,11,405,152,439,349,,,,,,,,0.042083333333333334,0.0,0.045454545454545456,2.835,0.04176395289298515,NOT_GENERATED,,,
hotpot,GB,G4,RULE,final,432,484,178.83333333333331,153,200,3975,0,432,22.21764705882356,200,1,2,19,3,27,55,55,240,240,222,462,293,59,4,0.8941666666666666,0.765,0.8925619834710744,19.875,0.1110882352941178,NOT_GENERATED,17,5,3753
hotpot,GB,G4,RULE,pre,146,484,59.86666666666669,16,200,2004,30,146,19.505995840316185,170,7,0,39,309,77,369,0,,,,,,,,0.29933333333333345,0.08,0.30165289256198347,10.02,0.11474115200185991,NOT_GENERATED,,,
hotpot,GB,G4,RULE,proposal,47,484,18.416666666666668,0,200,567,45,47,15.923412698412696,155,2,1,21,390,36,94,4,,,,,,,,0.09208333333333334,0.0,0.09710743801652892,2.835,0.102731694828469,NOT_GENERATED,34,9,144
hotpot,GB,G4,RULE,two,110,484,45.58333333333334,10,200,915,30,110,24.173015873015864,170,2,1,26,332,43,163,15,,,,,,,,0.2279166666666667,0.05,0.22727272727272727,4.575,0.14219421101774038,NOT_GENERATED,,,
hotpot,GB,G5,COUNT_MATCHED_DENSE,final,420,484,174.16666666666666,143,200,3975,0,420,21.617647058823554,200,5,18,10,6,134,293,293,300,300,323,623,396,162,4,0.8708333333333332,0.715,0.8677685950413223,19.875,0.10808823529411776,NOT_GENERATED,,,
hotpot,GB,G5,COUNT_MATCHED_DENSE,proposal,27,484,10.75,0,200,784,13,27,6.899603174603175,187,12,31,15,404,185,652,345,,,,,,,,0.05375,0.0,0.05578512396694215,3.92,0.03689627366097955,NOT_GENERATED,,,
hotpot,GB,G5,RULE,final,431,484,178.74999999999997,152,200,3975,0,431,22.167647058823558,200,2,4,18,3,66,133,133,300,300,323,623,396,162,4,0.8937499999999998,0.76,0.890495867768595,19.875,0.11083823529411779,NOT_GENERATED,16,5,3693
hotpot,GB,G5,RULE,pre,199,484,80.9,27,200,6082,2,199,6.778744475774932,198,60,0,57,274,195,4447,0,,,,,,,,0.4045,0.135,0.41115702479338845,30.41,0.03423608321098451,NOT_GENERATED,,,
hotpot,GB,G5,RULE,proposal,50,484,19.666666666666668,0,200,784,13,50,13.491269841269839,187,5,1,23,389,94,311,4,,,,,,,,0.09833333333333334,0.0,0.10330578512396695,3.92,0.07214582802818095,NOT_GENERATED,35,12,199
hotpot,GB,G5,RULE,two,114,484,47.16666666666668,11,200,1244,2,114,19.061544011543994,198,6,1,28,330,104,492,15,,,,,,,,0.2358333333333334,0.055,0.23553719008264462,6.22,0.09627042430072724,NOT_GENERATED,,,
hotpot,KMeans,G0,COUNT_MATCHED_DENSE,final,420,484,173.91666666666666,142,200,3975,0,420,21.617647058823554,200,3,12,9,5,84,177,177,185,185,196,381,220,0,0,0.8695833333333333,0.71,0.8677685950413223,19.875,0.10808823529411776,NOT_GENERATED,,,
hotpot,KMeans,G0,COUNT_MATCHED_DENSE,proposal,17,484,6.833333333333333,0,200,490,82,17,5.933333333333334,118,7,32,10,409,115,363,363,,,,,,,,0.034166666666666665,0.0,0.03512396694214876,2.45,0.05028248587570622,NOT_GENERATED,,,
hotpot,KMeans,G0,RULE,final,429,484,177.66666666666663,150,200,3975,0,429,22.067647058823557,200,0,0,17,4,0,0,0,185,185,196,381,220,0,0,0.8883333333333332,0.75,0.8863636363636364,19.875,0.11033823529411778,NOT_GENERATED,12,3,3798
hotpot,KMeans,G0,RULE,pre,121,484,48.68333333333332,9,200,1694,74,121,15.25840577143991,126,0,0,36,331,0,0,0,,,,,,,,0.24341666666666661,0.045,0.25,8.47,0.12109845850349135,NOT_GENERATED,,,
hotpot,KMeans,G0,RULE,proposal,42,484,16.783333333333335,2,200,490,82,42,13.821825396825396,118,0,0,21,395,0,0,0,,,,,,,,0.08391666666666668,0.01,0.08677685950413223,2.45,0.11713411353241861,NOT_GENERATED,32,7,127
hotpot,KMeans,G0,RULE,two,93,484,38.18333333333332,6,200,730,74,93,19.306757131757124,126,0,0,27,350,0,0,0,,,,,,,,0.19091666666666662,0.03,0.1921487603305785,3.65,0.1532282312044216,NOT_GENERATED,,,
hotpot,KMeans,G1,COUNT_MATCHED_DENSE,final,421,484,174.41666666666666,144,200,3975,0,421,21.667647058823558,200,5,13,11,6,109,213,213,217,217,202,419,297,88,11,0.8720833333333333,0.72,0.8698347107438017,19.875,0.10833823529411779,NOT_GENERATED,,,
hotpot,KMeans,G1,COUNT_MATCHED_DENSE,proposal,19,484,7.583333333333333,0,200,524,56,19,7.1000000000000005,144,9,32,12,409,142,402,368,,,,,,,,0.03791666666666667,0.0,0.03925619834710744,2.62,0.04930555555555556,NOT_GENERATED,,,
hotpot,KMeans,G1,RULE,final,428,484,177.41666666666663,150,200,3975,0,428,22.01764705882356,200,0,1,17,5,36,46,46,217,217,202,419,297,88,11,0.8870833333333331,0.75,0.8842975206611571,19.875,0.11008823529411779,NOT_GENERATED,12,5,3763
hotpot,KMeans,G1,RULE,pre,123,484,49.18333333333332,10,200,1989,35,123,13.650168707313753,165,2,0,38,331,108,295,0,,,,,,,,0.24591666666666662,0.05,0.25413223140495866,9.945,0.08272829519584093,NOT_GENERATED,,,
hotpot,KMeans,G1,RULE,proposal,41,484,16.28333333333334,2,200,524,56,41,12.838492063492065,144,0,1,20,395,43,55,21,,,,,,,,0.08141666666666669,0.01,0.08471074380165289,2.62,0.08915619488536157,NOT_GENERATED,31,9,123
hotpot,KMeans,G1,RULE,two,91,484,37.349999999999994,6,200,820,35,91,18.13651903651903,165,0,2,25,350,66,120,30,,,,,,,,0.18674999999999997,0.03,0.18801652892561985,4.1,0.10991829719102442,NOT_GENERATED,,,
hotpot,KMeans,G2,COUNT_MATCHED_DENSE,final,420,484,173.91666666666666,142,200,3975,0,420,21.617647058823554,200,3,12,9,5,84,177,177,185,185,196,381,220,0,0,0.8695833333333333,0.71,0.8677685950413223,19.875,0.10808823529411776,NOT_GENERATED,,,
hotpot,KMeans,G2,COUNT_MATCHED_DENSE,proposal,17,484,6.833333333333333,0,200,490,82,17,5.933333333333334,118,7,32,10,409,115,363,363,,,,,,,,0.034166666666666665,0.0,0.03512396694214876,2.45,0.05028248587570622,NOT_GENERATED,,,
hotpot,KMeans,G2,RULE,final,429,484,177.66666666666663,150,200,3975,0,429,22.067647058823557,200,0,0,17,4,0,0,0,185,185,196,381,220,0,0,0.8883333333333332,0.75,0.8863636363636364,19.875,0.11033823529411778,NOT_GENERATED,12,3,3798
hotpot,KMeans,G2,RULE,pre,121,484,48.68333333333332,9,200,1694,74,121,15.25840577143991,126,0,0,36,331,0,0,0,,,,,,,,0.24341666666666661,0.045,0.25,8.47,0.12109845850349135,NOT_GENERATED,,,
hotpot,KMeans,G2,RULE,proposal,42,484,16.783333333333335,2,200,490,82,42,13.821825396825396,118,0,0,21,395,0,0,0,,,,,,,,0.08391666666666668,0.01,0.08677685950413223,2.45,0.11713411353241861,NOT_GENERATED,32,7,127
hotpot,KMeans,G2,RULE,two,93,484,38.18333333333332,6,200,730,74,93,19.306757131757124,126,0,0,27,350,0,0,0,,,,,,,,0.19091666666666662,0.03,0.1921487603305785,3.65,0.1532282312044216,NOT_GENERATED,,,
hotpot,KMeans,G3,COUNT_MATCHED_DENSE,final,421,484,174.41666666666666,144,200,3975,0,421,21.667647058823558,200,5,13,11,6,110,215,215,219,219,209,428,302,93,11,0.8720833333333333,0.72,0.8698347107438017,19.875,0.10833823529411779,NOT_GENERATED,,,
hotpot,KMeans,G3,COUNT_MATCHED_DENSE,proposal,19,484,7.583333333333333,0,200,533,53,19,6.433333333333334,147,9,32,12,409,146,411,368,,,,,,,,0.03791666666666667,0.0,0.03925619834710744,2.665,0.043764172335600905,NOT_GENERATED,,,
hotpot,KMeans,G3,RULE,final,428,484,177.41666666666663,150,200,3975,0,428,22.01764705882356,200,0,1,17,5,37,48,48,219,219,209,428,302,93,11,0.8870833333333331,0.75,0.8842975206611571,19.875,0.11008823529411779,NOT_GENERATED,12,5,3761
hotpot,KMeans,G3,RULE,pre,126,484,50.099999999999994,11,200,2021,32,126,13.709692516837563,168,5,0,39,329,112,327,0,,,,,,,,0.25049999999999994,0.055,0.2603305785123967,10.105,0.08160531260022359,NOT_GENERATED,,,
hotpot,KMeans,G3,RULE,proposal,41,484,16.28333333333334,2,200,533,53,41,12.1718253968254,147,0,1,20,395,47,64,21,,,,,,,,0.08141666666666669,0.01,0.08471074380165289,2.665,0.08280153331173741,NOT_GENERATED,31,9,125
hotpot,KMeans,G3,RULE,two,93,484,37.93333333333333,7,200,834,32,93,18.112709512709507,168,2,2,25,348,70,134,30,,,,,,,,0.18966666666666665,0.035,0.1921487603305785,4.17,0.10781374709946136,NOT_GENERATED,,,
hotpot,KMeans,G4,COUNT_MATCHED_DENSE,final,421,484,174.41666666666666,144,200,3975,0,421,21.667647058823558,200,5,13,11,6,112,224,224,228,228,211,439,305,96,11,0.8720833333333333,0.72,0.8698347107438017,19.875,0.10833823529411779,NOT_GENERATED,,,
hotpot,KMeans,G4,COUNT_MATCHED_DENSE,proposal,19,484,7.583333333333333,0,200,557,51,19,6.433333333333334,149,9,32,12,409,148,433,366,,,,,,,,0.03791666666666667,0.0,0.03925619834710744,2.785,0.043176733780760625,NOT_GENERATED,,,
hotpot,KMeans,G4,RULE,final,428,484,177.41666666666663,150,200,3975,0,428,22.01764705882356,200,0,1,17,5,39,57,57,228,228,211,439,305,96,11,0.8870833333333331,0.75,0.8842975206611571,19.875,0.11008823529411779,NOT_GENERATED,12,5,3755
hotpot,KMeans,G4,RULE,pre,127,484,50.599999999999994,11,200,2100,30,127,13.696653472548519,170,6,0,39,328,118,406,0,,,,,,,,0.25299999999999995,0.055,0.26239669421487605,10.5,0.0805685498385207,NOT_GENERATED,,,
hotpot,KMeans,G4,RULE,proposal,41,484,16.28333333333334,2,200,557,51,41,12.1718253968254,149,0,1,20,395,49,88,21,,,,,,,,0.08141666666666669,0.01,0.08471074380165289,2.785,0.08169010333439865,NOT_GENERATED,31,9,132
hotpot,KMeans,G4,RULE,two,93,484,37.93333333333333,7,200,860,30,93,18.112709512709507,170,2,2,25,348,72,160,30,,,,,,,,0.18966666666666665,0.035,0.1921487603305785,4.3,0.1065453500747618,NOT_GENERATED,,,
hotpot,KMeans,G5,COUNT_MATCHED_DENSE,final,419,484,173.58333333333334,142,200,3975,0,419,21.567647058823557,200,6,16,11,8,133,273,273,271,271,304,575,395,186,11,0.8679166666666667,0.71,0.8657024793388429,19.875,0.10783823529411779,NOT_GENERATED,,,
hotpot,KMeans,G5,COUNT_MATCHED_DENSE,proposal,25,484,10.583333333333332,0,200,746,15,25,7.937301587301587,185,14,31,14,405,184,618,362,,,,,,,,0.05291666666666666,0.0,0.05165289256198347,3.73,0.042904332904332904,NOT_GENERATED,,,
hotpot,KMeans,G5,RULE,final,428,484,177.5833333333333,150,200,3975,0,428,22.017647058823556,200,1,2,18,6,70,112,112,271,271,304,575,395,186,11,0.8879166666666665,0.75,0.8842975206611571,19.875,0.11008823529411778,NOT_GENERATED,14,5,3714
hotpot,KMeans,G5,RULE,pre,172,484,68.60000000000002,19,200,5929,2,172,6.0143031013255435,198,51,0,58,302,197,4235,0,,,,,,,,0.34300000000000014,0.095,0.35537190082644626,29.645,0.030375268188512845,NOT_GENERATED,,,
hotpot,KMeans,G5,RULE,proposal,44,484,17.783333333333335,2,200,746,15,44,11.223015873015873,185,3,1,22,394,97,277,21,,,,,,,,0.08891666666666667,0.01,0.09090909090909091,3.73,0.060664950664950666,NOT_GENERATED,32,13,206
hotpot,KMeans,G5,RULE,two,100,484,41.01666666666666,7,200,1148,2,100,17.263142413142408,198,9,2,28,344,114,448,30,,,,,,,,0.20508333333333328,0.035,0.2066115702479339,5.74,0.08718758794516368,NOT_GENERATED,,,
hotpot,NONE,REFERENCE,Dense20,reference,416,484,172.24999999999997,140,200,3975,0,,,,,,,,,,,,,,,,,,0.8612499999999998,0.7,0.859504132231405,19.875,NA,NOT_GENERATED,,,
hotpot,NONE,REFERENCE,Dense40,reference,470,484,194.08333333333331,186,200,7161,0,,,,,,,,,,,,,,,,,,0.9704166666666666,0.93,0.9710743801652892,35.805,NA,NOT_GENERATED,,,
hotpot,NONE,REFERENCE,F,reference,111,484,44.2,8,200,4786,4,,,,,,,,,,,,,,,,,,0.221,0.04,0.22933884297520662,23.93,NA,NOT_GENERATED,,,
musique,GB,G0,COUNT_MATCHED_DENSE,final,398,484,166.91666666666666,128,200,4000,0,1061,53.04999999999998,200,8,14,14,2,141,323,323,353,353,147,500,327,0,0,0.8345833333333332,0.64,0.8223140495867769,20.0,0.26524999999999993,NOT_GENERATED,,,
musique,GB,G0,COUNT_MATCHED_DENSE,proposal,78,484,30.083333333333325,3,200,648,36,98,23.00873015873016,164,52,37,15,323,163,549,549,,,,,,,,0.15041666666666662,0.015,0.16115702479338842,3.24,0.1402971351142083,NOT_GENERATED,,,
musique,GB,G0,RULE,final,404,484,169.25,130,200,4000,0,1074,53.699999999999996,200,0,0,19,1,0,0,0,353,353,147,500,327,0,0,0.84625,0.65,0.8347107438016529,20.0,0.26849999999999996,NOT_GENERATED,14,8,3677
musique,GB,G0,RULE,pre,178,484,71.75,17,200,3070,25,432,28.41291574603581,175,0,0,54,262,0,0,0,,,,,,,,0.35875,0.085,0.3677685950413223,15.35,0.16235951854877606,NOT_GENERATED,,,
musique,GB,G0,RULE,proposal,63,484,25.499999999999996,0,200,648,36,121,30.129761904761907,164,0,0,21,344,0,0,0,,,,,,,,0.12749999999999997,0.0,0.13016528925619836,3.24,0.18371806039488967,NOT_GENERATED,37,52,99
musique,GB,G0,RULE,two,98,484,40.91666666666667,2,200,1099,25,203,33.84069264069265,175,0,0,27,315,0,0,0,,,,,,,,0.20458333333333337,0.01,0.2024793388429752,5.495,0.19337538651824374,NOT_GENERATED,,,
musique,GB,G1,COUNT_MATCHED_DENSE,final,400,484,167.91666666666666,130,200,4000,0,1063,53.14999999999998,200,9,13,15,1,155,361,361,383,383,152,535,372,63,18,0.8395833333333332,0.65,0.8264462809917356,20.0,0.2657499999999999,NOT_GENERATED,,,
musique,GB,G1,COUNT_MATCHED_DENSE,proposal,84,484,32.91666666666666,3,200,684,20,104,25.490476190476187,180,58,37,17,319,180,588,552,,,,,,,,0.16458333333333328,0.015,0.17355371900826447,3.42,0.14161375661375658,NOT_GENERATED,,,
musique,GB,G1,RULE,final,407,484,170.5,133,200,4000,0,1081,54.04999999999999,200,3,0,22,1,34,66,66,383,383,152,535,372,63,18,0.8525,0.665,0.8409090909090909,20.0,0.27024999999999993,NOT_GENERATED,16,9,3650
musique,GB,G1,RULE,pre,206,484,82.83333333333336,22,200,4295,8,536,25.961877236725762,192,28,0,68,248,154,1225,0,,,,,,,,0.4141666666666668,0.11,0.4256198347107438,21.475,0.13521811060794667,NOT_GENERATED,,,
musique,GB,G1,RULE,proposal,69,484,28.083333333333332,0,200,684,20,136,33.35595238095238,180,6,0,24,341,39,75,39,,,,,,,,0.14041666666666666,0.0,0.14256198347107438,3.42,0.18531084656084656,NOT_GENERATED,40,55,102
musique,GB,G1,RULE,two,105,484,43.833333333333336,3,200,1191,8,221,35.77362914862916,192,7,0,30,311,45,155,63,,,,,,,,0.21916666666666668,0.015,0.21694214876033058,5.955,0.18632098514911022,NOT_GENERATED,,,
musique,GB,G2,COUNT_MATCHED_DENSE,final,398,484,166.91666666666666,128,200,4000,0,1061,53.04999999999998,200,8,14,14,2,141,323,323,353,353,147,500,327,0,0,0.8345833333333332,0.64,0.8223140495867769,20.0,0.26524999999999993,NOT_GENERATED,,,
musique,GB,G2,COUNT_MATCHED_DENSE,proposal,78,484,30.083333333333325,3,200,648,36,98,23.00873015873016,164,52,37,15,323,163,549,549,,,,,,,,0.15041666666666662,0.015,0.16115702479338842,3.24,0.1402971351142083,NOT_GENERATED,,,
musique,GB,G2,RULE,final,404,484,169.25,130,200,4000,0,1074,53.699999999999996,200,0,0,19,1,0,0,0,353,353,147,500,327,0,0,0.84625,0.65,0.8347107438016529,20.0,0.26849999999999996,NOT_GENERATED,14,8,3677
musique,GB,G2,RULE,pre,178,484,71.75,17,200,3070,25,432,28.41291574603581,175,0,0,54,262,0,0,0,,,,,,,,0.35875,0.085,0.3677685950413223,15.35,0.16235951854877606,NOT_GENERATED,,,
musique,GB,G2,RULE,proposal,63,484,25.499999999999996,0,200,648,36,121,30.129761904761907,164,0,0,21,344,0,0,0,,,,,,,,0.12749999999999997,0.0,0.13016528925619836,3.24,0.18371806039488967,NOT_GENERATED,37,52,99
musique,GB,G2,RULE,two,98,484,40.91666666666667,2,200,1099,25,203,33.84069264069265,175,0,0,27,315,0,0,0,,,,,,,,0.20458333333333337,0.01,0.2024793388429752,5.495,0.19337538651824374,NOT_GENERATED,,,
musique,GB,G3,COUNT_MATCHED_DENSE,final,400,484,167.91666666666666,130,200,4000,0,1063,53.14999999999998,200,9,13,15,1,155,361,361,383,383,152,535,372,63,18,0.8395833333333332,0.65,0.8264462809917356,20.0,0.2657499999999999,NOT_GENERATED,,,
musique,GB,G3,COUNT_MATCHED_DENSE,proposal,84,484,32.91666666666666,3,200,684,20,104,25.490476190476187,180,58,37,17,319,180,588,552,,,,,,,,0.16458333333333328,0.015,0.17355371900826447,3.42,0.14161375661375658,NOT_GENERATED,,,
musique,GB,G3,RULE,final,407,484,170.5,133,200,4000,0,1081,54.04999999999999,200,3,0,22,1,34,66,66,383,383,152,535,372,63,18,0.8525,0.665,0.8409090909090909,20.0,0.27024999999999993,NOT_GENERATED,16,9,3650
musique,GB,G3,RULE,pre,206,484,82.83333333333336,22,200,4302,8,536,25.961877236725762,192,28,0,68,248,154,1232,0,,,,,,,,0.4141666666666668,0.11,0.4256198347107438,21.51,0.13521811060794667,NOT_GENERATED,,,
musique,GB,G3,RULE,proposal,69,484,28.083333333333332,0,200,684,20,136,33.35595238095238,180,6,0,24,341,39,75,39,,,,,,,,0.14041666666666666,0.0,0.14256198347107438,3.42,0.18531084656084656,NOT_GENERATED,40,55,102
musique,GB,G3,RULE,two,105,484,43.833333333333336,3,200,1191,8,221,35.77362914862916,192,7,0,30,311,45,155,63,,,,,,,,0.21916666666666668,0.015,0.21694214876033058,5.955,0.18632098514911022,NOT_GENERATED,,,
musique,GB,G4,COUNT_MATCHED_DENSE,final,400,484,167.91666666666666,130,200,4000,0,1063,53.14999999999998,200,9,13,15,1,155,361,361,383,383,152,535,372,63,18,0.8395833333333332,0.65,0.8264462809917356,20.0,0.2657499999999999,NOT_GENERATED,,,
musique,GB,G4,COUNT_MATCHED_DENSE,proposal,84,484,32.91666666666666,3,200,684,20,104,25.490476190476187,180,58,37,17,319,180,588,552,,,,,,,,0.16458333333333328,0.015,0.17355371900826447,3.42,0.14161375661375658,NOT_GENERATED,,,
musique,GB,G4,RULE,final,407,484,170.5,133,200,4000,0,1081,54.04999999999999,200,3,0,22,1,34,66,66,383,383,152,535,372,63,18,0.8525,0.665,0.8409090909090909,20.0,0.27024999999999993,NOT_GENERATED,16,9,3650
musique,GB,G4,RULE,pre,212,484,85.08333333333336,24,200,4607,8,554,24.95625532843101,192,34,0,69,243,162,1537,0,,,,,,,,0.4254166666666668,0.12,0.4380165289256198,23.035,0.12998049650224483,NOT_GENERATED,,,
musique,GB,G4,RULE,proposal,69,484,28.083333333333332,0,200,684,20,136,33.35595238095238,180,6,0,24,341,39,75,39,,,,,,,,0.14041666666666666,0.0,0.14256198347107438,3.42,0.18531084656084656,NOT_GENERATED,40,55,102
musique,GB,G4,RULE,two,105,484,43.833333333333336,3,200,1191,8,221,35.77362914862916,192,7,0,30,311,45,155,63,,,,,,,,0.21916666666666668,0.015,0.21694214876033058,5.955,0.18632098514911022,NOT_GENERATED,,,
musique,GB,G5,COUNT_MATCHED_DENSE,final,399,484,167.41666666666666,129,200,4000,0,1060,52.99999999999998,200,9,14,15,2,162,389,389,412,412,161,573,398,89,18,0.8370833333333333,0.645,0.8243801652892562,20.0,0.2649999999999999,NOT_GENERATED,,,
musique,GB,G5,COUNT_MATCHED_DENSE,proposal,85,484,33.416666666666664,3,200,743,12,105,24.799999999999997,188,59,37,17,318,188,646,551,,,,,,,,0.16708333333333333,0.015,0.1756198347107438,3.715,0.13191489361702127,NOT_GENERATED,,,
musique,GB,G5,RULE,final,406,484,170.0,132,200,4000,0,1077,53.84999999999999,200,3,1,22,2,47,97,97,412,412,161,573,398,89,18,0.85,0.66,0.8388429752066116,20.0,0.26924999999999993,NOT_GENERATED,16,9,3623
musique,GB,G5,RULE,pre,336,484,136.4166666666667,81,200,9632,1,908,18.939375116123784,199,158,0,89,139,199,6562,0,,,,,,,,0.6820833333333336,0.405,0.6942148760330579,48.16,0.09517273927700394,NOT_GENERATED,,,
musique,GB,G5,RULE,proposal,70,484,28.583333333333332,0,200,743,12,137,32.58214285714286,188,7,0,24,340,53,134,39,,,,,,,,0.14291666666666666,0.0,0.1446280991735537,3.715,0.17330927051671735,NOT_GENERATED,41,56,107
musique,GB,G5,RULE,two,109,484,45.83333333333333,3,200,1276,1,226,36.030375180375195,199,11,0,31,308,59,240,63,,,,,,,,0.22916666666666663,0.015,0.22520661157024793,6.38,0.18105716171042813,NOT_GENERATED,,,
musique,KMeans,G0,COUNT_MATCHED_DENSE,final,392,484,164.83333333333334,124,200,4000,0,1051,52.54999999999998,200,8,14,10,4,137,345,345,363,363,130,493,301,0,0,0.8241666666666667,0.62,0.8099173553719008,20.0,0.26274999999999993,NOT_GENERATED,,,
musique,KMeans,G0,COUNT_MATCHED_DENSE,proposal,87,484,32.5,5,200,698,45,116,24.14491341991342,155,61,40,18,317,152,608,608,,,,,,,,0.1625,0.025,0.1797520661157025,3.49,0.15577363496718336,NOT_GENERATED,,,
musique,KMeans,G0,RULE,final,398,484,167.00000000000003,125,200,4000,0,1072,53.59999999999999,200,0,0,16,4,0,0,0,363,363,130,493,301,0,0,0.8350000000000002,0.625,0.8223140495867769,20.0,0.26799999999999996,NOT_GENERATED,14,8,3655
musique,KMeans,G0,RULE,pre,126,484,49.83333333333332,5,200,2820,34,377,25.116672186256412,166,0,0,37,297,0,0,0,,,,,,,,0.24916666666666662,0.025,0.2603305785123967,14.1,0.15130525413407478,NOT_GENERATED,,,
musique,KMeans,G0,RULE,proposal,66,484,26.333333333333332,2,200,698,45,139,31.07012987012986,155,0,0,20,340,0,0,0,,,,,,,,0.13166666666666665,0.01,0.13636363636363635,3.49,0.20045245077503135,NOT_GENERATED,40,61,90
musique,KMeans,G0,RULE,two,85,484,34.08333333333333,2,200,1141,34,225,32.86374181374181,166,0,0,27,328,0,0,0,,,,,,,,0.17041666666666663,0.01,0.1756198347107438,5.705,0.19797434827555307,NOT_GENERATED,,,
musique,KMeans,G1,COUNT_MATCHED_DENSE,final,394,484,165.66666666666666,125,200,4000,0,1052,52.59999999999998,200,10,14,10,2,158,386,386,395,395,129,524,367,88,22,0.8283333333333333,0.625,0.8140495867768595,20.0,0.2629999999999999,NOT_GENERATED,,,
musique,KMeans,G1,COUNT_MATCHED_DENSE,proposal,82,484,30.166666666666668,4,200,713,26,110,24.04011544011544,174,58,42,17,321,174,627,612,,,,,,,,0.15083333333333335,0.02,0.16942148760330578,3.565,0.1381615829891692,NOT_GENERATED,,,
musique,KMeans,G1,RULE,final,401,484,168.33333333333334,127,200,4000,0,1080,53.999999999999986,200,3,0,17,2,46,83,83,395,395,129,524,367,88,22,0.8416666666666667,0.635,0.8285123966942148,20.0,0.2699999999999999,NOT_GENERATED,15,8,3624
musique,KMeans,G1,RULE,pre,152,484,59.833333333333336,7,200,3915,11,462,22.632690764728817,189,26,0,50,284,153,1095,0,,,,,,,,0.2991666666666667,0.035,0.3140495867768595,19.575,0.11974968658586675,NOT_GENERATED,,,
musique,KMeans,G1,RULE,proposal,68,484,27.25,2,200,713,26,146,32.44296536796536,174,4,2,21,339,49,79,64,,,,,,,,0.13625,0.01,0.14049586776859505,3.565,0.1864538239538239,NOT_GENERATED,43,57,89
musique,KMeans,G1,RULE,two,88,484,35.5,2,200,1214,11,235,34.11107226107225,189,5,2,28,326,65,167,94,,,,,,,,0.1775,0.01,0.18181818181818182,6.07,0.1804818638151971,NOT_GENERATED,,,
musique,KMeans,G2,COUNT_MATCHED_DENSE,final,392,484,164.83333333333334,124,200,4000,0,1051,52.54999999999998,200,8,14,10,4,137,345,345,363,363,130,493,301,0,0,0.8241666666666667,0.62,0.8099173553719008,20.0,0.26274999999999993,NOT_GENERATED,,,
musique,KMeans,G2,COUNT_MATCHED_DENSE,proposal,87,484,32.5,5,200,698,45,116,24.14491341991342,155,61,40,18,317,152,608,608,,,,,,,,0.1625,0.025,0.1797520661157025,3.49,0.15577363496718336,NOT_GENERATED,,,
musique,KMeans,G2,RULE,final,398,484,167.00000000000003,125,200,4000,0,1072,53.59999999999999,200,0,0,16,4,0,0,0,363,363,130,493,301,0,0,0.8350000000000002,0.625,0.8223140495867769,20.0,0.26799999999999996,NOT_GENERATED,14,8,3655
musique,KMeans,G2,RULE,pre,126,484,49.83333333333332,5,200,2820,34,377,25.116672186256412,166,0,0,37,297,0,0,0,,,,,,,,0.24916666666666662,0.025,0.2603305785123967,14.1,0.15130525413407478,NOT_GENERATED,,,
musique,KMeans,G2,RULE,proposal,66,484,26.333333333333332,2,200,698,45,139,31.07012987012986,155,0,0,20,340,0,0,0,,,,,,,,0.13166666666666665,0.01,0.13636363636363635,3.49,0.20045245077503135,NOT_GENERATED,40,61,90
musique,KMeans,G2,RULE,two,85,484,34.08333333333333,2,200,1141,34,225,32.86374181374181,166,0,0,27,328,0,0,0,,,,,,,,0.17041666666666663,0.01,0.1756198347107438,5.705,0.19797434827555307,NOT_GENERATED,,,
musique,KMeans,G3,COUNT_MATCHED_DENSE,final,394,484,165.66666666666666,125,200,4000,0,1052,52.59999999999998,200,10,14,10,2,158,386,386,395,395,129,524,367,88,22,0.8283333333333333,0.625,0.8140495867768595,20.0,0.2629999999999999,NOT_GENERATED,,,
musique,KMeans,G3,COUNT_MATCHED_DENSE,proposal,82,484,30.166666666666668,4,200,713,26,110,24.04011544011544,174,58,42,17,321,174,627,612,,,,,,,,0.15083333333333335,0.02,0.16942148760330578,3.565,0.1381615829891692,NOT_GENERATED,,,
musique,KMeans,G3,RULE,final,401,484,168.33333333333334,127,200,4000,0,1080,53.999999999999986,200,3,0,17,2,46,83,83,395,395,129,524,367,88,22,0.8416666666666667,0.635,0.8285123966942148,20.0,0.2699999999999999,NOT_GENERATED,15,8,3624
musique,KMeans,G3,RULE,pre,152,484,59.833333333333336,7,200,3915,11,462,22.632690764728817,189,26,0,50,284,153,1095,0,,,,,,,,0.2991666666666667,0.035,0.3140495867768595,19.575,0.11974968658586675,NOT_GENERATED,,,
musique,KMeans,G3,RULE,proposal,68,484,27.25,2,200,713,26,146,32.44296536796536,174,4,2,21,339,49,79,64,,,,,,,,0.13625,0.01,0.14049586776859505,3.565,0.1864538239538239,NOT_GENERATED,43,57,89
musique,KMeans,G3,RULE,two,88,484,35.5,2,200,1214,11,235,34.11107226107225,189,5,2,28,326,65,167,94,,,,,,,,0.1775,0.01,0.18181818181818182,6.07,0.1804818638151971,NOT_GENERATED,,,
musique,KMeans,G4,COUNT_MATCHED_DENSE,final,394,484,165.66666666666666,125,200,4000,0,1051,52.54999999999998,200,10,14,10,2,159,389,389,396,396,130,526,368,92,25,0.8283333333333333,0.625,0.8140495867768595,20.0,0.26274999999999993,NOT_GENERATED,,,
musique,KMeans,G4,COUNT_MATCHED_DENSE,proposal,82,484,30.166666666666668,4,200,728,25,111,23.904004329004326,175,58,42,17,321,175,642,612,,,,,,,,0.15083333333333335,0.02,0.16942148760330578,3.64,0.1365943104514533,NOT_GENERATED,,,
musique,KMeans,G4,RULE,final,401,484,168.33333333333334,127,200,4000,0,1080,53.999999999999986,200,3,0,17,2,49,95,95,396,396,130,526,368,92,25,0.8416666666666667,0.635,0.8285123966942148,20.0,0.2699999999999999,NOT_GENERATED,15,8,3626
musique,KMeans,G4,RULE,pre,159,484,62.583333333333336,8,200,4326,10,490,22.17988823449342,190,33,0,53,280,161,1506,0,,,,,,,,0.3129166666666667,0.04,0.3285123966942149,21.63,0.11673625386575484,NOT_GENERATED,,,
musique,KMeans,G4,RULE,proposal,68,484,27.25,2,200,728,25,146,32.40725108225107,175,4,2,21,339,52,100,70,,,,,,,,0.13625,0.01,0.14049586776859505,3.64,0.18518429189857755,NOT_GENERATED,43,57,94
musique,KMeans,G4,RULE,two,88,484,35.5,2,200,1248,10,235,33.896786546786544,190,5,2,28,326,69,213,106,,,,,,,,0.1775,0.01,0.18181818181818182,6.24,0.1784041397199292,NOT_GENERATED,,,
musique,KMeans,G5,COUNT_MATCHED_DENSE,final,393,484,165.16666666666666,124,200,4000,0,1048,52.39999999999998,200,11,16,11,4,168,424,424,431,431,141,572,398,122,25,0.8258333333333333,0.62,0.8119834710743802,20.0,0.2619999999999999,NOT_GENERATED,,,
musique,KMeans,G5,COUNT_MATCHED_DENSE,proposal,85,484,31.666666666666664,4,200,794,16,114,24.945670995670998,184,61,42,18,319,184,708,612,,,,,,,,0.15833333333333333,0.02,0.1756198347107438,3.97,0.1355742988895163,NOT_GENERATED,,,
musique,KMeans,G5,RULE,final,401,484,168.08333333333334,126,200,4000,0,1079,53.949999999999996,200,4,1,18,3,61,130,130,431,431,141,572,398,122,25,0.8404166666666667,0.63,0.8285123966942148,20.0,0.26975,NOT_GENERATED,17,9,3592
musique,KMeans,G5,RULE,pre,273,484,109.16666666666667,48,200,10116,0,887,17.32979915928242,200,147,0,82,195,199,7296,0,,,,,,,,0.5458333333333334,0.24,0.5640495867768595,50.58,0.0866489957964121,NOT_GENERATED,,,
musique,KMeans,G5,RULE,proposal,72,484,28.833333333333332,2,200,794,16,152,32.65725108225107,184,8,2,22,336,65,166,70,,,,,,,,0.14416666666666667,0.01,0.1487603305785124,3.97,0.1774850602296254,NOT_GENERATED,47,60,99
musique,KMeans,G5,RULE,two,92,484,37.08333333333333,2,200,1353,0,246,34.53250083250083,200,9,2,29,323,84,318,106,,,,,,,,0.18541666666666665,0.01,0.19008264462809918,6.765,0.17266250416250414,NOT_GENERATED,,,
musique,NONE,REFERENCE,Dense20,reference,386,484,163.08333333333334,121,200,4000,0,,,,,,,,,,,,,,,,,,0.8154166666666667,0.605,0.7975206611570248,20.0,NA,NOT_GENERATED,,,
musique,NONE,REFERENCE,Dense40,reference,438,484,182.5,159,200,7987,0,,,,,,,,,,,,,,,,,,0.9125,0.795,0.9049586776859504,39.935,NA,NOT_GENERATED,,,
musique,NONE,REFERENCE,F,reference,299,484,118.50000000000001,67,200,8409,3,,,,,,,,,,,,,,,,,,0.5925,0.335,0.6177685950413223,42.045,NA,NOT_GENERATED,,,
