seed,method,tag,queries,f1,em,coverage,complete,tokens,blocks,input_tokens,output_tokens,reader_seconds,cache_hits,format_failures
1729,DeepSets-aligned,hotpot,64,0.61359418767507,0.53125,0.8671875,0.734375,733.953125,4.734375,733.953125,9.25,0.8698221937503945,17,0
1729,DeepSets-aligned,musique,64,0.20441337719298244,0.171875,0.515625,0.203125,652.828125,4.125,652.828125,9.890625,0.8321750499998473,9,0
1729,Dense,hotpot,64,0.6323937908496732,0.53125,0.9036458333333334,0.8125,1009.0625,7.0625,1009.0625,10.0625,1.3766509953115929,64,0
1729,Dense,musique,64,0.17864583333333334,0.140625,0.515625,0.1875,1010.65625,6.828125,1010.65625,9.90625,1.1032468843750394,64,0
1729,H1-aligned,hotpot,64,0.6414959733893557,0.53125,0.859375,0.71875,683.609375,4.46875,683.609375,9.5625,0.8938092843753225,15,0
1729,H1-aligned,musique,64,0.17142726608187137,0.140625,0.5325520833333333,0.234375,708.734375,4.4375,708.734375,9.953125,0.8554270249997558,1,0
1729,H2-aligned,hotpot,64,0.6188025210084033,0.546875,0.84375,0.6875,821.484375,5.75,821.484375,9.328125,0.8846046515625972,1,0
1729,H2-aligned,musique,64,0.19269462719298247,0.15625,0.4895833333333333,0.1875,757.9375,5.3125,757.9375,9.640625,0.8630349578125163,0,0
1729,H4-aligned,hotpot,64,0.5901566876750701,0.46875,0.8333333333333333,0.6875,869.953125,5.953125,869.953125,9.484375,0.9139886328125328,1,0
1729,H4-aligned,musique,64,0.16302083333333334,0.125,0.52734375,0.203125,814.46875,5.453125,814.46875,9.65625,0.8795190937498489,1,0
1729,H4-replay,hotpot,64,0.649234068627451,0.5625,0.84375,0.6875,888.453125,5.9375,888.453125,9.515625,0.9963764468748479,17,0
1729,H4-replay,musique,64,0.16004464285714284,0.109375,0.4856770833333333,0.171875,913.25,5.875,913.25,9.71875,0.9394238828130597,7,0
1729,MMR,hotpot,64,0.6614736519607843,0.5625,0.8619791666666667,0.734375,1008.84375,7.125,1008.84375,9.71875,1.3296264140617495,64,0
1729,MMR,musique,64,0.19910714285714287,0.171875,0.54296875,0.21875,1005.828125,7.375,1005.828125,10.515625,1.1213388125024721,64,0
1729,v5-H4,hotpot,64,0.6341299019607842,0.5625,0.8359375,0.671875,898.796875,5.9375,898.796875,9.640625,1.2893546546879406,64,0
1729,v5-H4,musique,64,0.20208333333333334,0.15625,0.4856770833333333,0.1875,934.921875,5.875,934.921875,9.734375,1.0448446265609164,64,0
2026,DeepSets-aligned,hotpot,64,0.5777062908496733,0.5,0.859375,0.71875,737.453125,5.140625,737.453125,9.5,0.9383224687499876,28,0
2026,DeepSets-aligned,musique,64,0.1265625,0.109375,0.48697916666666663,0.15625,590.328125,4.3125,590.328125,9.59375,0.7956444578125286,14,0
2026,H1-aligned,hotpot,64,0.6289091678338001,0.53125,0.84375,0.6875,680.96875,4.640625,680.96875,9.5625,0.9293215125000813,32,0
2026,H1-aligned,musique,64,0.19622885338345863,0.171875,0.4973958333333333,0.1875,678.140625,4.671875,678.140625,9.5,0.8158565359372574,14,0
2026,H2-aligned,hotpot,64,0.6481924019607843,0.5625,0.8411458333333334,0.6875,765.4375,5.671875,765.4375,9.5,0.9300766562500371,6,0
2026,H2-aligned,musique,64,0.18645833333333334,0.15625,0.453125,0.15625,760.8125,5.453125,760.8125,9.6875,0.8729525484374676,2,0
2026,H4-aligned,hotpot,64,0.6083858543417368,0.515625,0.8671875,0.734375,847.328125,5.640625,847.328125,9.59375,0.94704912343758,7,0
2026,H4-aligned,musique,64,0.1578125,0.140625,0.46875,0.15625,833.921875,5.453125,833.921875,9.484375,0.8841092562502126,2,0
