evidence_family,contrast,delta_answer_f1,ci95_lower,ci95_upper,status,evidence_role
Compact / HotpotQA,Full − Dense (Stage4E),0.014779758952329285,0.0002025386860936729,0.029882683915792907,SUPPORTED,CONFIRMATION
Compact / MuSiQue,Full − Dense (Stage4F),0.011401426011948454,0.004495336102426787,0.01835157947488784,SUPPORTED,CONFIRMATION
Generator transfer,Full − Dense (Gemma),0.005163964536727919,-0.0026229990302156785,0.012950454307054302,INCONCLUSIVE,CONFIRMATION
Compact / joint,Full − Dense (Stage4H),0.013568502134698303,0.004914009111820089,0.022325349137863187,SUPPORTED,CONFIRMATION
Strong baseline,Full − BGE,-0.03997911063667102,-0.05393311667777282,-0.026211352078037622,NEGATIVE,CONFIRMATION
Compact component,Full − NoFacet,0.013357917602763414,0.00340838044254275,0.02342573799950633,SUPPORTED,CONFIRMATION
Compact protection,Full − NoProtection,0.0035400399583050907,-0.006745598437691575,0.013893057862104112,INCONCLUSIVE,CONFIRMATION
Cross-space sidecar,Protected − BGE,-0.002563487034017898,-0.009981696740290903,0.0045765019549832385,INCONCLUSIVE,CONFIRMATION
Cross-space placement,Protected − Unprotected,0.011222464550536135,0.0012860023909922955,0.02104337340730401,SUPPORTED,CONFIRMATION
Cross-space facet,Protected − NoFacet,-0.007431143894698319,-0.01616085411047949,0.0013248250233646012,INCONCLUSIVE,CONFIRMATION
BGE-native,Protected − BGE,-0.0030458201219070785,-0.006879831388418345,0.0006312558576688999,INCONCLUSIVE,CONFIRMATION
BGE-native placement,Protected − Unprotected,0.003367058043988329,-0.0012851527336356795,0.008025643021968454,INCONCLUSIVE,CONFIRMATION
BGE-native facet,Protected − NoFacet,0.0006309544782878872,-0.0042201766774451,0.005364560771923123,INCONCLUSIVE,CONFIRMATION
