dataset,row_category,column_category,query_percent
hotpotqa_train_distractor_v1_1,0,0,34.0
musique_ans_v1_0_train,0,0,14.8
DATASET_EQUAL_WEIGHT,0,0,24.4
hotpotqa_train_distractor_v1_1,0,1,0.0
musique_ans_v1_0_train,0,1,0.0
DATASET_EQUAL_WEIGHT,0,1,0.0
hotpotqa_train_distractor_v1_1,0,2,0.0
musique_ans_v1_0_train,0,2,0.0
DATASET_EQUAL_WEIGHT,0,2,0.0
hotpotqa_train_distractor_v1_1,0,3,0.0
musique_ans_v1_0_train,0,3,0.0
DATASET_EQUAL_WEIGHT,0,3,0.0
hotpotqa_train_distractor_v1_1,0,4,0.0
musique_ans_v1_0_train,0,4,0.0
DATASET_EQUAL_WEIGHT,0,4,0.0
hotpotqa_train_distractor_v1_1,1,0,2.2
musique_ans_v1_0_train,1,0,2.7333333333333334
DATASET_EQUAL_WEIGHT,1,0,2.466666666666667
hotpotqa_train_distractor_v1_1,1,1,4.4
musique_ans_v1_0_train,1,1,2.8666666666666667
DATASET_EQUAL_WEIGHT,1,1,3.6333333333333337
hotpotqa_train_distractor_v1_1,1,2,4.5
musique_ans_v1_0_train,1,2,3.933333333333333
DATASET_EQUAL_WEIGHT,1,2,4.216666666666667
hotpotqa_train_distractor_v1_1,1,3,3.3
musique_ans_v1_0_train,1,3,2.466666666666667
DATASET_EQUAL_WEIGHT,1,3,2.8833333333333333
hotpotqa_train_distractor_v1_1,1,4,2.5
musique_ans_v1_0_train,1,4,1.8666666666666667
DATASET_EQUAL_WEIGHT,1,4,2.1833333333333336
hotpotqa_train_distractor_v1_1,2,0,2.0
musique_ans_v1_0_train,2,0,5.6
DATASET_EQUAL_WEIGHT,2,0,3.8
hotpotqa_train_distractor_v1_1,2,1,3.6
musique_ans_v1_0_train,2,1,7.266666666666667
DATASET_EQUAL_WEIGHT,2,1,5.433333333333334
hotpotqa_train_distractor_v1_1,2,2,6.7
musique_ans_v1_0_train,2,2,9.533333333333333
DATASET_EQUAL_WEIGHT,2,2,8.116666666666667
hotpotqa_train_distractor_v1_1,2,3,10.0
musique_ans_v1_0_train,2,3,12.2
DATASET_EQUAL_WEIGHT,2,3,11.1
hotpotqa_train_distractor_v1_1,2,4,26.8
musique_ans_v1_0_train,2,4,36.733333333333334
DATASET_EQUAL_WEIGHT,2,4,31.766666666666666
hotpotqa_train_distractor_v1_1,3+,0,0.0
musique_ans_v1_0_train,3+,0,0.0
DATASET_EQUAL_WEIGHT,3+,0,0.0
hotpotqa_train_distractor_v1_1,3+,1,0.0
musique_ans_v1_0_train,3+,1,0.0
DATASET_EQUAL_WEIGHT,3+,1,0.0
hotpotqa_train_distractor_v1_1,3+,2,0.0
musique_ans_v1_0_train,3+,2,0.0
DATASET_EQUAL_WEIGHT,3+,2,0.0
hotpotqa_train_distractor_v1_1,3+,3,0.0
musique_ans_v1_0_train,3+,3,0.0
DATASET_EQUAL_WEIGHT,3+,3,0.0
hotpotqa_train_distractor_v1_1,3+,4,0.0
musique_ans_v1_0_train,3+,4,0.0
DATASET_EQUAL_WEIGHT,3+,4,0.0
