stage,dataset,query_id,method,prediction,reason,legacy_em,legacy_f1,canonical_em,canonical_f1
5A_development,hotpotqa_train_distractor_v1_1,hotpotqa_train_distractor_v1_1::5a839c645542990548d0b1ff,BGE_TOP20,"Yes, both Phil Mogg and Dave Peters are musicians.",special_yes_no_noanswer,0.0,0.19999999999999998,0.0,0.0
5A_development,hotpotqa_train_distractor_v1_1,hotpotqa_train_distractor_v1_1::5a839c645542990548d0b1ff,BNH_C01_PROTECTED_TOP20,"Yes, both Phil Mogg and Dave Peters are musicians.",special_yes_no_noanswer,0.0,0.19999999999999998,0.0,0.0
5A_development,hotpotqa_train_distractor_v1_1,hotpotqa_train_distractor_v1_1::5a839c645542990548d0b1ff,BNH_C02_PROTECTED_TOP20,"Yes, both Phil Mogg and Dave Peters are musicians.",special_yes_no_noanswer,0.0,0.19999999999999998,0.0,0.0
5A_development,hotpotqa_train_distractor_v1_1,hotpotqa_train_distractor_v1_1::5a839c645542990548d0b1ff,BNH_C03_PROTECTED_TOP20,"Yes, both Phil Mogg and Dave Peters are musicians.",special_yes_no_noanswer,0.0,0.19999999999999998,0.0,0.0
5A_development,hotpotqa_train_distractor_v1_1,hotpotqa_train_distractor_v1_1::5a839c645542990548d0b1ff,BNH_C04_PROTECTED_TOP20,"Yes, both Phil Mogg and Dave Peters are musicians.",special_yes_no_noanswer,0.0,0.19999999999999998,0.0,0.0
5A_development,hotpotqa_train_distractor_v1_1,hotpotqa_train_distractor_v1_1::5a839c645542990548d0b1ff,BNH_C05_PROTECTED_TOP20,"Yes, both Phil Mogg and Dave Peters are musicians.",special_yes_no_noanswer,0.0,0.19999999999999998,0.0,0.0
5A_development,hotpotqa_train_distractor_v1_1,hotpotqa_train_distractor_v1_1::5a839c645542990548d0b1ff,BNH_C06_PROTECTED_TOP20,"Yes, both Phil Mogg and Dave Peters are musicians.",special_yes_no_noanswer,0.0,0.19999999999999998,0.0,0.0
5A_development,hotpotqa_train_distractor_v1_1,hotpotqa_train_distractor_v1_1::5a839c645542990548d0b1ff,BNH_C07_PROTECTED_TOP20,"Yes, both Phil Mogg and Dave Peters are musicians.",special_yes_no_noanswer,0.0,0.19999999999999998,0.0,0.0
5A_development,hotpotqa_train_distractor_v1_1,hotpotqa_train_distractor_v1_1::5a839c645542990548d0b1ff,BNH_C08_PROTECTED_TOP20,"Yes, both Phil Mogg and Dave Peters are musicians.",special_yes_no_noanswer,0.0,0.19999999999999998,0.0,0.0
5A_development,hotpotqa_train_distractor_v1_1,hotpotqa_train_distractor_v1_1::5a839c645542990548d0b1ff,BNH_C09_PROTECTED_TOP20,"Yes, both Phil Mogg and Dave Peters are musicians.",special_yes_no_noanswer,0.0,0.19999999999999998,0.0,0.0
5A_development,hotpotqa_train_distractor_v1_1,hotpotqa_train_distractor_v1_1::5a839c645542990548d0b1ff,BNH_C10_PROTECTED_TOP20,"Yes, both Phil Mogg and Dave Peters are musicians.",special_yes_no_noanswer,0.0,0.19999999999999998,0.0,0.0
5A_development,hotpotqa_train_distractor_v1_1,hotpotqa_train_distractor_v1_1::5a839c645542990548d0b1ff,BNH_C11_PROTECTED_TOP20,"Yes, both Phil Mogg and Dave Peters are musicians.",special_yes_no_noanswer,0.0,0.19999999999999998,0.0,0.0
5A_development,hotpotqa_train_distractor_v1_1,hotpotqa_train_distractor_v1_1::5a839c645542990548d0b1ff,BNH_C12_PROTECTED_TOP20,"Yes, both Phil Mogg and Dave Peters are musicians.",special_yes_no_noanswer,0.0,0.19999999999999998,0.0,0.0
5A_development,hotpotqa_train_distractor_v1_1,hotpotqa_train_distractor_v1_1::5a839c645542990548d0b1ff,BNH_C13_PROTECTED_TOP20,"Yes, both Phil Mogg and Dave Peters are musicians.",special_yes_no_noanswer,0.0,0.19999999999999998,0.0,0.0
5A_development,hotpotqa_train_distractor_v1_1,hotpotqa_train_distractor_v1_1::5a839c645542990548d0b1ff,BNH_C14_PROTECTED_TOP20,"Yes, both Phil Mogg and Dave Peters are musicians.",special_yes_no_noanswer,0.0,0.19999999999999998,0.0,0.0
5A_development,hotpotqa_train_distractor_v1_1,hotpotqa_train_distractor_v1_1::5a839c645542990548d0b1ff,BNH_C15_PROTECTED_TOP20,"Yes, both Phil Mogg and Dave Peters are musicians.",special_yes_no_noanswer,0.0,0.19999999999999998,0.0,0.0
5A_development,hotpotqa_train_distractor_v1_1,hotpotqa_train_distractor_v1_1::5a839c645542990548d0b1ff,BNH_C16_PROTECTED_TOP20,"Yes, both Phil Mogg and Dave Peters are musicians.",special_yes_no_noanswer,0.0,0.19999999999999998,0.0,0.0
