stage,dataset,method,n,affected,special_affected,empty_affected,alias_improved_rows,empty_normalized_prediction_rows,empty_normalized_reference_rows,multiple_reference_rows,legacy_em,legacy_f1,canonical_em,canonical_f1
4E,hotpotqa_train_distractor_v1_1,DENSE_TOP20,1000,0,0,0,0,0,0,0,0.356,0.42149791071202763,0.356,0.42149791071202763
4E,hotpotqa_train_distractor_v1_1,STATIC_Q25_TOP20,1000,0,0,0,0,0,0,0,0.366,0.43627766966435694,0.366,0.43627766966435694
4F,musique_ans_v1_0_train,DENSE_TOP20,3000,0,0,0,69,0,9,781,0.10033333333333333,0.13595239981357152,0.10033333333333333,0.13595239981357152
4F,musique_ans_v1_0_train,STATIC_Q25_TOP20,3000,0,0,0,77,0,9,781,0.11033333333333334,0.14735382582551998,0.11033333333333334,0.14735382582551998
4G,hotpotqa_train_distractor_v1_1,DENSE_TOP20,1000,0,0,0,0,10,0,0,0.305,0.34978145162077395,0.305,0.34978145162077395
4G,hotpotqa_train_distractor_v1_1,STATIC_Q25_TOP20,1000,0,0,0,0,15,0,0,0.311,0.3624289163679292,0.311,0.3624289163679292
4G,musique_ans_v1_0_train,DENSE_TOP20,3000,0,0,0,38,40,9,781,0.03333333333333333,0.04476359350116787,0.03333333333333333,0.04476359350116787
4G,musique_ans_v1_0_train,STATIC_Q25_TOP20,3000,0,0,0,37,35,9,781,0.032,0.042444057827468566,0.032,0.042444057827468566
4H,hotpotqa_train_distractor_v1_1,BM25_TOP20,1000,0,0,0,0,0,1,0,0.433,0.49390376119572804,0.433,0.49390376119572804
4H,hotpotqa_train_distractor_v1_1,DENSE_BM25_HYBRID_TOP20,1000,0,0,0,0,0,1,0,0.42,0.4859616966366967,0.42,0.4859616966366967
4H,hotpotqa_train_distractor_v1_1,DENSE_TOP20,1000,0,0,0,0,0,1,0,0.396,0.4558486133431786,0.396,0.4558486133431786
4H,hotpotqa_train_distractor_v1_1,Q25_NO_FACET_HYPEREDGE,1000,0,0,0,0,0,1,0,0.393,0.45175519007136655,0.393,0.45175519007136655
4H,hotpotqa_train_distractor_v1_1,Q25_NO_PROTECTION,1000,0,0,0,0,0,1,0,0.412,0.4698776309921962,0.412,0.4698776309921962
4H,hotpotqa_train_distractor_v1_1,STATIC_Q25_FULL,1000,0,0,0,0,0,1,0,0.412,0.47654472833929357,0.412,0.47654472833929357
4H,hotpotqa_train_distractor_v1_1,STRONG_DENSE_TOP20,1000,0,0,0,0,0,1,0,0.46,0.5224710592293088,0.46,0.5224710592293088
4H,musique_ans_v1_0_train,BM25_TOP20,1500,0,0,0,52,0,6,376,0.114,0.15724751781648802,0.114,0.15724751781648802
4H,musique_ans_v1_0_train,DENSE_BM25_HYBRID_TOP20,1500,0,0,0,38,0,6,376,0.116,0.15650405170951487,0.116,0.15650405170951487
4H,musique_ans_v1_0_train,DENSE_TOP20,1500,0,0,0,45,0,6,376,0.11333333333333333,0.15307289212703007,0.11333333333333333,0.15307289212703007
4H,musique_ans_v1_0_train,Q25_NO_FACET_HYPEREDGE,1500,0,0,0,41,0,6,376,0.116,0.15758748446271184,0.116,0.15758748446271184
4H,musique_ans_v1_0_train,Q25_NO_PROTECTION,1500,0,0,0,45,0,6,376,0.11466666666666667,0.15910079883079883,0.11466666666666667,0.15910079883079883
4H,musique_ans_v1_0_train,STATIC_Q25_FULL,1500,0,0,0,46,0,6,376,0.116,0.15951378140031167,0.116,0.15951378140031167
4H,musique_ans_v1_0_train,STRONG_DENSE_TOP20,1500,0,0,0,52,0,6,376,0.14933333333333335,0.19354567178363838,0.14933333333333335,0.19354567178363838
4I,hotpotqa_train_distractor_v1_1,BGE_HGRAG_NO_FACET_TOP20,1000,0,0,0,0,0,0,0,0.444,0.5236964256320698,0.444,0.5236964256320698
4I,hotpotqa_train_distractor_v1_1,BGE_HGRAG_PROTECTED_TOP20,1000,0,0,0,0,0,0,0,0.438,0.5165459462264179,0.438,0.5165459462264179
4I,hotpotqa_train_distractor_v1_1,BGE_HGRAG_UNPROTECTED_TOP20,1000,0,0,0,0,0,0,0,0.428,0.5072316611307086,0.428,0.5072316611307086
4I,hotpotqa_train_distractor_v1_1,BGE_TOP20,1000,0,0,0,0,0,0,0,0.44,0.5195248866380948,0.44,0.5195248866380948
4I,musique_ans_v1_0_train,BGE_HGRAG_NO_FACET_TOP20,1500,0,0,0,34,0,3,385,0.12333333333333334,0.17206223996734554,0.12333333333333334,0.17206223996734554
4I,musique_ans_v1_0_train,BGE_HGRAG_PROTECTED_TOP20,1500,0,0,0,36,0,3,385,0.11733333333333333,0.16435043158360077,0.11733333333333333,0.16435043158360077
4I,musique_ans_v1_0_train,BGE_HGRAG_UNPROTECTED_TOP20,1500,0,0,0,36,0,3,385,0.10133333333333333,0.15121978757823773,0.10133333333333333,0.15121978757823773
4I,musique_ans_v1_0_train,BGE_TOP20,1500,0,0,0,38,0,3,385,0.12,0.16649846523995956,0.12,0.16649846523995956
5A_development,hotpotqa_train_distractor_v1_1,BGE_TOP20,500,1,1,0,0,0,0,0,0.432,0.5023555000555,0.432,0.5019555000555
5A_development,hotpotqa_train_distractor_v1_1,BNH_C01_PROTECTED_TOP20,500,1,1,0,0,0,0,0,0.434,0.5043555000555001,0.434,0.5039555000555
5A_development,hotpotqa_train_distractor_v1_1,BNH_C02_PROTECTED_TOP20,500,1,1,0,0,0,0,0,0.436,0.5063555000555,0.436,0.5059555000555
5A_development,hotpotqa_train_distractor_v1_1,BNH_C03_PROTECTED_TOP20,500,1,1,0,0,0,0,0,0.432,0.5023555000555,0.432,0.5019555000555
5A_development,hotpotqa_train_distractor_v1_1,BNH_C04_PROTECTED_TOP20,500,1,1,0,0,0,0,0,0.432,0.5023555000555,0.432,0.5019555000555
5A_development,hotpotqa_train_distractor_v1_1,BNH_C05_PROTECTED_TOP20,500,1,1,0,0,0,0,0,0.432,0.5023555000555001,0.432,0.5019555000555
5A_development,hotpotqa_train_distractor_v1_1,BNH_C06_PROTECTED_TOP20,500,1,1,0,0,0,0,0,0.436,0.5063555000555,0.436,0.5059555000555
5A_development,hotpotqa_train_distractor_v1_1,BNH_C07_PROTECTED_TOP20,500,1,1,0,0,0,0,0,0.432,0.5023555000555,0.432,0.5019555000555
5A_development,hotpotqa_train_distractor_v1_1,BNH_C08_PROTECTED_TOP20,500,1,1,0,0,0,0,0,0.432,0.5023555000555,0.432,0.5019555000555
5A_development,hotpotqa_train_distractor_v1_1,BNH_C09_PROTECTED_TOP20,500,1,1,0,0,0,0,0,0.434,0.5043555000555001,0.434,0.5039555000555
5A_development,hotpotqa_train_distractor_v1_1,BNH_C10_PROTECTED_TOP20,500,1,1,0,0,0,0,0,0.436,0.5063555000555,0.436,0.5059555000555
5A_development,hotpotqa_train_distractor_v1_1,BNH_C11_PROTECTED_TOP20,500,1,1,0,0,0,0,0,0.432,0.5023555000555,0.432,0.5019555000555
5A_development,hotpotqa_train_distractor_v1_1,BNH_C12_PROTECTED_TOP20,500,1,1,0,0,0,0,0,0.432,0.5023555000555,0.432,0.5019555000555
5A_development,hotpotqa_train_distractor_v1_1,BNH_C13_PROTECTED_TOP20,500,1,1,0,0,0,0,0,0.434,0.5043555000555001,0.434,0.5039555000555
5A_development,hotpotqa_train_distractor_v1_1,BNH_C14_PROTECTED_TOP20,500,1,1,0,0,0,0,0,0.436,0.5063555000555,0.436,0.5059555000555
5A_development,hotpotqa_train_distractor_v1_1,BNH_C15_PROTECTED_TOP20,500,1,1,0,0,0,0,0,0.432,0.5023555000555,0.432,0.5019555000555
5A_development,hotpotqa_train_distractor_v1_1,BNH_C16_PROTECTED_TOP20,500,1,1,0,0,0,0,0,0.432,0.5023555000555,0.432,0.5019555000555
5A_development,musique_ans_v1_0_train,BGE_TOP20,750,0,0,0,13,0,3,183,0.11733333333333333,0.1549015937411078,0.11733333333333333,0.1549015937411078
5A_development,musique_ans_v1_0_train,BNH_C01_PROTECTED_TOP20,750,0,0,0,13,0,3,183,0.11866666666666667,0.15788947252898658,0.11866666666666667,0.15788947252898658
5A_development,musique_ans_v1_0_train,BNH_C02_PROTECTED_TOP20,750,0,0,0,16,0,3,183,0.12133333333333333,0.16096599339374276,0.12133333333333333,0.16096599339374276
5A_development,musique_ans_v1_0_train,BNH_C03_PROTECTED_TOP20,750,0,0,0,13,0,3,183,0.11733333333333333,0.15556826040777447,0.11733333333333333,0.15556826040777447
5A_development,musique_ans_v1_0_train,BNH_C04_PROTECTED_TOP20,750,0,0,0,13,0,3,183,0.11733333333333333,0.15556826040777447,0.11733333333333333,0.15556826040777447
5A_development,musique_ans_v1_0_train,BNH_C05_PROTECTED_TOP20,750,0,0,0,14,0,3,183,0.12,0.15943135287086693,0.12,0.15943135287086693
5A_development,musique_ans_v1_0_train,BNH_C06_PROTECTED_TOP20,750,0,0,0,15,0,3,183,0.12133333333333333,0.15947579731531136,0.12133333333333333,0.15947579731531136
5A_development,musique_ans_v1_0_train,BNH_C07_PROTECTED_TOP20,750,0,0,0,13,0,3,183,0.11733333333333333,0.15556826040777447,0.11733333333333333,0.15556826040777447
5A_development,musique_ans_v1_0_train,BNH_C08_PROTECTED_TOP20,750,0,0,0,13,0,3,183,0.11733333333333333,0.15556826040777447,0.11733333333333333,0.15556826040777447
5A_development,musique_ans_v1_0_train,BNH_C09_PROTECTED_TOP20,750,0,0,0,14,0,3,183,0.11733333333333333,0.15778846242797648,0.11733333333333333,0.15778846242797648
5A_development,musique_ans_v1_0_train,BNH_C10_PROTECTED_TOP20,750,0,0,0,17,0,3,183,0.11733333333333333,0.15718821561596497,0.11733333333333333,0.15718821561596497
5A_development,musique_ans_v1_0_train,BNH_C11_PROTECTED_TOP20,750,0,0,0,13,0,3,183,0.116,0.15512381596333003,0.116,0.15512381596333003
5A_development,musique_ans_v1_0_train,BNH_C12_PROTECTED_TOP20,750,0,0,0,13,0,3,183,0.116,0.15524502808454213,0.116,0.15524502808454213
5A_development,musique_ans_v1_0_train,BNH_C13_PROTECTED_TOP20,750,0,0,0,14,0,3,183,0.12,0.15845512909464315,0.12,0.15845512909464315
5A_development,musique_ans_v1_0_train,BNH_C14_PROTECTED_TOP20,750,0,0,0,16,0,3,183,0.11866666666666667,0.15713391697343104,0.11866666666666667,0.15713391697343104
5A_development,musique_ans_v1_0_train,BNH_C15_PROTECTED_TOP20,750,0,0,0,13,0,3,183,0.11733333333333333,0.15556826040777447,0.11733333333333333,0.15556826040777447
5A_development,musique_ans_v1_0_train,BNH_C16_PROTECTED_TOP20,750,0,0,0,13,0,3,183,0.11733333333333333,0.15568947252898657,0.11733333333333333,0.15568947252898657
5A,hotpotqa_train_distractor_v1_1,BGE_NATIVE_HGRAG_NO_FACET_TOP20,1000,0,0,0,0,0,0,0,0.426,0.5104465970617398,0.426,0.5104465970617398
5A,hotpotqa_train_distractor_v1_1,BGE_NATIVE_HGRAG_PROTECTED_TOP20,1000,0,0,0,0,0,0,0,0.426,0.5106132637284064,0.426,0.5106132637284064
5A,hotpotqa_train_distractor_v1_1,BGE_NATIVE_HGRAG_UNPROTECTED_TOP20,1000,0,0,0,0,0,0,0,0.425,0.506549559316876,0.425,0.506549559316876
5A,hotpotqa_train_distractor_v1_1,BGE_TOP20,1000,0,0,0,0,0,0,0,0.43,0.5135207547880715,0.43,0.5135207547880715
5A,musique_ans_v1_0_train,BGE_NATIVE_HGRAG_NO_FACET_TOP20,1500,0,0,0,48,0,9,386,0.13266666666666665,0.17357679341482363,0.13266666666666665,0.17357679341482363
5A,musique_ans_v1_0_train,BGE_NATIVE_HGRAG_PROTECTED_TOP20,1500,0,0,0,49,0,9,386,0.13666666666666666,0.17467203570473272,0.13666666666666666,0.17467203570473272
5A,musique_ans_v1_0_train,BGE_NATIVE_HGRAG_UNPROTECTED_TOP20,1500,0,0,0,50,0,9,386,0.134,0.17200162402828656,0.134,0.17200162402828656
5A,musique_ans_v1_0_train,BGE_TOP20,1500,0,0,0,50,0,9,386,0.14,0.17785618488888189,0.14,0.17785618488888189
