scope_type,scope_value,group_type,group_name,group_value,queries,prevalence,trigger_rate,avg_inserted_units,insert_yield,false_insert_rate,baseline_cr20,strategy_cr20,delta_cr20,improved_queries,same_queries,regressed_queries,completion_opportunities,completion_precision,harm_opportunities,harm_rate,avg_boundary_margin,avg_ball_score_margin,avg_top_ball_score
ALL,ALL,component,radius,1,604,0.5033333333333333,0.4139072847682119,1.0894039735099337,0.09422492401215805,0.9057750759878419,0.890728476821192,0.9139072847682119,0.023178807947019868,15,588,1,50,0.3,200,0.005,0.22883096189957344,0.1339342978086002,0.6314435801067889
ALL,ALL,component,radius,0,596,0.49666666666666665,0.5721476510067114,1.6208053691275168,0.10144927536231885,0.8985507246376812,0.8288590604026845,0.8758389261744967,0.04697986577181208,33,558,5,83,0.39759036144578314,258,0.01937984496124031,1.8073397144690557,0.14961694531930272,0.6332204748420107
ALL,ALL,component,score_margin,1,699,0.5825,0.5822603719599427,1.6337625178826896,0.0989492119089317,0.9010507880910683,0.8254649499284692,0.8755364806866953,0.05007153075822604,39,656,4,99,0.3939393939393939,308,0.012987012987012988,1.1187750222129753,0.04294339197558565,0.6142399018158728
ALL,ALL,component,score_margin,0,501,0.4175,0.36726546906187624,0.9620758483033932,0.0975103734439834,0.9024896265560166,0.908183632734531,0.9221556886227545,0.013972055888223553,9,490,2,34,0.2647058823529412,150,0.013333333333333334,0.8649992620439718,0.27954208442268375,0.6575601477465943
ALL,ALL,component,low_top_score,1,1,0.0008333333333333334,0.0,0.0,0.0,0.0,1.0,1.0,0.0,0,1,0,0,0.0,0,0.0,0.566487950053707,0.037717729806900024,0.1609799861907959
ALL,ALL,component,low_top_score,0,1199,0.9991666666666666,0.49291075896580483,1.354462051709758,0.09852216748768473,0.9014778325123153,0.859883236030025,0.8949124270225187,0.03502919099249374,48,1145,6,133,0.3609022556390977,458,0.013100436681222707,1.0131958989665102,0.14181008970549794,0.6327192205205572
ALL,ALL,component,or_gate,1,970,0.8083333333333333,0.51340206185567,1.4103092783505156,0.09649122807017543,0.9035087719298246,0.8577319587628865,0.8948453608247423,0.03711340206185567,41,924,5,111,0.36936936936936937,387,0.012919896640826873,0.8753298739858258,0.09836308692303515,0.6240803769568807
ALL,ALL,component,or_gate,0,230,0.19166666666666668,0.4043478260869565,1.1130434782608696,0.109375,0.890625,0.8695652173913043,0.8956521739130435,0.02608695652173913,7,222,1,22,0.3181818181818182,71,0.014084507042253521,1.592688665411515,0.32459052596241234,0.6671015640963679
ALL,ALL,overlap_mask,component_mask,R,271,0.22583333333333333,0.33579335793357934,0.8339483394833949,0.084070796460177,0.915929203539823,0.940959409594096,0.9446494464944649,0.0036900369003690036,2,268,1,12,0.16666666666666666,79,0.012658227848101266,0.24740308944421197,0.24130908975796947,0.6494622667117312
ALL,ALL,overlap_mask,component_mask,RS,333,0.2775,0.4774774774774775,1.2972972972972974,0.09953703703703703,0.9004629629629629,0.8498498498498499,0.8888888888888888,0.03903903903903904,13,320,0,38,0.34210526315789475,121,0.0,0.2137167079518346,0.04655120886481918,0.6167797240409049
ALL,ALL,overlap_mask,component_mask,S,365,0.30416666666666664,0.6794520547945205,1.9452054794520548,0.09859154929577464,0.9014084507042254,0.8027397260273973,0.863013698630137,0.06027397260273973,26,335,4,61,0.4262295081967213,187,0.0213903743315508,1.9459988735037124,0.03966619372367859,0.6131645569246109
ALL,ALL,overlap_mask,component_mask,SL,1,0.0008333333333333334,0.0,0.0,0.0,0.0,1.0,1.0,0.0,0,1,0,0,0.0,0,0.0,0.566487950053707,0.037717729806900024,0.1609799861907959
ALL,ALL,overlap_mask,component_mask,none,230,0.19166666666666668,0.4043478260869565,1.1130434782608696,0.109375,0.890625,0.8695652173913043,0.8956521739130435,0.02608695652173913,7,222,1,22,0.3181818181818182,71,0.014084507042253521,1.592688665411515,0.32459052596241234,0.6671015640963679
dataset,hotpotqa,component,radius,1,239,0.3983333333333333,0.6485355648535565,1.9623430962343096,0.10660980810234541,0.8933901918976546,0.7238493723849372,0.7824267782426778,0.058577405857740586,15,223,1,50,0.3,105,0.009523809523809525,0.21463396808529098,0.09815656141257187,0.6816029041132667
dataset,hotpotqa,component,radius,0,361,0.6016666666666667,0.7119113573407202,2.218836565096953,0.10237203495630462,0.8976279650436954,0.7174515235457064,0.7950138504155124,0.07756232686980609,33,323,5,83,0.39759036144578314,174,0.028735632183908046,2.1163000637233167,0.08966246899475351,0.6620120188205857
dataset,hotpotqa,component,score_margin,1,401,0.6683333333333333,0.7306733167082294,2.266832917705736,0.10451045104510451,0.8954895489548955,0.6957605985037406,0.7830423940149626,0.08728179551122195,39,358,4,99,0.3939393939393939,194,0.020618556701030927,1.4093783639508943,0.04219771159854613,0.6479192399919181
dataset,hotpotqa,component,score_margin,0,199,0.33166666666666667,0.5979899497487438,1.814070351758794,0.10249307479224377,0.8975069252077562,0.7688442211055276,0.8040201005025126,0.035175879396984924,9,188,2,34,0.2647058823529412,85,0.023529411764705882,1.2568900373477045,0.1955089805713251,0.7139387821132813
dataset,hotpotqa,component,low_top_score,1,0,0.0,0.0,0.0,0.0,0.0,0.0,0.0,0.0,0,0,0,0,0.0,0,0.0,0.0,0.0,0.0
dataset,hotpotqa,component,low_top_score,0,600,1.0,0.6866666666666666,2.1166666666666667,0.10393700787401575,0.8960629921259843,0.72,0.79,0.07,48,546,6,133,0.3609022556390977,279,0.021505376344086023,1.3588030689608366,0.09304594914118448,0.6698157214621703
dataset,hotpotqa,component,or_gate,1,484,0.8066666666666666,0.7128099173553719,2.190082644628099,0.10377358490566038,0.8962264150943396,0.7148760330578512,0.7892561983471075,0.0743801652892562,41,438,5,111,0.36936936936936937,234,0.021367521367521368,1.2069682768786594,0.06836792955960123,0.6599796136056096
dataset,hotpotqa,component,or_gate,0,116,0.19333333333333333,0.5775862068965517,1.8103448275862069,0.10476190476190476,0.8952380952380953,0.7413793103448276,0.7931034482758621,0.05172413793103448,7,108,1,22,0.3181818181818182,45,0.022222222222222223,1.9923206497175066,0.19601285842985944,0.7108560335533373
dataset,hotpotqa,overlap_mask,component_mask,R,83,0.13833333333333334,0.6265060240963856,1.819277108433735,0.09933774834437085,0.9006622516556292,0.8072289156626506,0.8192771084337349,0.012048192771084338,2,80,1,12,0.16666666666666666,40,0.025,0.22905930198749933,0.1948047657328916,0.7182472017874201
dataset,hotpotqa,overlap_mask,component_mask,RS,156,0.26,0.6602564102564102,2.0384615384615383,0.11006289308176101,0.889937106918239,0.6794871794871795,0.7628205128205128,0.08333333333333333,13,143,0,38,0.34210526315789475,65,0.0,0.20695895068860318,0.0467347603959915,0.6621062585558647
dataset,hotpotqa,overlap_mask,component_mask,S,245,0.4083333333333333,0.7755102040816326,2.4122448979591837,0.10152284263959391,0.8984771573604061,0.7061224489795919,0.7959183673469388,0.08979591836734693,26,215,4,61,0.4262295081967213,129,0.031007751937984496,2.1750005209668837,0.039308815221397245,0.6388858730695686
dataset,hotpotqa,overlap_mask,component_mask,none,116,0.19333333333333333,0.5775862068965517,1.8103448275862069,0.10476190476190476,0.8952380952380953,0.7413793103448276,0.7931034482758621,0.05172413793103448,7,108,1,22,0.3181818181818182,45,0.022222222222222223,1.9923206497175066,0.19601285842985944,0.7108560335533373
dataset,musique,component,radius,1,365,0.6083333333333333,0.2602739726027397,0.5178082191780822,0.06349206349206349,0.9365079365079365,1.0,1.0,0.0,0,365,0,0,0.0,95,0.0,0.23812707565741867,0.1573613635583283,0.5985995295929583
dataset,musique,component,radius,0,235,0.39166666666666666,0.3574468085106383,0.7021276595744681,0.09696969696969697,0.9030303030303031,1.0,1.0,0.0,0,235,0,0,0.0,84,0.0,1.332724029018893,0.24171722597105705,0.5889917626025829
dataset,musique,component,score_margin,1,298,0.49666666666666665,0.3825503355704698,0.7818791946308725,0.07725321888412018,0.9227467811158798,1.0,1.0,0.0,0,298,0,0,0.0,114,0.0,0.727728243565641,0.043946807516501256,0.5689197185655568
dataset,musique,component,score_margin,0,302,0.5033333333333333,0.2152317880794702,0.40066225165562913,0.08264462809917356,0.9173553719008265,1.0,1.0,0.0,0,302,0,0,0.0,65,0.0,0.6067665988471413,0.33491489126513535,0.6204099880149033
dataset,musique,component,low_top_score,1,1,0.0016666666666666668,0.0,0.0,0.0,0.0,1.0,1.0,0.0,0,1,0,0,0.0,0,0.0,0.566487950053707,0.037717729806900024,0.1609799861907959
dataset,musique,component,low_top_score,0,599,0.9983333333333333,0.2988313856427379,0.5909849749582637,0.07909604519774012,0.9209039548022598,1.0,1.0,0.0,0,599,0,0,0.0,179,0.0,0.6670117553995726,0.1906556395195014,0.595560788859509
dataset,musique,component,or_gate,1,486,0.81,0.3148148148148148,0.6337448559670782,0.07142857142857142,0.9285714285714286,1.0,1.0,0.0,0,486,0,0,0.0,153,0.0,0.5450562381830865,0.12823480742489113,0.5883288737923029
dataset,musique,component,or_gate,0,114,0.19,0.22807017543859648,0.40350877192982454,0.13043478260869565,0.8695652173913043,1.0,1.0,0.0,0,114,0,0,0.0,26,0.0,1.1860455936615588,0.455423942048168,0.6225794723682236
dataset,musique,overlap_mask,component_mask,R,188,0.31333333333333335,0.2074468085106383,0.39893617021276595,0.05333333333333334,0.9466666666666667,1.0,1.0,0.0,0,188,0,0,0.0,39,0.0,0.25550167645967553,0.26184025408819,0.6190944496304431
dataset,musique,overlap_mask,component_mask,RS,177,0.295,0.3163841807909605,0.6440677966101694,0.07017543859649122,0.9298245614035088,1.0,1.0,0.0,0,177,0,0,0.0,56,0.0,0.21967269740417408,0.046389434633955444,0.5768309139599235
dataset,musique,overlap_mask,component_mask,S,120,0.2,0.48333333333333334,0.9916666666666667,0.08403361344537816,0.9159663865546218,1.0,1.0,0.0,0,120,0,0,0.0,58,0.0,1.478453843266404,0.040395841499169666,0.5606502031286558
dataset,musique,overlap_mask,component_mask,SL,1,0.0016666666666666668,0.0,0.0,0.0,0.0,1.0,1.0,0.0,0,1,0,0,0.0,0,0.0,0.566487950053707,0.037717729806900024,0.1609799861907959
dataset,musique,overlap_mask,component_mask,none,114,0.19,0.22807017543859648,0.40350877192982454,0.13043478260869565,0.8695652173913043,1.0,1.0,0.0,0,114,0,0,0.0,26,0.0,1.1860455936615588,0.455423942048168,0.6225794723682236
slice,stage2e,component,radius,1,195,0.4875,0.3282051282051282,0.9230769230769231,0.1,0.9,0.8615384615384616,0.8974358974358975,0.035897435897435895,7,188,0,19,0.3684210526315789,45,0.0,0.23114166923006102,0.13385403127624437,0.6372208263629522
slice,stage2e,component,radius,0,205,0.5125,0.5853658536585366,1.7463414634146341,0.12849162011173185,0.8715083798882681,0.7902439024390244,0.8780487804878049,0.08780487804878048,18,187,0,36,0.5,84,0.0,1.827068489922306,0.1529805725667535,0.6327117512865764
slice,stage2e,component,score_margin,1,241,0.6025,0.5311203319502075,1.6016597510373445,0.13471502590673576,0.8652849740932642,0.7717842323651453,0.8672199170124482,0.0954356846473029,23,218,0,45,0.5111111111111111,83,0.0,1.1453086650689173,0.0449619256114564,0.617944646920406
slice,stage2e,component,score_margin,0,159,0.3975,0.3522012578616352,0.9559748427672956,0.07894736842105263,0.9210526315789473,0.9056603773584906,0.9182389937106918,0.012578616352201259,2,157,0,10,0.2,46,0.0,0.9031589789454438,0.2932498704571769,0.6606245927465787
slice,stage2e,component,low_top_score,1,1,0.0025,0.0,0.0,0.0,0.0,1.0,1.0,0.0,0,1,0,0,0.0,0,0.0,0.566487950053707,0.037717729806900024,0.1609799861907959
slice,stage2e,component,low_top_score,0,399,0.9975,0.46115288220551376,1.3483709273182958,0.11895910780669144,0.8810408921933085,0.8245614035087719,0.8872180451127819,0.06265664160401002,25,374,0,55,0.45454545454545453,129,0.0,1.0502636039696265,0.14392189409835895,0.636097719720133
slice,stage2e,component,or_gate,1,325,0.8125,0.4646153846153846,1.36,0.12669683257918551,0.8733031674208145,0.8184615384615385,0.8892307692307693,0.07076923076923076,23,302,0,48,0.4791666666666667,103,0.0,0.9126342173477617,0.09715578245428892,0.6270397707132193
slice,stage2e,component,or_gate,0,75,0.1875,0.44,1.28,0.08333333333333333,0.9166666666666666,0.8533333333333334,0.88,0.02666666666666667,2,73,0,7,0.2857142857142857,26,0.0,1.6402072706121613,0.34515898903210956,0.6690139289697011
slice,stage2e,overlap_mask,component_mask,R,84,0.21,0.27380952380952384,0.6666666666666666,0.07142857142857142,0.9285714285714286,0.9523809523809523,0.9523809523809523,0.0,0,84,0,3,0.0,20,0.0,0.2450801471001604,0.24690244315812984,0.6531341139759336
slice,stage2e,overlap_mask,component_mask,RS,111,0.2775,0.36936936936936937,1.117117117117117,0.11290322580645161,0.8870967741935484,0.7927927927927928,0.8558558558558559,0.06306306306306306,7,104,0,16,0.4375,25,0.0,0.22059363192295878,0.04830388174400673,0.6251783384396149
slice,stage2e,overlap_mask,component_mask,S,129,0.3225,0.6744186046511628,2.0310077519379846,0.1450381679389313,0.8549618320610687,0.751937984496124,0.875968992248062,0.12403100775193798,16,113,0,29,0.5517241379310345,58,0.0,1.9454806758767977,0.042142445495886395,0.6152626694172851
slice,stage2e,overlap_mask,component_mask,SL,1,0.0025,0.0,0.0,0.0,0.0,1.0,1.0,0.0,0,1,0,0,0.0,0,0.0,0.566487950053707,0.037717729806900024,0.1609799861907959
slice,stage2e,overlap_mask,component_mask,none,75,0.1875,0.44,1.28,0.08333333333333333,0.9166666666666666,0.8533333333333334,0.88,0.02666666666666667,2,73,0,7,0.2857142857142857,26,0.0,1.6402072706121613,0.34515898903210956,0.6690139289697011
slice,stage2f,component,radius,1,211,0.5275,0.46919431279620855,1.2796208530805686,0.08888888888888889,0.9111111111111111,0.8862559241706162,0.9052132701421801,0.018957345971563982,5,205,1,18,0.2777777777777778,81,0.012345679012345678,0.21968750531801592,0.13355642553613084,0.6350421570771113
slice,stage2f,component,radius,0,189,0.4725,0.5238095238095238,1.4074074074074074,0.09398496240601503,0.9060150375939849,0.8835978835978836,0.9047619047619048,0.021164021164021163,5,183,1,14,0.35714285714285715,85,0.011764705882352941,1.846058732308996,0.12363190202919579,0.6294620089114659
slice,stage2f,component,score_margin,1,220,0.55,0.6,1.7227272727272727,0.07651715039577836,0.9234828496042217,0.85,0.8772727272727273,0.02727272727272727,7,212,1,24,0.2916666666666667,108,0.009259259259259259,1.0750302605278783,0.04419903497804295,0.6125092659484256
slice,stage2f,component,score_margin,0,180,0.45,0.36666666666666664,0.8722222222222222,0.12738853503184713,0.8726114649681529,0.9277777777777778,0.9388888888888889,0.011111111111111112,3,176,1,8,0.375,58,0.017241379310344827,0.8819583706242689,0.23235026431373423,0.6567232017715772
slice,stage2f,component,low_top_score,1,0,0.0,0.0,0.0,0.0,0.0,0.0,0.0,0.0,0,0,0,0,0.0,0,0.0,0.0,0.0,0.0
slice,stage2f,component,low_top_score,0,400,1.0,0.495,1.34,0.0914179104477612,0.9085820895522388,0.885,0.905,0.02,10,388,2,32,0.3125,166,0.012048192771084338,0.988147910071254,0.12886708817910403,0.6324055370688438
slice,stage2f,component,or_gate,1,321,0.8025,0.5264797507788161,1.4641744548286604,0.08297872340425531,0.9170212765957447,0.8753894080996885,0.897196261682243,0.021806853582554516,9,310,2,29,0.3103448275862069,140,0.014285714285714285,0.8141594644221632,0.10184671052055567,0.6253841005010397
slice,stage2f,component,or_gate,0,79,0.1975,0.3670886075949367,0.8354430379746836,0.15151515151515152,0.8484848484848485,0.9240506329113924,0.9367088607594937,0.012658227848101266,1,78,0,3,0.3333333333333333,26,0.0,1.6951136196074332,0.23865874929801573,0.6609356780595417
slice,stage2f,overlap_mask,component_mask,R,101,0.2525,0.36633663366336633,0.900990099009901,0.10989010989010989,0.8901098901098901,0.9306930693069307,0.9405940594059405,0.009900990099009901,2,98,1,5,0.4,32,0.03125,0.24592604716218983,0.22741590477157347,0.6534282945760406
slice,stage2f,overlap_mask,component_mask,RS,110,0.275,0.5636363636363636,1.6272727272727272,0.0782122905027933,0.9217877094972067,0.8454545454545455,0.8727272727272727,0.02727272727272727,3,107,0,13,0.23076923076923078,49,0.0,0.19559575326109263,0.04737635823813352,0.6181603399190035
slice,stage2f,overlap_mask,component_mask,S,110,0.275,0.6363636363636364,1.8181818181818181,0.075,0.925,0.8545454545454545,0.8818181818181818,0.02727272727272727,4,105,1,11,0.36363636363636365,59,0.01694915254237288,1.9544647677946643,0.04102171171795238,0.6068581919778477
slice,stage2f,overlap_mask,component_mask,none,79,0.1975,0.3670886075949367,0.8354430379746836,0.15151515151515152,0.8484848484848485,0.9240506329113924,0.9367088607594937,0.012658227848101266,1,78,0,3,0.3333333333333333,26,0.0,1.6951136196074332,0.23865874929801573,0.6609356780595417
slice,stage2g,component,radius,1,198,0.495,0.4393939393939394,1.0505050505050506,0.09615384615384616,0.9038461538461539,0.9242424242424242,0.9393939393939394,0.015151515151515152,3,195,0,13,0.23076923076923078,74,0.0,0.23629904982514693,0.13441603024951135,0.6219190207093653
slice,stage2g,component,radius,0,202,0.505,0.6039603960396039,1.693069306930693,0.07894736842105263,0.9210526315789473,0.8168316831683168,0.8465346534653465,0.0297029702970297,10,188,4,33,0.30303030303030304,89,0.0449438202247191,1.7510907375400206,0.17051610173565326,0.6372533381575405
slice,stage2g,component,score_margin,1,238,0.595,0.6176470588235294,1.584033613445378,0.08488063660477453,0.9151193633952255,0.8571428571428571,0.8823529411764706,0.025210084033613446,9,226,3,30,0.3,117,0.02564102564102564,1.1323432560047368,0.039738736232789625,0.6120882056841329
slice,stage2g,component,score_margin,0,162,0.405,0.38271604938271603,1.0679012345679013,0.08670520231213873,0.9132947976878613,0.8888888888888888,0.9074074074074074,0.018518518518518517,4,157,1,16,0.25,46,0.021739130434782608,0.8087027525884934,0.3185235019543289,0.6554823917003325
slice,stage2g,component,low_top_score,1,0,0.0,0.0,0.0,0.0,0.0,0.0,0.0,0.0,0,0,0,0,0.0,0,0.0,0.0,0.0,0.0
slice,stage2g,component,low_top_score,0,400,1.0,0.5225,1.375,0.08545454545454545,0.9145454545454546,0.87,0.8925,0.0225,13,383,4,46,0.2826086956521739,163,0.024539877300613498,1.0012688521211581,0.15264656635001303,0.6296628510206937
slice,stage2g,component,or_gate,1,324,0.81,0.5493827160493827,1.4074074074074074,0.08114035087719298,0.918859649122807,0.8796296296296297,0.8981481481481481,0.018518518518518517,9,312,3,34,0.2647058823529412,144,0.020833333333333332,0.8985144106441795,0.0961227498166723,0.6198201972393342
slice,stage2g,component,or_gate,0,76,0.19,0.40789473684210525,1.236842105263158,0.10638297872340426,0.8936170212765957,0.8289473684210527,0.868421052631579,0.039473684210526314,4,71,1,12,0.3333333333333333,19,0.05263157894736842,1.439327260523015,0.39361652104478134,0.6716236381938583
slice,stage2g,overlap_mask,component_mask,R,86,0.215,0.36046511627906974,0.9186046511627907,0.06329113924050633,0.9367088607594937,0.9418604651162791,0.9418604651162791,0.0,0,86,0,4,0.0,27,0.0,0.25140667580914877,0.25216222926974297,0.641218034333961
slice,stage2g,overlap_mask,component_mask,RS,112,0.28,0.5,1.1517857142857142,0.11627906976744186,0.8837209302325582,0.9107142857142857,0.9375,0.026785714285714284,3,109,0,9,0.3333333333333333,47,0.0,0.22469855130171695,0.044003770287547796,0.6071001352476222
slice,stage2g,overlap_mask,component_mask,S,126,0.315,0.7222222222222222,1.9682539682539681,0.06854838709677419,0.9314516129032258,0.8095238095238095,0.8333333333333334,0.023809523809523808,6,117,3,21,0.2857142857142857,70,0.04285714285714286,1.9391385490740878,0.03594759485078237,0.6165220460721424
slice,stage2g,overlap_mask,component_mask,none,76,0.19,0.40789473684210525,1.236842105263158,0.10638297872340426,0.8936170212765957,0.8289473684210527,0.868421052631579,0.039473684210526314,4,71,1,12,0.3333333333333333,19,0.05263157894736842,1.439327260523015,0.39361652104478134,0.6716236381938583
