method,strategy,protect_n,insert_budget,metric,improved,same,regressed
facet,protected_insert,5,1,chain_recall_at_1,0,400,0
facet,protected_insert,5,1,chain_recall_at_3,0,400,0
facet,protected_insert,5,1,chain_recall_at_5,0,400,0
facet,protected_insert,5,1,chain_recall_at_10,11,387,2
facet,protected_insert,5,1,chain_recall_at_15,5,394,1
facet,protected_insert,5,1,chain_recall_at_20,5,394,1
facet,protected_insert,5,2,chain_recall_at_1,0,400,0
facet,protected_insert,5,2,chain_recall_at_3,0,400,0
facet,protected_insert,5,2,chain_recall_at_5,0,400,0
facet,protected_insert,5,2,chain_recall_at_10,26,368,6
facet,protected_insert,5,2,chain_recall_at_15,10,389,1
facet,protected_insert,5,2,chain_recall_at_20,8,391,1
facet,protected_insert,5,4,chain_recall_at_1,0,400,0
facet,protected_insert,5,4,chain_recall_at_3,0,400,0
facet,protected_insert,5,4,chain_recall_at_5,0,400,0
facet,protected_insert,5,4,chain_recall_at_10,40,338,22
facet,protected_insert,5,4,chain_recall_at_15,25,372,3
facet,protected_insert,5,4,chain_recall_at_20,20,379,1
facet,protected_insert,5,8,chain_recall_at_1,0,400,0
facet,protected_insert,5,8,chain_recall_at_3,0,400,0
facet,protected_insert,5,8,chain_recall_at_5,0,400,0
facet,protected_insert,5,8,chain_recall_at_10,45,327,28
facet,protected_insert,5,8,chain_recall_at_15,40,347,13
facet,protected_insert,5,8,chain_recall_at_20,34,361,5
facet,protected_insert,10,1,chain_recall_at_1,0,400,0
facet,protected_insert,10,1,chain_recall_at_3,0,400,0
facet,protected_insert,10,1,chain_recall_at_5,0,400,0
facet,protected_insert,10,1,chain_recall_at_10,0,400,0
facet,protected_insert,10,1,chain_recall_at_15,5,394,1
facet,protected_insert,10,1,chain_recall_at_20,5,394,1
facet,protected_insert,10,2,chain_recall_at_1,0,400,0
facet,protected_insert,10,2,chain_recall_at_3,0,400,0
facet,protected_insert,10,2,chain_recall_at_5,0,400,0
facet,protected_insert,10,2,chain_recall_at_10,0,400,0
facet,protected_insert,10,2,chain_recall_at_15,16,383,1
facet,protected_insert,10,2,chain_recall_at_20,12,387,1
facet,protected_insert,10,4,chain_recall_at_1,0,400,0
facet,protected_insert,10,4,chain_recall_at_3,0,400,0
facet,protected_insert,10,4,chain_recall_at_5,0,400,0
facet,protected_insert,10,4,chain_recall_at_10,0,400,0
facet,protected_insert,10,4,chain_recall_at_15,34,359,7
facet,protected_insert,10,4,chain_recall_at_20,29,370,1
facet,protected_insert,10,8,chain_recall_at_1,0,400,0
facet,protected_insert,10,8,chain_recall_at_3,0,400,0
facet,protected_insert,10,8,chain_recall_at_5,0,400,0
facet,protected_insert,10,8,chain_recall_at_10,0,400,0
facet,protected_insert,10,8,chain_recall_at_15,37,353,10
facet,protected_insert,10,8,chain_recall_at_20,35,360,5
gated,protected_insert,5,1,chain_recall_at_1,0,400,0
gated,protected_insert,5,1,chain_recall_at_3,0,400,0
gated,protected_insert,5,1,chain_recall_at_5,0,400,0
gated,protected_insert,5,1,chain_recall_at_10,11,388,1
gated,protected_insert,5,1,chain_recall_at_15,5,395,0
gated,protected_insert,5,1,chain_recall_at_20,5,394,1
gated,protected_insert,5,2,chain_recall_at_1,0,400,0
gated,protected_insert,5,2,chain_recall_at_3,0,400,0
gated,protected_insert,5,2,chain_recall_at_5,0,400,0
gated,protected_insert,5,2,chain_recall_at_10,23,373,4
gated,protected_insert,5,2,chain_recall_at_15,10,390,0
gated,protected_insert,5,2,chain_recall_at_20,8,391,1
gated,protected_insert,5,4,chain_recall_at_1,0,400,0
gated,protected_insert,5,4,chain_recall_at_3,0,400,0
gated,protected_insert,5,4,chain_recall_at_5,0,400,0
gated,protected_insert,5,4,chain_recall_at_10,36,348,16
gated,protected_insert,5,4,chain_recall_at_15,25,373,2
gated,protected_insert,5,4,chain_recall_at_20,20,379,1
gated,protected_insert,5,8,chain_recall_at_1,0,400,0
gated,protected_insert,5,8,chain_recall_at_3,0,400,0
gated,protected_insert,5,8,chain_recall_at_5,0,400,0
gated,protected_insert,5,8,chain_recall_at_10,37,345,18
gated,protected_insert,5,8,chain_recall_at_15,32,361,7
gated,protected_insert,5,8,chain_recall_at_20,27,368,5
gated,protected_insert,10,1,chain_recall_at_1,0,400,0
gated,protected_insert,10,1,chain_recall_at_3,0,400,0
gated,protected_insert,10,1,chain_recall_at_5,0,400,0
gated,protected_insert,10,1,chain_recall_at_10,0,400,0
gated,protected_insert,10,1,chain_recall_at_15,5,395,0
gated,protected_insert,10,1,chain_recall_at_20,5,394,1
gated,protected_insert,10,2,chain_recall_at_1,0,400,0
gated,protected_insert,10,2,chain_recall_at_3,0,400,0
gated,protected_insert,10,2,chain_recall_at_5,0,400,0
gated,protected_insert,10,2,chain_recall_at_10,0,400,0
gated,protected_insert,10,2,chain_recall_at_15,14,385,1
gated,protected_insert,10,2,chain_recall_at_20,10,389,1
gated,protected_insert,10,4,chain_recall_at_1,0,400,0
gated,protected_insert,10,4,chain_recall_at_3,0,400,0
gated,protected_insert,10,4,chain_recall_at_5,0,400,0
gated,protected_insert,10,4,chain_recall_at_10,0,400,0
gated,protected_insert,10,4,chain_recall_at_15,29,366,5
gated,protected_insert,10,4,chain_recall_at_20,25,374,1
gated,protected_insert,10,8,chain_recall_at_1,0,400,0
gated,protected_insert,10,8,chain_recall_at_3,0,400,0
gated,protected_insert,10,8,chain_recall_at_5,0,400,0
gated,protected_insert,10,8,chain_recall_at_10,0,400,0
gated,protected_insert,10,8,chain_recall_at_15,30,363,7
gated,protected_insert,10,8,chain_recall_at_20,28,367,5
