slice,strategy_id,role,score_floor,protect_n,insert_budget,queries,evidence_recall_at_20,chain_recall_at_20,trigger_rate,avg_inserted_units,insert_yield,conditional_false_insert_rate,raw_candidates,filtered_candidates,score_floor_removed,gain_events,harm_events,net_completed_chain_change,gain_prevalence,gain_wilson95_low,gain_wilson95_high,harm_prevalence,harm_wilson95_low,harm_wilson95_high,completion_opportunities,completion_precision
ALL,dense_fixed,saturation baseline,,0,0,400,0.883125,0.745,0.0,0.0,0.0,0.0,0,0,0,0,0,0,0.0,8.673617379884035e-19,0.009512294334296508,0.0,8.673617379884035e-19,0.009512294334296508,0,0.0
ALL,allquery_unfiltered_p10_i4,candidate-availability control,,10,4,400,0.8889583333333333,0.7475,0.545,1.745,0.06446991404011461,0.9355300859598854,1115,1115,0,9,8,1,0.0225,0.011881583530495034,0.04220265755875813,0.02,0.010168386791664645,0.03896341576926,66,0.13636363636363635
ALL,allquery_q25_p10_i4,transferred protected-insertion pilot,0.1957079917192459,10,4,400,0.8902083333333333,0.7525,0.505,1.375,0.07636363636363637,0.9236363636363636,1115,902,213,8,5,3,0.02,0.010168386791664645,0.03896341576926,0.0125,0.005350750779971611,0.028923736195967484,60,0.13333333333333333
bridge_comparison,dense_fixed,saturation baseline,,0,0,90,0.8416666666666667,0.5777777777777777,0.0,0.0,0.0,0.0,0,0,0,0,0,0,0.0,0.0,0.04093562556432678,0.0,0.0,0.04093562556432678,0,0.0
bridge_comparison,allquery_unfiltered_p10_i4,candidate-availability control,,10,4,90,0.8342592592592593,0.5333333333333333,0.8888888888888888,2.7777777777777777,0.124,0.876,467,467,0,3,7,-4,0.03333333333333333,0.011400390222806277,0.09347286030389873,0.07777777777777778,0.038184815317289005,0.15193860182592028,32,0.09375
bridge_comparison,allquery_q25_p10_i4,transferred protected-insertion pilot,0.1957079917192459,10,4,90,0.8453703703703703,0.5666666666666667,0.7777777777777778,2.011111111111111,0.16022099447513813,0.8397790055248618,467,364,103,3,4,-1,0.03333333333333333,0.011400390222806277,0.09347286030389873,0.044444444444444446,0.01741724185270873,0.10876855032812233,29,0.10344827586206896
comparison,dense_fixed,saturation baseline,,0,0,86,0.9651162790697675,0.9418604651162791,0.0,0.0,0.0,0.0,0,0,0,0,0,0,0.0,0.0,0.042758197285742226,0.0,0.0,0.042758197285742226,0,0.0
comparison,allquery_unfiltered_p10_i4,candidate-availability control,,10,4,86,0.9767441860465116,0.9534883720930233,0.46511627906976744,1.4767441860465116,0.047244094488188976,0.952755905511811,204,204,0,1,0,1,0.011627906976744186,0.0020555686652495644,0.06296406589291725,0.0,0.0,0.042758197285742226,5,0.2
comparison,allquery_q25_p10_i4,transferred protected-insertion pilot,0.1957079917192459,10,4,86,0.9767441860465116,0.9534883720930233,0.45348837209302323,1.244186046511628,0.056074766355140186,0.9439252336448598,204,176,28,1,0,1,0.011627906976744186,0.0020555686652495644,0.06296406589291725,0.0,0.0,0.042758197285742226,5,0.2
compositional,dense_fixed,saturation baseline,,0,0,174,0.8620689655172413,0.7241379310344828,0.0,0.0,0.0,0.0,0,0,0,0,0,0,0.0,0.0,0.021600468451887907,0.0,0.0,0.021600468451887907,0,0.0
compositional,allquery_unfiltered_p10_i4,candidate-availability control,,10,4,174,0.8735632183908046,0.7471264367816092,0.41379310344827586,1.367816091954023,0.03361344537815126,0.9663865546218487,340,340,0,5,1,4,0.028735632183908046,0.012335289825062531,0.06549503676177434,0.005747126436781609,0.0010152303574121457,0.03183120972146555,20,0.25
compositional,allquery_q25_p10_i4,transferred protected-insertion pilot,0.1957079917192459,10,4,174,0.8706896551724138,0.7413793103448276,0.39080459770114945,1.0689655172413792,0.03763440860215054,0.9623655913978495,340,270,70,4,1,3,0.022988505747126436,0.008975250976013212,0.05760910398383388,0.005747126436781609,0.0010152303574121457,0.03183120972146555,18,0.2222222222222222
inference,dense_fixed,saturation baseline,,0,0,50,0.89,0.78,0.0,0.0,0.0,0.0,0,0,0,0,0,0,0.0,6.938893903907228e-18,0.07134759913335872,0.0,6.938893903907228e-18,0.07134759913335872,0,0.0
inference,allquery_unfiltered_p10_i4,candidate-availability control,,10,4,50,0.89,0.78,0.52,1.66,0.0,1.0,104,104,0,0,0,0,0.0,6.938893903907228e-18,0.07134759913335872,0.0,6.938893903907228e-18,0.07134759913335872,9,0.0
inference,allquery_q25_p10_i4,transferred protected-insertion pilot,0.1957079917192459,10,4,50,0.89,0.78,0.5,1.52,0.0,1.0,104,92,12,0,0,0,0.0,6.938893903907228e-18,0.07134759913335872,0.0,6.938893903907228e-18,0.07134759913335872,8,0.0
