dataset,comparison_id,strategy_a,strategy_b,metric,queries,iterations,seed,observed_a,observed_b,observed_delta,ci95_low,ci95_high,improved,same,regressed
ALL,stage2d_reference_vs_fixed,unfiltered_p5_i2,dense_fixed,evidence_recall_at_10,400,10000,20260710,0.795,0.7762083333333334,0.01879166666666665,0.005248958333333334,0.03283333333333333,26,362,12
ALL,stage2d_reference_vs_fixed,unfiltered_p5_i2,dense_fixed,chain_recall_at_10,400,10000,20260710,0.5875,0.565,0.022500000000000075,-0.0025,0.05,18,373,9
ALL,stage2d_reference_vs_fixed,unfiltered_p5_i2,dense_fixed,evidence_recall_at_20,400,10000,20260710,0.953125,0.9472916666666665,0.005833333333333468,0.0008333333333333333,0.011666666666666665,6,393,1
ALL,stage2d_reference_vs_fixed,unfiltered_p5_i2,dense_fixed,chain_recall_at_20,400,10000,20260710,0.895,0.885,0.010000000000000009,-0.0025,0.0225,5,394,1
ALL,primary_q25_p5_i4_vs_fixed,score_q25_p5_i4,dense_fixed,evidence_recall_at_10,400,10000,20260710,0.7924166666666665,0.7762083333333334,0.016208333333333158,-0.00016666666666666663,0.03233333333333333,33,348,19
ALL,primary_q25_p5_i4_vs_fixed,score_q25_p5_i4,dense_fixed,chain_recall_at_10,400,10000,20260710,0.5825,0.565,0.01750000000000007,-0.0125,0.0475,21,365,14
ALL,primary_q25_p5_i4_vs_fixed,score_q25_p5_i4,dense_fixed,evidence_recall_at_20,400,10000,20260710,0.9545833333333333,0.9472916666666665,0.007291666666666807,0.0008333333333333332,0.014583333333333332,9,389,2
ALL,primary_q25_p5_i4_vs_fixed,score_q25_p5_i4,dense_fixed,chain_recall_at_20,400,10000,20260710,0.895,0.885,0.010000000000000009,-0.0025,0.025,6,392,2
ALL,q25_filter_p5_i4,score_q25_p5_i4,unfiltered_p5_i4,evidence_recall_at_10,400,10000,20260710,0.7924166666666665,0.7875416666666666,0.004874999999999963,-0.002,0.0125,8,389,3
ALL,q25_filter_p5_i4,score_q25_p5_i4,unfiltered_p5_i4,chain_recall_at_10,400,10000,20260710,0.5825,0.575,0.007500000000000062,-0.0075,0.0225,6,391,3
ALL,q25_filter_p5_i4,score_q25_p5_i4,unfiltered_p5_i4,evidence_recall_at_20,400,10000,20260710,0.9545833333333333,0.9552083333333333,-0.0006249999999999867,-0.00375,0.001875,1,398,1
ALL,q25_filter_p5_i4,score_q25_p5_i4,unfiltered_p5_i4,chain_recall_at_20,400,10000,20260710,0.895,0.895,0.0,-0.0075,0.0075,1,398,1
ALL,q25_filter_p5_i4,score_q25_p5_i4,unfiltered_p5_i4,false_insert_rate,400,10000,20260710,0.9087656529516994,0.9216255442670537,-0.012859891315354255,-0.020572865421265043,-0.00551097630783348,,,
ALL,q25_filter_p5_i4,score_q25_p5_i4,unfiltered_p5_i4,avg_inserted_units,400,10000,20260710,1.3975,1.7225,-0.32499999999999996,-0.4075,-0.2475,0,332,68
ALL,q25_p10_i4_vs_fixed,score_q25_p10_i4,dense_fixed,evidence_recall_at_20,400,10000,20260710,0.9583333333333333,0.9472916666666665,0.011041666666666727,0.002916666666666667,0.020416666666666666,11,387,2
ALL,q25_p10_i4_vs_fixed,score_q25_p10_i4,dense_fixed,chain_recall_at_20,400,10000,20260710,0.9025,0.885,0.01749999999999996,0.0025,0.035,9,389,2
ALL,q25_filter_p10_i4,score_q25_p10_i4,unfiltered_p10_i4,chain_recall_at_20,400,10000,20260710,0.9025,0.9025,0.0,-0.0075,0.0075,1,398,1
ALL,q25_filter_p10_i4,score_q25_p10_i4,unfiltered_p10_i4,false_insert_rate,400,10000,20260710,0.9170212765957447,0.9307568438003221,-0.01373556720457736,-0.023183421031706737,-0.004840444478269437,,,
ALL,q25_filter_p10_i4,score_q25_p10_i4,unfiltered_p10_i4,avg_inserted_units,400,10000,20260710,1.175,1.5525,-0.37749999999999995,-0.465,-0.295,0,322,78
ALL,q50_filter_p5_i2,score_q50_p5_i2,unfiltered_p5_i2,evidence_recall_at_10,400,10000,20260710,0.7932083333333333,0.795,-0.001791666666666747,-0.0095,0.005710416666666635,6,388,6
ALL,q50_filter_p5_i2,score_q50_p5_i2,unfiltered_p5_i2,chain_recall_at_10,400,10000,20260710,0.585,0.5875,-0.0025000000000000577,-0.02,0.0125,5,389,6
ALL,q50_filter_p5_i2,score_q50_p5_i2,unfiltered_p5_i2,false_insert_rate,400,10000,20260710,0.8379629629629629,0.8891752577319587,-0.0512122947689958,-0.07827477927193602,-0.025927828698827447,,,
ALL,q50_filter_p5_i2,score_q50_p5_i2,unfiltered_p5_i2,avg_inserted_units,400,10000,20260710,0.54,0.97,-0.42999999999999994,-0.5075,-0.3575,0,297,103
hotpotqa,stage2d_reference_vs_fixed,unfiltered_p5_i2,dense_fixed,evidence_recall_at_10,200,10000,20260710,0.7799999999999998,0.7524166666666667,0.02758333333333307,0.004997916666666668,0.051333333333333335,21,169,10
hotpotqa,stage2d_reference_vs_fixed,unfiltered_p5_i2,dense_fixed,chain_recall_at_10,200,10000,20260710,0.545,0.515,0.030000000000000027,-0.015,0.075,13,180,7
hotpotqa,stage2d_reference_vs_fixed,unfiltered_p5_i2,dense_fixed,evidence_recall_at_20,200,10000,20260710,0.90625,0.8945833333333333,0.011666666666666714,0.0016666666666666666,0.02333333333333333,6,193,1
hotpotqa,stage2d_reference_vs_fixed,unfiltered_p5_i2,dense_fixed,chain_recall_at_20,200,10000,20260710,0.79,0.77,0.020000000000000018,-0.005,0.045,5,194,1
hotpotqa,primary_q25_p5_i4_vs_fixed,score_q25_p5_i4,dense_fixed,evidence_recall_at_10,200,10000,20260710,0.7773333333333332,0.7524166666666667,0.024916666666666476,-0.002666666666666666,0.05208333333333334,27,158,15
hotpotqa,primary_q25_p5_i4_vs_fixed,score_q25_p5_i4,dense_fixed,chain_recall_at_10,200,10000,20260710,0.54,0.515,0.025000000000000022,-0.025,0.075,15,175,10
hotpotqa,primary_q25_p5_i4_vs_fixed,score_q25_p5_i4,dense_fixed,evidence_recall_at_20,200,10000,20260710,0.9091666666666666,0.8945833333333333,0.014583333333333282,0.0016666666666666663,0.029166666666666664,9,189,2
hotpotqa,primary_q25_p5_i4_vs_fixed,score_q25_p5_i4,dense_fixed,chain_recall_at_20,200,10000,20260710,0.79,0.77,0.020000000000000018,-0.005,0.05,6,192,2
hotpotqa,q25_filter_p5_i4,score_q25_p5_i4,unfiltered_p5_i4,evidence_recall_at_10,200,10000,20260710,0.7773333333333332,0.7700833333333332,0.007249999999999979,-0.0025,0.018500000000000003,5,194,1
hotpotqa,q25_filter_p5_i4,score_q25_p5_i4,unfiltered_p5_i4,chain_recall_at_10,200,10000,20260710,0.54,0.53,0.010000000000000009,-0.01,0.03,3,196,1
hotpotqa,q25_filter_p5_i4,score_q25_p5_i4,unfiltered_p5_i4,evidence_recall_at_20,200,10000,20260710,0.9091666666666666,0.9104166666666665,-0.0012499999999999734,-0.0075,0.00375,1,198,1
hotpotqa,q25_filter_p5_i4,score_q25_p5_i4,unfiltered_p5_i4,chain_recall_at_20,200,10000,20260710,0.79,0.79,0.0,-0.015,0.015,1,198,1
hotpotqa,q25_filter_p5_i4,score_q25_p5_i4,unfiltered_p5_i4,false_insert_rate,200,10000,20260710,0.8956743002544529,0.9068736141906873,-0.011199313936234412,-0.018623151802983524,-0.004480348441750055,,,
hotpotqa,q25_filter_p5_i4,score_q25_p5_i4,unfiltered_p5_i4,avg_inserted_units,200,10000,20260710,1.965,2.255,-0.2899999999999998,-0.405,-0.19,0,171,29
hotpotqa,q25_p10_i4_vs_fixed,score_q25_p10_i4,dense_fixed,evidence_recall_at_20,200,10000,20260710,0.9166666666666665,0.8945833333333333,0.022083333333333233,0.005833333333333334,0.04083333333333333,11,187,2
hotpotqa,q25_p10_i4_vs_fixed,score_q25_p10_i4,dense_fixed,chain_recall_at_20,200,10000,20260710,0.805,0.77,0.03500000000000003,0.005,0.07,9,189,2
hotpotqa,q25_filter_p10_i4,score_q25_p10_i4,unfiltered_p10_i4,chain_recall_at_20,200,10000,20260710,0.805,0.805,0.0,-0.015,0.015,1,198,1
hotpotqa,q25_filter_p10_i4,score_q25_p10_i4,unfiltered_p10_i4,false_insert_rate,200,10000,20260710,0.9118457300275482,0.9237875288683602,-0.011941798840812035,-0.019969092277153756,-0.004627717128763198,,,
hotpotqa,q25_filter_p10_i4,score_q25_p10_i4,unfiltered_p10_i4,avg_inserted_units,200,10000,20260710,1.815,2.165,-0.3500000000000001,-0.48,-0.235,0,167,33
hotpotqa,q50_filter_p5_i2,score_q50_p5_i2,unfiltered_p5_i2,evidence_recall_at_10,200,10000,20260710,0.7814166666666665,0.7799999999999998,0.0014166666666667327,-0.008333333333333333,0.011000000000000001,4,194,2
hotpotqa,q50_filter_p5_i2,score_q50_p5_i2,unfiltered_p5_i2,chain_recall_at_10,200,10000,20260710,0.55,0.545,0.0050000000000000044,-0.015,0.025,3,195,2
hotpotqa,q50_filter_p5_i2,score_q50_p5_i2,unfiltered_p5_i2,false_insert_rate,200,10000,20260710,0.8160919540229885,0.859504132231405,-0.043412178208416474,-0.06782140518596116,-0.02153754976249421,,,
hotpotqa,q50_filter_p5_i2,score_q50_p5_i2,unfiltered_p5_i2,avg_inserted_units,200,10000,20260710,0.87,1.21,-0.33999999999999997,-0.44,-0.25,0,157,43
musique,stage2d_reference_vs_fixed,unfiltered_p5_i2,dense_fixed,evidence_recall_at_10,200,10000,20260710,0.81,0.8,0.010000000000000009,-0.005,0.0275,5,193,2
musique,stage2d_reference_vs_fixed,unfiltered_p5_i2,dense_fixed,chain_recall_at_10,200,10000,20260710,0.63,0.615,0.015000000000000013,-0.01,0.04,5,193,2
musique,stage2d_reference_vs_fixed,unfiltered_p5_i2,dense_fixed,evidence_recall_at_20,200,10000,20260710,1.0,1.0,0.0,0.0,0.0,0,200,0
musique,stage2d_reference_vs_fixed,unfiltered_p5_i2,dense_fixed,chain_recall_at_20,200,10000,20260710,1.0,1.0,0.0,0.0,0.0,0,200,0
musique,primary_q25_p5_i4_vs_fixed,score_q25_p5_i4,dense_fixed,evidence_recall_at_10,200,10000,20260710,0.8075,0.8,0.007499999999999951,-0.01,0.025,6,190,4
musique,primary_q25_p5_i4_vs_fixed,score_q25_p5_i4,dense_fixed,chain_recall_at_10,200,10000,20260710,0.625,0.615,0.010000000000000009,-0.02,0.04,6,190,4
musique,primary_q25_p5_i4_vs_fixed,score_q25_p5_i4,dense_fixed,evidence_recall_at_20,200,10000,20260710,1.0,1.0,0.0,0.0,0.0,0,200,0
musique,primary_q25_p5_i4_vs_fixed,score_q25_p5_i4,dense_fixed,chain_recall_at_20,200,10000,20260710,1.0,1.0,0.0,0.0,0.0,0,200,0
musique,q25_filter_p5_i4,score_q25_p5_i4,unfiltered_p5_i4,evidence_recall_at_10,200,10000,20260710,0.8075,0.805,0.0024999999999999467,-0.0075,0.0125,3,195,2
musique,q25_filter_p5_i4,score_q25_p5_i4,unfiltered_p5_i4,chain_recall_at_10,200,10000,20260710,0.625,0.62,0.0050000000000000044,-0.015,0.025,3,195,2
musique,q25_filter_p5_i4,score_q25_p5_i4,unfiltered_p5_i4,evidence_recall_at_20,200,10000,20260710,1.0,1.0,0.0,0.0,0.0,0,200,0
musique,q25_filter_p5_i4,score_q25_p5_i4,unfiltered_p5_i4,chain_recall_at_20,200,10000,20260710,1.0,1.0,0.0,0.0,0.0,0,200,0
musique,q25_filter_p5_i4,score_q25_p5_i4,unfiltered_p5_i4,false_insert_rate,200,10000,20260710,0.9397590361445783,0.9495798319327731,-0.009820795788194725,-0.02814366819269191,0.0073341278526780395,,,
musique,q25_filter_p5_i4,score_q25_p5_i4,unfiltered_p5_i4,avg_inserted_units,200,10000,20260710,0.83,1.19,-0.36,-0.48,-0.25,0,161,39
musique,q25_p10_i4_vs_fixed,score_q25_p10_i4,dense_fixed,evidence_recall_at_20,200,10000,20260710,1.0,1.0,0.0,0.0,0.0,0,200,0
musique,q25_p10_i4_vs_fixed,score_q25_p10_i4,dense_fixed,chain_recall_at_20,200,10000,20260710,1.0,1.0,0.0,0.0,0.0,0,200,0
musique,q25_filter_p10_i4,score_q25_p10_i4,unfiltered_p10_i4,chain_recall_at_20,200,10000,20260710,1.0,1.0,0.0,0.0,0.0,0,200,0
musique,q25_filter_p10_i4,score_q25_p10_i4,unfiltered_p10_i4,false_insert_rate,200,10000,20260710,0.9345794392523364,0.9468085106382979,-0.01222907138596141,-0.04188655440724977,0.01548024850236512,,,
musique,q25_filter_p10_i4,score_q25_p10_i4,unfiltered_p10_i4,avg_inserted_units,200,10000,20260710,0.535,0.94,-0.4049999999999999,-0.53,-0.29,0,155,45
musique,q50_filter_p5_i2,score_q50_p5_i2,unfiltered_p5_i2,evidence_recall_at_10,200,10000,20260710,0.805,0.81,-0.0050000000000000044,-0.0175,0.0075,2,194,4
musique,q50_filter_p5_i2,score_q50_p5_i2,unfiltered_p5_i2,chain_recall_at_10,200,10000,20260710,0.62,0.63,-0.010000000000000009,-0.035,0.015,2,194,4
musique,q50_filter_p5_i2,score_q50_p5_i2,unfiltered_p5_i2,false_insert_rate,200,10000,20260710,0.9285714285714286,0.9383561643835616,-0.009784735812133016,-0.07764114677031773,0.044117647058823484,,,
musique,q50_filter_p5_i2,score_q50_p5_i2,unfiltered_p5_i2,avg_inserted_units,200,10000,20260710,0.21,0.73,-0.52,-0.635,-0.405,0,140,60
