comparison,subset,dataset,metric,n_expected,n_complete,delta,gain,same,harm
A_G/P0 minus D/P0,ALL16,hotpot,em,8,8,0.0,0,8,0
A_G/P0 minus D/P0,ALL16,hotpot,f1,8,8,-0.05505952380952381,0,6,2
A_G/P0 minus D/P0,ALL16,musique,em,8,8,0.0,0,8,0
A_G/P0 minus D/P0,ALL16,musique,f1,8,8,0.0623015873015873,2,6,0
A_G/P0 minus D/P0,ALL16,EQUAL_WEIGHT_16,em,16,16,0.0,0,16,0
A_G/P0 minus D/P0,ALL16,EQUAL_WEIGHT_16,f1,16,16,0.003621031746031747,2,12,2
A_G/P0 minus D/P0,A_G_PACKAGE_AVAILABLE,hotpot,em,2,2,0.0,0,2,0
A_G/P0 minus D/P0,A_G_PACKAGE_AVAILABLE,hotpot,f1,2,2,-0.22023809523809523,0,0,2
A_G/P0 minus D/P0,A_G_PACKAGE_AVAILABLE,musique,em,3,3,0.0,0,3,0
A_G/P0 minus D/P0,A_G_PACKAGE_AVAILABLE,musique,f1,3,3,0.16613756613756614,2,1,0
A_G/P0 minus D/P0,A_G_PACKAGE_AVAILABLE,EQUAL_WEIGHT_16,em,5,5,0.0,0,5,0
A_G/P0 minus D/P0,A_G_PACKAGE_AVAILABLE,EQUAL_WEIGHT_16,f1,5,5,-0.027050264550264547,2,1,2
A_G/P0 minus L_G/P0,ALL16,hotpot,em,8,8,0.0,0,8,0
A_G/P0 minus L_G/P0,ALL16,hotpot,f1,8,8,-0.03125,0,7,1
A_G/P0 minus L_G/P0,ALL16,musique,em,8,8,0.0,0,8,0
A_G/P0 minus L_G/P0,ALL16,musique,f1,8,8,0.01785714285714286,1,7,0
A_G/P0 minus L_G/P0,ALL16,EQUAL_WEIGHT_16,em,16,16,0.0,0,16,0
A_G/P0 minus L_G/P0,ALL16,EQUAL_WEIGHT_16,f1,16,16,-0.00669642857142857,1,14,1
A_G/P0 minus L_G/P0,A_G_PACKAGE_AVAILABLE,hotpot,em,2,2,0.0,0,2,0
A_G/P0 minus L_G/P0,A_G_PACKAGE_AVAILABLE,hotpot,f1,2,2,-0.125,0,1,1
A_G/P0 minus L_G/P0,A_G_PACKAGE_AVAILABLE,musique,em,3,3,0.0,0,3,0
A_G/P0 minus L_G/P0,A_G_PACKAGE_AVAILABLE,musique,f1,3,3,0.04761904761904762,1,2,0
A_G/P0 minus L_G/P0,A_G_PACKAGE_AVAILABLE,EQUAL_WEIGHT_16,em,5,5,0.0,0,5,0
A_G/P0 minus L_G/P0,A_G_PACKAGE_AVAILABLE,EQUAL_WEIGHT_16,f1,5,5,-0.03869047619047619,1,3,1
R/P0 minus D/P0,ALL16,hotpot,em,8,8,0.125,1,7,0
R/P0 minus D/P0,ALL16,hotpot,f1,8,8,0.11715738971173753,5,2,1
R/P0 minus D/P0,ALL16,musique,em,8,8,0.0,0,8,0
R/P0 minus D/P0,ALL16,musique,f1,8,8,0.1135836385836386,3,5,0
R/P0 minus D/P0,ALL16,EQUAL_WEIGHT_16,em,16,16,0.0625,1,15,0
R/P0 minus D/P0,ALL16,EQUAL_WEIGHT_16,f1,16,16,0.11537051414768806,8,7,1
R/P0 minus D/P0,REFERENCE_COMPLETE,hotpot,em,8,8,0.125,1,7,0
R/P0 minus D/P0,REFERENCE_COMPLETE,hotpot,f1,8,8,0.11715738971173753,5,2,1
R/P0 minus D/P0,REFERENCE_COMPLETE,musique,em,8,8,0.0,0,8,0
R/P0 minus D/P0,REFERENCE_COMPLETE,musique,f1,8,8,0.1135836385836386,3,5,0
R/P0 minus D/P0,REFERENCE_COMPLETE,EQUAL_WEIGHT_16,em,16,16,0.0625,1,15,0
R/P0 minus D/P0,REFERENCE_COMPLETE,EQUAL_WEIGHT_16,f1,16,16,0.11537051414768806,8,7,1
A_G/P0 minus A_F/P0,ALL16,hotpot,em,8,8,0.0,0,8,0
A_G/P0 minus A_F/P0,ALL16,hotpot,f1,8,8,0.0,0,8,0
A_G/P0 minus A_F/P0,ALL16,musique,em,8,8,0.0,0,8,0
A_G/P0 minus A_F/P0,ALL16,musique,f1,8,8,0.0,0,8,0
A_G/P0 minus A_F/P0,ALL16,EQUAL_WEIGHT_16,em,16,16,0.0,0,16,0
A_G/P0 minus A_F/P0,ALL16,EQUAL_WEIGHT_16,f1,16,16,0.0,0,16,0
A_G/P0 minus A_F/P0,A_G_PACKAGE_AVAILABLE,hotpot,em,2,2,0.0,0,2,0
A_G/P0 minus A_F/P0,A_G_PACKAGE_AVAILABLE,hotpot,f1,2,2,0.0,0,2,0
A_G/P0 minus A_F/P0,A_G_PACKAGE_AVAILABLE,musique,em,3,3,0.0,0,3,0
A_G/P0 minus A_F/P0,A_G_PACKAGE_AVAILABLE,musique,f1,3,3,0.0,0,3,0
A_G/P0 minus A_F/P0,A_G_PACKAGE_AVAILABLE,EQUAL_WEIGHT_16,em,5,5,0.0,0,5,0
A_G/P0 minus A_F/P0,A_G_PACKAGE_AVAILABLE,EQUAL_WEIGHT_16,f1,5,5,0.0,0,5,0
A_G/P0 minus A_K/P0,ALL16,hotpot,em,8,8,0.0,0,8,0
A_G/P0 minus A_K/P0,ALL16,hotpot,f1,8,8,0.0,0,8,0
A_G/P0 minus A_K/P0,ALL16,musique,em,8,8,0.0,0,8,0
A_G/P0 minus A_K/P0,ALL16,musique,f1,8,8,0.0,0,8,0
A_G/P0 minus A_K/P0,ALL16,EQUAL_WEIGHT_16,em,16,16,0.0,0,16,0
A_G/P0 minus A_K/P0,ALL16,EQUAL_WEIGHT_16,f1,16,16,0.0,0,16,0
A_G/P0 minus A_K/P0,A_G_PACKAGE_AVAILABLE,hotpot,em,2,2,0.0,0,2,0
A_G/P0 minus A_K/P0,A_G_PACKAGE_AVAILABLE,hotpot,f1,2,2,0.0,0,2,0
A_G/P0 minus A_K/P0,A_G_PACKAGE_AVAILABLE,musique,em,3,3,0.0,0,3,0
A_G/P0 minus A_K/P0,A_G_PACKAGE_AVAILABLE,musique,f1,3,3,0.0,0,3,0
A_G/P0 minus A_K/P0,A_G_PACKAGE_AVAILABLE,EQUAL_WEIGHT_16,em,5,5,0.0,0,5,0
A_G/P0 minus A_K/P0,A_G_PACKAGE_AVAILABLE,EQUAL_WEIGHT_16,f1,5,5,0.0,0,5,0
A_F/P0 minus L_F/P0,ALL16,hotpot,em,8,8,0.0,0,8,0
A_F/P0 minus L_F/P0,ALL16,hotpot,f1,8,8,-0.03125,0,7,1
A_F/P0 minus L_F/P0,ALL16,musique,em,8,8,0.0,0,8,0
A_F/P0 minus L_F/P0,ALL16,musique,f1,8,8,0.01785714285714286,1,7,0
A_F/P0 minus L_F/P0,ALL16,EQUAL_WEIGHT_16,em,16,16,0.0,0,16,0
A_F/P0 minus L_F/P0,ALL16,EQUAL_WEIGHT_16,f1,16,16,-0.00669642857142857,1,14,1
A_K/P0 minus L_K/P0,ALL16,hotpot,em,8,8,0.0,0,8,0
A_K/P0 minus L_K/P0,ALL16,hotpot,f1,8,8,-0.03125,0,7,1
A_K/P0 minus L_K/P0,ALL16,musique,em,8,8,0.0,0,8,0
A_K/P0 minus L_K/P0,ALL16,musique,f1,8,8,0.01785714285714286,1,7,0
A_K/P0 minus L_K/P0,ALL16,EQUAL_WEIGHT_16,em,16,16,0.0,0,16,0
A_K/P0 minus L_K/P0,ALL16,EQUAL_WEIGHT_16,f1,16,16,-0.00669642857142857,1,14,1
A_G/P1 minus D/P1,ALL16,hotpot,em,8,8,0.0,0,8,0
A_G/P1 minus D/P1,ALL16,hotpot,f1,8,8,-0.04047619047619048,0,6,2
A_G/P1 minus D/P1,ALL16,musique,em,8,8,0.0,0,8,0
A_G/P1 minus D/P1,ALL16,musique,f1,8,8,0.040315771698750426,2,6,0
A_G/P1 minus D/P1,ALL16,EQUAL_WEIGHT_16,em,16,16,0.0,0,16,0
A_G/P1 minus D/P1,ALL16,EQUAL_WEIGHT_16,f1,16,16,-8.020938872002614e-05,2,12,2
A_G/P1 minus D/P1,A_G_PACKAGE_AVAILABLE,hotpot,em,2,2,0.0,0,2,0
A_G/P1 minus D/P1,A_G_PACKAGE_AVAILABLE,hotpot,f1,2,2,-0.1619047619047619,0,0,2
A_G/P1 minus D/P1,A_G_PACKAGE_AVAILABLE,musique,em,3,3,0.0,0,3,0
A_G/P1 minus D/P1,A_G_PACKAGE_AVAILABLE,musique,f1,3,3,0.10750872453000113,2,1,0
A_G/P1 minus D/P1,A_G_PACKAGE_AVAILABLE,EQUAL_WEIGHT_16,em,5,5,0.0,0,5,0
A_G/P1 minus D/P1,A_G_PACKAGE_AVAILABLE,EQUAL_WEIGHT_16,f1,5,5,-0.027198018687380393,2,1,2
A_G/P1 minus L_G/P1,ALL16,hotpot,em,8,8,0.0,0,8,0
A_G/P1 minus L_G/P1,ALL16,hotpot,f1,8,8,-0.020833333333333336,0,7,1
A_G/P1 minus L_G/P1,ALL16,musique,em,8,8,0.0,0,8,0
A_G/P1 minus L_G/P1,ALL16,musique,f1,8,8,0.01785714285714286,1,7,0
A_G/P1 minus L_G/P1,ALL16,EQUAL_WEIGHT_16,em,16,16,0.0,0,16,0
A_G/P1 minus L_G/P1,ALL16,EQUAL_WEIGHT_16,f1,16,16,-0.001488095238095238,1,14,1
A_G/P1 minus L_G/P1,A_G_PACKAGE_AVAILABLE,hotpot,em,2,2,0.0,0,2,0
A_G/P1 minus L_G/P1,A_G_PACKAGE_AVAILABLE,hotpot,f1,2,2,-0.08333333333333334,0,1,1
A_G/P1 minus L_G/P1,A_G_PACKAGE_AVAILABLE,musique,em,3,3,0.0,0,3,0
A_G/P1 minus L_G/P1,A_G_PACKAGE_AVAILABLE,musique,f1,3,3,0.04761904761904762,1,2,0
A_G/P1 minus L_G/P1,A_G_PACKAGE_AVAILABLE,EQUAL_WEIGHT_16,em,5,5,0.0,0,5,0
A_G/P1 minus L_G/P1,A_G_PACKAGE_AVAILABLE,EQUAL_WEIGHT_16,f1,5,5,-0.01785714285714286,1,3,1
R/P1 minus D/P1,ALL16,hotpot,em,8,8,0.125,1,7,0
R/P1 minus D/P1,ALL16,hotpot,f1,8,8,0.13645595793912874,7,1,0
R/P1 minus D/P1,ALL16,musique,em,8,8,0.0,0,8,0
R/P1 minus D/P1,ALL16,musique,f1,8,8,0.11462548370511765,4,4,0
R/P1 minus D/P1,ALL16,EQUAL_WEIGHT_16,em,16,16,0.0625,1,15,0
R/P1 minus D/P1,ALL16,EQUAL_WEIGHT_16,f1,16,16,0.1255407208221232,11,5,0
R/P1 minus D/P1,REFERENCE_COMPLETE,hotpot,em,8,8,0.125,1,7,0
R/P1 minus D/P1,REFERENCE_COMPLETE,hotpot,f1,8,8,0.13645595793912874,7,1,0
R/P1 minus D/P1,REFERENCE_COMPLETE,musique,em,8,8,0.0,0,8,0
R/P1 minus D/P1,REFERENCE_COMPLETE,musique,f1,8,8,0.11462548370511765,4,4,0
R/P1 minus D/P1,REFERENCE_COMPLETE,EQUAL_WEIGHT_16,em,16,16,0.0625,1,15,0
R/P1 minus D/P1,REFERENCE_COMPLETE,EQUAL_WEIGHT_16,f1,16,16,0.1255407208221232,11,5,0
A_G/P1 minus A_F/P1,ALL16,hotpot,em,8,8,0.0,0,8,0
A_G/P1 minus A_F/P1,ALL16,hotpot,f1,8,8,0.0,0,8,0
A_G/P1 minus A_F/P1,ALL16,musique,em,8,8,0.0,0,8,0
A_G/P1 minus A_F/P1,ALL16,musique,f1,8,8,0.0,0,8,0
A_G/P1 minus A_F/P1,ALL16,EQUAL_WEIGHT_16,em,16,16,0.0,0,16,0
A_G/P1 minus A_F/P1,ALL16,EQUAL_WEIGHT_16,f1,16,16,0.0,0,16,0
A_G/P1 minus A_F/P1,A_G_PACKAGE_AVAILABLE,hotpot,em,2,2,0.0,0,2,0
A_G/P1 minus A_F/P1,A_G_PACKAGE_AVAILABLE,hotpot,f1,2,2,0.0,0,2,0
A_G/P1 minus A_F/P1,A_G_PACKAGE_AVAILABLE,musique,em,3,3,0.0,0,3,0
A_G/P1 minus A_F/P1,A_G_PACKAGE_AVAILABLE,musique,f1,3,3,0.0,0,3,0
A_G/P1 minus A_F/P1,A_G_PACKAGE_AVAILABLE,EQUAL_WEIGHT_16,em,5,5,0.0,0,5,0
A_G/P1 minus A_F/P1,A_G_PACKAGE_AVAILABLE,EQUAL_WEIGHT_16,f1,5,5,0.0,0,5,0
A_G/P1 minus A_K/P1,ALL16,hotpot,em,8,8,0.0,0,8,0
A_G/P1 minus A_K/P1,ALL16,hotpot,f1,8,8,0.0,0,8,0
A_G/P1 minus A_K/P1,ALL16,musique,em,8,8,0.0,0,8,0
A_G/P1 minus A_K/P1,ALL16,musique,f1,8,8,0.0,0,8,0
A_G/P1 minus A_K/P1,ALL16,EQUAL_WEIGHT_16,em,16,16,0.0,0,16,0
A_G/P1 minus A_K/P1,ALL16,EQUAL_WEIGHT_16,f1,16,16,0.0,0,16,0
A_G/P1 minus A_K/P1,A_G_PACKAGE_AVAILABLE,hotpot,em,2,2,0.0,0,2,0
A_G/P1 minus A_K/P1,A_G_PACKAGE_AVAILABLE,hotpot,f1,2,2,0.0,0,2,0
A_G/P1 minus A_K/P1,A_G_PACKAGE_AVAILABLE,musique,em,3,3,0.0,0,3,0
A_G/P1 minus A_K/P1,A_G_PACKAGE_AVAILABLE,musique,f1,3,3,0.0,0,3,0
A_G/P1 minus A_K/P1,A_G_PACKAGE_AVAILABLE,EQUAL_WEIGHT_16,em,5,5,0.0,0,5,0
A_G/P1 minus A_K/P1,A_G_PACKAGE_AVAILABLE,EQUAL_WEIGHT_16,f1,5,5,0.0,0,5,0
A_F/P1 minus L_F/P1,ALL16,hotpot,em,8,8,0.0,0,8,0
A_F/P1 minus L_F/P1,ALL16,hotpot,f1,8,8,-0.020833333333333336,0,7,1
A_F/P1 minus L_F/P1,ALL16,musique,em,8,8,0.0,0,8,0
A_F/P1 minus L_F/P1,ALL16,musique,f1,8,8,0.01785714285714286,1,7,0
A_F/P1 minus L_F/P1,ALL16,EQUAL_WEIGHT_16,em,16,16,0.0,0,16,0
A_F/P1 minus L_F/P1,ALL16,EQUAL_WEIGHT_16,f1,16,16,-0.001488095238095238,1,14,1
A_K/P1 minus L_K/P1,ALL16,hotpot,em,8,8,0.0,0,8,0
A_K/P1 minus L_K/P1,ALL16,hotpot,f1,8,8,-0.020833333333333336,0,7,1
A_K/P1 minus L_K/P1,ALL16,musique,em,8,8,0.0,0,8,0
A_K/P1 minus L_K/P1,ALL16,musique,f1,8,8,0.01785714285714286,1,7,0
A_K/P1 minus L_K/P1,ALL16,EQUAL_WEIGHT_16,em,16,16,0.0,0,16,0
A_K/P1 minus L_K/P1,ALL16,EQUAL_WEIGHT_16,f1,16,16,-0.001488095238095238,1,14,1
A_G/P2 minus D/P2,ALL16,hotpot,em,8,8,-0.125,0,7,1
A_G/P2 minus D/P2,ALL16,hotpot,f1,8,8,-0.125,0,7,1
A_G/P2 minus D/P2,ALL16,musique,em,8,8,0.125,1,7,0
A_G/P2 minus D/P2,ALL16,musique,f1,8,8,0.125,1,7,0
A_G/P2 minus D/P2,ALL16,EQUAL_WEIGHT_16,em,16,16,0.0,1,14,1
A_G/P2 minus D/P2,ALL16,EQUAL_WEIGHT_16,f1,16,16,0.0,1,14,1
A_G/P2 minus D/P2,A_G_PACKAGE_AVAILABLE,hotpot,em,2,2,-0.5,0,1,1
A_G/P2 minus D/P2,A_G_PACKAGE_AVAILABLE,hotpot,f1,2,2,-0.5,0,1,1
A_G/P2 minus D/P2,A_G_PACKAGE_AVAILABLE,musique,em,3,3,0.3333333333333333,1,2,0
A_G/P2 minus D/P2,A_G_PACKAGE_AVAILABLE,musique,f1,3,3,0.3333333333333333,1,2,0
A_G/P2 minus D/P2,A_G_PACKAGE_AVAILABLE,EQUAL_WEIGHT_16,em,5,5,-0.08333333333333334,1,3,1
A_G/P2 minus D/P2,A_G_PACKAGE_AVAILABLE,EQUAL_WEIGHT_16,f1,5,5,-0.08333333333333334,1,3,1
A_G/P2 minus L_G/P2,ALL16,hotpot,em,8,8,-0.125,0,7,1
A_G/P2 minus L_G/P2,ALL16,hotpot,f1,8,8,-0.125,0,7,1
A_G/P2 minus L_G/P2,ALL16,musique,em,8,8,0.125,1,7,0
A_G/P2 minus L_G/P2,ALL16,musique,f1,8,8,0.125,1,7,0
A_G/P2 minus L_G/P2,ALL16,EQUAL_WEIGHT_16,em,16,16,0.0,1,14,1
A_G/P2 minus L_G/P2,ALL16,EQUAL_WEIGHT_16,f1,16,16,0.0,1,14,1
A_G/P2 minus L_G/P2,A_G_PACKAGE_AVAILABLE,hotpot,em,2,2,-0.5,0,1,1
A_G/P2 minus L_G/P2,A_G_PACKAGE_AVAILABLE,hotpot,f1,2,2,-0.5,0,1,1
A_G/P2 minus L_G/P2,A_G_PACKAGE_AVAILABLE,musique,em,3,3,0.3333333333333333,1,2,0
A_G/P2 minus L_G/P2,A_G_PACKAGE_AVAILABLE,musique,f1,3,3,0.3333333333333333,1,2,0
A_G/P2 minus L_G/P2,A_G_PACKAGE_AVAILABLE,EQUAL_WEIGHT_16,em,5,5,-0.08333333333333334,1,3,1
A_G/P2 minus L_G/P2,A_G_PACKAGE_AVAILABLE,EQUAL_WEIGHT_16,f1,5,5,-0.08333333333333334,1,3,1
R/P2 minus D/P2,ALL16,hotpot,em,8,8,0.0,1,6,1
R/P2 minus D/P2,ALL16,hotpot,f1,8,8,0.08333333333333333,1,6,1
R/P2 minus D/P2,ALL16,musique,em,8,8,0.125,1,7,0
R/P2 minus D/P2,ALL16,musique,f1,8,8,0.125,1,7,0
R/P2 minus D/P2,ALL16,EQUAL_WEIGHT_16,em,16,16,0.0625,2,13,1
R/P2 minus D/P2,ALL16,EQUAL_WEIGHT_16,f1,16,16,0.10416666666666666,2,13,1
R/P2 minus D/P2,REFERENCE_COMPLETE,hotpot,em,8,8,0.0,1,6,1
R/P2 minus D/P2,REFERENCE_COMPLETE,hotpot,f1,8,8,0.08333333333333333,1,6,1
R/P2 minus D/P2,REFERENCE_COMPLETE,musique,em,8,8,0.125,1,7,0
R/P2 minus D/P2,REFERENCE_COMPLETE,musique,f1,8,8,0.125,1,7,0
R/P2 minus D/P2,REFERENCE_COMPLETE,EQUAL_WEIGHT_16,em,16,16,0.0625,2,13,1
R/P2 minus D/P2,REFERENCE_COMPLETE,EQUAL_WEIGHT_16,f1,16,16,0.10416666666666666,2,13,1
A_G/P2 minus A_F/P2,ALL16,hotpot,em,8,8,0.0,0,8,0
A_G/P2 minus A_F/P2,ALL16,hotpot,f1,8,8,0.0,0,8,0
A_G/P2 minus A_F/P2,ALL16,musique,em,8,8,0.0,0,8,0
A_G/P2 minus A_F/P2,ALL16,musique,f1,8,8,0.0,0,8,0
A_G/P2 minus A_F/P2,ALL16,EQUAL_WEIGHT_16,em,16,16,0.0,0,16,0
A_G/P2 minus A_F/P2,ALL16,EQUAL_WEIGHT_16,f1,16,16,0.0,0,16,0
A_G/P2 minus A_F/P2,A_G_PACKAGE_AVAILABLE,hotpot,em,2,2,0.0,0,2,0
A_G/P2 minus A_F/P2,A_G_PACKAGE_AVAILABLE,hotpot,f1,2,2,0.0,0,2,0
A_G/P2 minus A_F/P2,A_G_PACKAGE_AVAILABLE,musique,em,3,3,0.0,0,3,0
A_G/P2 minus A_F/P2,A_G_PACKAGE_AVAILABLE,musique,f1,3,3,0.0,0,3,0
A_G/P2 minus A_F/P2,A_G_PACKAGE_AVAILABLE,EQUAL_WEIGHT_16,em,5,5,0.0,0,5,0
A_G/P2 minus A_F/P2,A_G_PACKAGE_AVAILABLE,EQUAL_WEIGHT_16,f1,5,5,0.0,0,5,0
A_G/P2 minus A_K/P2,ALL16,hotpot,em,8,8,0.0,0,8,0
A_G/P2 minus A_K/P2,ALL16,hotpot,f1,8,8,0.0,0,8,0
A_G/P2 minus A_K/P2,ALL16,musique,em,8,8,0.0,0,8,0
A_G/P2 minus A_K/P2,ALL16,musique,f1,8,8,0.0,0,8,0
A_G/P2 minus A_K/P2,ALL16,EQUAL_WEIGHT_16,em,16,16,0.0,0,16,0
A_G/P2 minus A_K/P2,ALL16,EQUAL_WEIGHT_16,f1,16,16,0.0,0,16,0
A_G/P2 minus A_K/P2,A_G_PACKAGE_AVAILABLE,hotpot,em,2,2,0.0,0,2,0
A_G/P2 minus A_K/P2,A_G_PACKAGE_AVAILABLE,hotpot,f1,2,2,0.0,0,2,0
A_G/P2 minus A_K/P2,A_G_PACKAGE_AVAILABLE,musique,em,3,3,0.0,0,3,0
A_G/P2 minus A_K/P2,A_G_PACKAGE_AVAILABLE,musique,f1,3,3,0.0,0,3,0
A_G/P2 minus A_K/P2,A_G_PACKAGE_AVAILABLE,EQUAL_WEIGHT_16,em,5,5,0.0,0,5,0
A_G/P2 minus A_K/P2,A_G_PACKAGE_AVAILABLE,EQUAL_WEIGHT_16,f1,5,5,0.0,0,5,0
A_F/P2 minus L_F/P2,ALL16,hotpot,em,8,8,-0.125,0,7,1
A_F/P2 minus L_F/P2,ALL16,hotpot,f1,8,8,-0.125,0,7,1
A_F/P2 minus L_F/P2,ALL16,musique,em,8,8,0.125,1,7,0
A_F/P2 minus L_F/P2,ALL16,musique,f1,8,8,0.125,1,7,0
A_F/P2 minus L_F/P2,ALL16,EQUAL_WEIGHT_16,em,16,16,0.0,1,14,1
A_F/P2 minus L_F/P2,ALL16,EQUAL_WEIGHT_16,f1,16,16,0.0,1,14,1
A_K/P2 minus L_K/P2,ALL16,hotpot,em,8,8,-0.125,0,7,1
A_K/P2 minus L_K/P2,ALL16,hotpot,f1,8,8,-0.125,0,7,1
A_K/P2 minus L_K/P2,ALL16,musique,em,8,8,0.125,1,7,0
A_K/P2 minus L_K/P2,ALL16,musique,f1,8,8,0.125,1,7,0
A_K/P2 minus L_K/P2,ALL16,EQUAL_WEIGHT_16,em,16,16,0.0,1,14,1
A_K/P2 minus L_K/P2,ALL16,EQUAL_WEIGHT_16,f1,16,16,0.0,1,14,1
D/P1 minus D/P0,ALL16,hotpot,em,8,8,0.0,0,8,0
D/P1 minus D/P0,ALL16,hotpot,f1,8,8,-0.020254008237685733,1,4,3
D/P1 minus D/P0,ALL16,musique,em,8,8,0.0,0,8,0
D/P1 minus D/P0,ALL16,musique,f1,8,8,0.001064751239149563,2,5,1
D/P1 minus D/P0,ALL16,EQUAL_WEIGHT_16,em,16,16,0.0,0,16,0
D/P1 minus D/P0,ALL16,EQUAL_WEIGHT_16,f1,16,16,-0.009594628499268084,3,9,4
D/P2 minus D/P1,ALL16,hotpot,em,8,8,0.625,5,3,0
D/P2 minus D/P1,ALL16,hotpot,f1,8,8,0.5262312737258208,5,2,1
D/P2 minus D/P1,ALL16,musique,em,8,8,0.25,2,6,0
D/P2 minus D/P1,ALL16,musique,f1,8,8,0.3087643085899103,3,4,1
D/P2 minus D/P1,ALL16,EQUAL_WEIGHT_16,em,16,16,0.4375,7,9,0
D/P2 minus D/P1,ALL16,EQUAL_WEIGHT_16,f1,16,16,0.41749779115786556,8,6,2
A_G/P1 minus A_G/P0,ALL16,hotpot,em,8,8,0.0,0,8,0
A_G/P1 minus A_G/P0,ALL16,hotpot,f1,8,8,-0.005670674904352398,1,5,2
A_G/P1 minus A_G/P0,ALL16,musique,em,8,8,0.0,0,8,0
A_G/P1 minus A_G/P0,ALL16,musique,f1,8,8,-0.02092106436368732,2,5,1
A_G/P1 minus A_G/P0,ALL16,EQUAL_WEIGHT_16,em,16,16,0.0,0,16,0
A_G/P1 minus A_G/P0,ALL16,EQUAL_WEIGHT_16,f1,16,16,-0.01329586963401986,3,10,3
A_G/P1 minus A_G/P0,A_G_PACKAGE_AVAILABLE,hotpot,em,2,2,0.0,0,2,0
A_G/P1 minus A_G/P0,A_G_PACKAGE_AVAILABLE,hotpot,f1,2,2,0.0,0,2,0
A_G/P1 minus A_G/P0,A_G_PACKAGE_AVAILABLE,musique,em,3,3,0.0,0,3,0
A_G/P1 minus A_G/P0,A_G_PACKAGE_AVAILABLE,musique,f1,3,3,-0.08148148148148149,0,2,1
A_G/P1 minus A_G/P0,A_G_PACKAGE_AVAILABLE,EQUAL_WEIGHT_16,em,5,5,0.0,0,5,0
A_G/P1 minus A_G/P0,A_G_PACKAGE_AVAILABLE,EQUAL_WEIGHT_16,f1,5,5,-0.040740740740740744,0,4,1
A_G/P2 minus A_G/P1,ALL16,hotpot,em,8,8,0.5,4,4,0
A_G/P2 minus A_G/P1,ALL16,hotpot,f1,8,8,0.44170746420201124,4,4,0
A_G/P2 minus A_G/P1,ALL16,musique,em,8,8,0.375,3,5,0
A_G/P2 minus A_G/P1,ALL16,musique,f1,8,8,0.39344853689115983,4,3,1
A_G/P2 minus A_G/P1,ALL16,EQUAL_WEIGHT_16,em,16,16,0.4375,7,9,0
A_G/P2 minus A_G/P1,ALL16,EQUAL_WEIGHT_16,f1,16,16,0.41757800054658556,8,7,1
A_G/P2 minus A_G/P1,A_G_PACKAGE_AVAILABLE,hotpot,em,2,2,0.0,0,2,0
A_G/P2 minus A_G/P1,A_G_PACKAGE_AVAILABLE,hotpot,f1,2,2,0.0,0,2,0
A_G/P2 minus A_G/P1,A_G_PACKAGE_AVAILABLE,musique,em,3,3,0.3333333333333333,1,2,0
A_G/P2 minus A_G/P1,A_G_PACKAGE_AVAILABLE,musique,f1,3,3,0.21164021164021163,1,1,1
A_G/P2 minus A_G/P1,A_G_PACKAGE_AVAILABLE,EQUAL_WEIGHT_16,em,5,5,0.16666666666666666,1,4,0
A_G/P2 minus A_G/P1,A_G_PACKAGE_AVAILABLE,EQUAL_WEIGHT_16,f1,5,5,0.10582010582010581,1,3,1
L_G/P1 minus L_G/P0,ALL16,hotpot,em,8,8,0.0,0,8,0
L_G/P1 minus L_G/P0,ALL16,hotpot,f1,8,8,-0.016087341571019063,1,4,3
L_G/P1 minus L_G/P0,ALL16,musique,em,8,8,0.0,0,8,0
L_G/P1 minus L_G/P0,ALL16,musique,f1,8,8,-0.02092106436368732,2,5,1
L_G/P1 minus L_G/P0,ALL16,EQUAL_WEIGHT_16,em,16,16,0.0,0,16,0
L_G/P1 minus L_G/P0,ALL16,EQUAL_WEIGHT_16,f1,16,16,-0.01850420296735319,3,9,4
L_G/P2 minus L_G/P1,ALL16,hotpot,em,8,8,0.625,5,3,0
L_G/P2 minus L_G/P1,ALL16,hotpot,f1,8,8,0.5458741308686779,5,3,0
L_G/P2 minus L_G/P1,ALL16,musique,em,8,8,0.25,2,6,0
L_G/P2 minus L_G/P1,ALL16,musique,f1,8,8,0.2863056797483027,3,4,1
L_G/P2 minus L_G/P1,ALL16,EQUAL_WEIGHT_16,em,16,16,0.4375,7,9,0
L_G/P2 minus L_G/P1,ALL16,EQUAL_WEIGHT_16,f1,16,16,0.41608990530849027,8,7,1
R/P1 minus R/P0,ALL16,hotpot,em,8,8,0.0,0,8,0
R/P1 minus R/P0,ALL16,hotpot,f1,8,8,-0.0009554400102945145,1,5,2
R/P1 minus R/P0,ALL16,musique,em,8,8,0.0,0,8,0
R/P1 minus R/P0,ALL16,musique,f1,8,8,0.0021065963606286178,1,6,1
R/P1 minus R/P0,ALL16,EQUAL_WEIGHT_16,em,16,16,0.0,0,16,0
R/P1 minus R/P0,ALL16,EQUAL_WEIGHT_16,f1,16,16,0.0005755781751670516,2,11,3
R/P1 minus R/P0,REFERENCE_COMPLETE,hotpot,em,8,8,0.0,0,8,0
R/P1 minus R/P0,REFERENCE_COMPLETE,hotpot,f1,8,8,-0.0009554400102945145,1,5,2
R/P1 minus R/P0,REFERENCE_COMPLETE,musique,em,8,8,0.0,0,8,0
R/P1 minus R/P0,REFERENCE_COMPLETE,musique,f1,8,8,0.0021065963606286178,1,6,1
R/P1 minus R/P0,REFERENCE_COMPLETE,EQUAL_WEIGHT_16,em,16,16,0.0,0,16,0
R/P1 minus R/P0,REFERENCE_COMPLETE,EQUAL_WEIGHT_16,f1,16,16,0.0005755781751670516,2,11,3
R/P2 minus R/P1,ALL16,hotpot,em,8,8,0.5,5,2,1
R/P2 minus R/P1,ALL16,hotpot,f1,8,8,0.47310864912002537,5,1,2
R/P2 minus R/P1,ALL16,musique,em,8,8,0.375,3,5,0
R/P2 minus R/P1,ALL16,musique,f1,8,8,0.3191388248847926,4,4,0
R/P2 minus R/P1,ALL16,EQUAL_WEIGHT_16,em,16,16,0.4375,8,7,1
R/P2 minus R/P1,ALL16,EQUAL_WEIGHT_16,f1,16,16,0.396123737002409,9,5,2
R/P2 minus R/P1,REFERENCE_COMPLETE,hotpot,em,8,8,0.5,5,2,1
R/P2 minus R/P1,REFERENCE_COMPLETE,hotpot,f1,8,8,0.47310864912002537,5,1,2
R/P2 minus R/P1,REFERENCE_COMPLETE,musique,em,8,8,0.375,3,5,0
R/P2 minus R/P1,REFERENCE_COMPLETE,musique,f1,8,8,0.3191388248847926,4,4,0
R/P2 minus R/P1,REFERENCE_COMPLETE,EQUAL_WEIGHT_16,em,16,16,0.4375,8,7,1
R/P2 minus R/P1,REFERENCE_COMPLETE,EQUAL_WEIGHT_16,f1,16,16,0.396123737002409,9,5,2
A_F/P1 minus A_F/P0,ALL16,hotpot,em,8,8,0.0,0,8,0
A_F/P1 minus A_F/P0,ALL16,hotpot,f1,8,8,-0.005670674904352398,1,5,2
A_F/P1 minus A_F/P0,ALL16,musique,em,8,8,0.0,0,8,0
A_F/P1 minus A_F/P0,ALL16,musique,f1,8,8,-0.02092106436368732,2,5,1
A_F/P1 minus A_F/P0,ALL16,EQUAL_WEIGHT_16,em,16,16,0.0,0,16,0
A_F/P1 minus A_F/P0,ALL16,EQUAL_WEIGHT_16,f1,16,16,-0.01329586963401986,3,10,3
A_F/P2 minus A_F/P1,ALL16,hotpot,em,8,8,0.5,4,4,0
A_F/P2 minus A_F/P1,ALL16,hotpot,f1,8,8,0.44170746420201124,4,4,0
A_F/P2 minus A_F/P1,ALL16,musique,em,8,8,0.375,3,5,0
A_F/P2 minus A_F/P1,ALL16,musique,f1,8,8,0.39344853689115983,4,3,1
A_F/P2 minus A_F/P1,ALL16,EQUAL_WEIGHT_16,em,16,16,0.4375,7,9,0
A_F/P2 minus A_F/P1,ALL16,EQUAL_WEIGHT_16,f1,16,16,0.41757800054658556,8,7,1
L_F/P1 minus L_F/P0,ALL16,hotpot,em,8,8,0.0,0,8,0
L_F/P1 minus L_F/P0,ALL16,hotpot,f1,8,8,-0.016087341571019063,1,4,3
L_F/P1 minus L_F/P0,ALL16,musique,em,8,8,0.0,0,8,0
L_F/P1 minus L_F/P0,ALL16,musique,f1,8,8,-0.02092106436368732,2,5,1
L_F/P1 minus L_F/P0,ALL16,EQUAL_WEIGHT_16,em,16,16,0.0,0,16,0
L_F/P1 minus L_F/P0,ALL16,EQUAL_WEIGHT_16,f1,16,16,-0.01850420296735319,3,9,4
L_F/P2 minus L_F/P1,ALL16,hotpot,em,8,8,0.625,5,3,0
L_F/P2 minus L_F/P1,ALL16,hotpot,f1,8,8,0.5458741308686779,5,3,0
L_F/P2 minus L_F/P1,ALL16,musique,em,8,8,0.25,2,6,0
L_F/P2 minus L_F/P1,ALL16,musique,f1,8,8,0.2863056797483027,3,4,1
L_F/P2 minus L_F/P1,ALL16,EQUAL_WEIGHT_16,em,16,16,0.4375,7,9,0
L_F/P2 minus L_F/P1,ALL16,EQUAL_WEIGHT_16,f1,16,16,0.41608990530849027,8,7,1
A_K/P1 minus A_K/P0,ALL16,hotpot,em,8,8,0.0,0,8,0
A_K/P1 minus A_K/P0,ALL16,hotpot,f1,8,8,-0.005670674904352398,1,5,2
A_K/P1 minus A_K/P0,ALL16,musique,em,8,8,0.0,0,8,0
A_K/P1 minus A_K/P0,ALL16,musique,f1,8,8,-0.02092106436368732,2,5,1
A_K/P1 minus A_K/P0,ALL16,EQUAL_WEIGHT_16,em,16,16,0.0,0,16,0
A_K/P1 minus A_K/P0,ALL16,EQUAL_WEIGHT_16,f1,16,16,-0.01329586963401986,3,10,3
A_K/P2 minus A_K/P1,ALL16,hotpot,em,8,8,0.5,4,4,0
A_K/P2 minus A_K/P1,ALL16,hotpot,f1,8,8,0.44170746420201124,4,4,0
A_K/P2 minus A_K/P1,ALL16,musique,em,8,8,0.375,3,5,0
A_K/P2 minus A_K/P1,ALL16,musique,f1,8,8,0.39344853689115983,4,3,1
A_K/P2 minus A_K/P1,ALL16,EQUAL_WEIGHT_16,em,16,16,0.4375,7,9,0
A_K/P2 minus A_K/P1,ALL16,EQUAL_WEIGHT_16,f1,16,16,0.41757800054658556,8,7,1
L_K/P1 minus L_K/P0,ALL16,hotpot,em,8,8,0.0,0,8,0
L_K/P1 minus L_K/P0,ALL16,hotpot,f1,8,8,-0.016087341571019063,1,4,3
L_K/P1 minus L_K/P0,ALL16,musique,em,8,8,0.0,0,8,0
L_K/P1 minus L_K/P0,ALL16,musique,f1,8,8,-0.02092106436368732,2,5,1
L_K/P1 minus L_K/P0,ALL16,EQUAL_WEIGHT_16,em,16,16,0.0,0,16,0
L_K/P1 minus L_K/P0,ALL16,EQUAL_WEIGHT_16,f1,16,16,-0.01850420296735319,3,9,4
L_K/P2 minus L_K/P1,ALL16,hotpot,em,8,8,0.625,5,3,0
L_K/P2 minus L_K/P1,ALL16,hotpot,f1,8,8,0.5458741308686779,5,3,0
L_K/P2 minus L_K/P1,ALL16,musique,em,8,8,0.25,2,6,0
L_K/P2 minus L_K/P1,ALL16,musique,f1,8,8,0.2863056797483027,3,4,1
L_K/P2 minus L_K/P1,ALL16,EQUAL_WEIGHT_16,em,16,16,0.4375,7,9,0
L_K/P2 minus L_K/P1,ALL16,EQUAL_WEIGHT_16,f1,16,16,0.41608990530849027,8,7,1
(A_G-D)/P2 minus (A_G-D)/P1,ALL16,hotpot,em,8,8,-0.125,0,7,1
(A_G-D)/P2 minus (A_G-D)/P1,ALL16,hotpot,f1,8,8,-0.08452380952380953,1,6,1
(A_G-D)/P2 minus (A_G-D)/P1,ALL16,musique,em,8,8,0.125,1,7,0
(A_G-D)/P2 minus (A_G-D)/P1,ALL16,musique,f1,8,8,0.08468422830124957,1,6,1
(A_G-D)/P2 minus (A_G-D)/P1,ALL16,EQUAL_WEIGHT_16,em,16,16,0.0,1,14,1
(A_G-D)/P2 minus (A_G-D)/P1,ALL16,EQUAL_WEIGHT_16,f1,16,16,8.020938872002094e-05,2,12,2
