stage,actual_calls,input_tokens,output_tokens,generation_seconds
B_D0_scope,7,1911,495,48.78377789996739
B_D0_task_extract,8,3996,298,47.09526890001143
B_D0_task_verify_local_source,3,601,30,3.0512836999987485
B_D0_task_verify_local_support,3,730,6,0.7981800999987172
B_v30_verify,67,37441,5576,690.0284340999933
B_v31_verify_c1,3,1038,12,1.1540525000018533
B_v31_verify_local,67,28184,296,30.36277490000066
B_v32_verify_c1,3,1008,61,5.724527499987744
B_v32_verify_local,67,27514,1314,112.72641659995134
B_v33_verify_c1_contradiction,3,414,6,0.5637412000069162
B_v33_verify_c1_support,3,585,6,0.6146249000012176
B_v33_verify_local_contradiction,50,10896,100,10.486555399984354
B_v33_verify_local_source,17,3590,170,15.05039460005355
B_v33_verify_local_support,67,18067,134,15.53783800007659
C_reader_rerun,4,3964,68,6.2552252000023145
C_scope,8,2245,424,56.55856279998261
C_v35_task_extract,288,144965,10221,1619.4604566001362
C_v35_task_rerun_extract,32,15965,1219,168.4616508000181
C_v35_task_rerun_verify_local_contradiction,9,1762,18,1.9174782000045525
C_v35_task_rerun_verify_local_source,8,1986,80,7.321422999972128
C_v35_task_rerun_verify_local_support,17,4605,34,4.079296799987787
C_v35_task_verify_local_contradiction,28,6011,56,7.200659700029064
C_v35_task_verify_local_source,12,3073,120,13.37850449999678
C_v35_task_verify_local_support,40,11196,80,10.94753970009333
